accession	taxid	species_taxid	organism_name	refseq_category	assembly_level	genome_size	priority	attempt	reference_role	url	md5_url	Domain	Phylum	Class	Order	Family	Genus	Species	ncbi_md5	sha256	bytes	status	ASV_ID	marker_copies	genome_length	fasta
GCF_053592855.1	3680192	3680192	Bradyrhizobium sp. T-1	na	Complete Genome	9219452	reagent_contaminant	0	contaminant	https://ftp.ncbi.nlm.nih.gov/genomes/all/GCF/053/592/855/GCF_053592855.1_ASM5359285v1/GCF_053592855.1_ASM5359285v1_genomic.fna.gz	https://ftp.ncbi.nlm.nih.gov/genomes/all/GCF/053/592/855/GCF_053592855.1_ASM5359285v1/md5checksums.txt	Bacteria	Pseudomonadota	Alphaproteobacteria	Hyphomicrobiales	Nitrobacteraceae	Bradyrhizobium	Bradyrhizobium sp. T-1	1c6f1d8430941ebc9d19d2eb1d7cb3eb	3a29ef81361bc144dfe7c9d7606beee6aeb6284a2222fd143bd2967c0b576fec	2679978	eligible	ASV_afee1c8bd378a5f8	1	9219452	GCF_053592855.1.fna.gz
GCF_024925465.1	1310165	1310165	Ralstonia pseudosolanacearum	reference genome	Complete Genome	5690309	reagent_contaminant	0	contaminant	https://ftp.ncbi.nlm.nih.gov/genomes/all/GCF/024/925/465/GCF_024925465.1_ASM2492546v1/GCF_024925465.1_ASM2492546v1_genomic.fna.gz	https://ftp.ncbi.nlm.nih.gov/genomes/all/GCF/024/925/465/GCF_024925465.1_ASM2492546v1/md5checksums.txt	Bacteria	Pseudomonadota	Betaproteobacteria	Burkholderiales	Burkholderiaceae	Ralstonia	Ralstonia pseudosolanacearum	519e3c0033e036fab401855f2c94ce7f	b48f1e79b68923a0dc90e07218b9cf13cf5db2d46ae076e3cd67b66770719f65	1620529	eligible	ASV_08263a93f45fbdd6	4	5690309	GCF_024925465.1.fna.gz
GCF_002151445.1	1030157	1030157	Sphingomonas sp. KC8	na	Complete Genome	4123013	reagent_contaminant	0	contaminant	https://ftp.ncbi.nlm.nih.gov/genomes/all/GCF/002/151/445/GCF_002151445.1_ASM215144v1/GCF_002151445.1_ASM215144v1_genomic.fna.gz	https://ftp.ncbi.nlm.nih.gov/genomes/all/GCF/002/151/445/GCF_002151445.1_ASM215144v1/md5checksums.txt	Bacteria	Pseudomonadota	Alphaproteobacteria	Sphingomonadales	Sphingomonadaceae	Sphingomonas	Sphingomonas sp. KC8	48911ed6443b8eaa8bd4c683f9b5027e	40c315557bae3c9927c4ed427b4c10baaca225d37ed37ab5854437937f6daa8a	1185495	eligible	ASV_5f876c9c65117b65	2	4123013	GCF_002151445.1.fna.gz
GCF_049393815.1	3241603	3241603	Cupriavidus sp. H19C3	na	Complete Genome	7208790	airway_prioritized	0	biological	https://ftp.ncbi.nlm.nih.gov/genomes/all/GCF/049/393/815/GCF_049393815.1_ASM4939381v1/GCF_049393815.1_ASM4939381v1_genomic.fna.gz	https://ftp.ncbi.nlm.nih.gov/genomes/all/GCF/049/393/815/GCF_049393815.1_ASM4939381v1/md5checksums.txt	Bacteria	Pseudomonadota	Betaproteobacteria	Burkholderiales	Burkholderiaceae	Cupriavidus	Cupriavidus sp. H19C3	91e41c066039ddbdfeeee1161485a69e	ad9e28f62e2688467e0a11d431cb573c34a0aa8d6d981ded326d969c211176e5	2073041	eligible	ASV_7144c0dac5875671	4	7208790	GCF_049393815.1.fna.gz
GCF_002356195.1	1851395	1851395	Actinomyces sp. Chiba101	na	Complete Genome	2877864	airway_prioritized	0	biological	https://ftp.ncbi.nlm.nih.gov/genomes/all/GCF/002/356/195/GCF_002356195.1_ASM235619v1/GCF_002356195.1_ASM235619v1_genomic.fna.gz	https://ftp.ncbi.nlm.nih.gov/genomes/all/GCF/002/356/195/GCF_002356195.1_ASM235619v1/md5checksums.txt	Bacteria	Actinomycetota	Actinomycetes	Actinomycetales	Actinomycetaceae	Actinomyces	Actinomyces sp. Chiba101	9d977f9c1776495fd63de12436c676e9	c6af093173442607f6022fd53000f41adcf260f59ea9a67310b287808b88ae35	805917	eligible	ASV_7f8a6efa3af2f352	3	2877864	GCF_002356195.1.fna.gz
GCF_039830095.1	3110288	3110288	Dolosigranulum savutiense	reference genome	Complete Genome	1978477	airway_prioritized	0	biological	https://ftp.ncbi.nlm.nih.gov/genomes/all/GCF/039/830/095/GCF_039830095.1_ASM3983009v1/GCF_039830095.1_ASM3983009v1_genomic.fna.gz	https://ftp.ncbi.nlm.nih.gov/genomes/all/GCF/039/830/095/GCF_039830095.1_ASM3983009v1/md5checksums.txt	Bacteria	Bacillota	Bacilli	Lactobacillales	Carnobacteriaceae	Dolosigranulum	Dolosigranulum savutiense	70b1ae2448d8ea1f16eaae6dceafdb69	0efc01578a89ca84724ad80bcfd8f2fda1689fc8d595a7f9e77bdfff4c03b3fd	584600	eligible	ASV_8771d4034d235315	4	1978477	GCF_039830095.1.fna.gz
GCF_004008975.1	520	520	Bordetella pertussis	reference genome	Complete Genome	4088701	airway_prioritized	0	biological	https://ftp.ncbi.nlm.nih.gov/genomes/all/GCF/004/008/975/GCF_004008975.1_ASM400897v1/GCF_004008975.1_ASM400897v1_genomic.fna.gz	https://ftp.ncbi.nlm.nih.gov/genomes/all/GCF/004/008/975/GCF_004008975.1_ASM400897v1/md5checksums.txt	Bacteria	Pseudomonadota	Betaproteobacteria	Burkholderiales	Alcaligenaceae	Bordetella	Bordetella pertussis	cf8a662cb8557a27367189c75e195a41	1a5f98a086a968c4b7cfc268777c3227e88d28467d546f7cbd96f493be6048f7	1136034	eligible	ASV_84202e0c594d9c5f	3	4088701	GCF_004008975.1.fna.gz
GCF_046529745.1	3097368	3097368	Streptococcus sp. VEG1o	na	Complete Genome	2487423	airway_prioritized	0	biological	https://ftp.ncbi.nlm.nih.gov/genomes/all/GCF/046/529/745/GCF_046529745.1_ASM4652974v1/GCF_046529745.1_ASM4652974v1_genomic.fna.gz	https://ftp.ncbi.nlm.nih.gov/genomes/all/GCF/046/529/745/GCF_046529745.1_ASM4652974v1/md5checksums.txt	Bacteria	Bacillota	Bacilli	Lactobacillales	Streptococcaceae	Streptococcus	Streptococcus sp. VEG1o	b07a9aa4a23e6b9b07b2c6a096cf0d91	b4c6f0852681f06fa7da6c2bfc15c382234900faa56d1d3b1ae7b707612b6269	727370	eligible	ASV_846d8ee2109107d3	4	2487423	GCF_046529745.1.fna.gz
GCF_001513745.1	430531	430531	Burkholderia humptydooensis	reference genome	Complete Genome	7287809	airway_prioritized	0	biological	https://ftp.ncbi.nlm.nih.gov/genomes/all/GCF/001/513/745/GCF_001513745.1_ASM151374v1/GCF_001513745.1_ASM151374v1_genomic.fna.gz	https://ftp.ncbi.nlm.nih.gov/genomes/all/GCF/001/513/745/GCF_001513745.1_ASM151374v1/md5checksums.txt	Bacteria	Pseudomonadota	Betaproteobacteria	Burkholderiales	Burkholderiaceae	Burkholderia	Burkholderia humptydooensis	b967ba69b26d1175ccb82ca321b5c5aa	bb89ab3eaf36c6e2b9717500769d3b361c6895fa4314cf882e0edf3a489c0f35	2050070	eligible	ASV_3babf9f9b056b443	4	7287809	GCF_001513745.1.fna.gz
GCF_059381855.1	1583331	1583331	Porphyromonas pasteri	na	Complete Genome	2337894	airway_prioritized	0	biological	https://ftp.ncbi.nlm.nih.gov/genomes/all/GCF/059/381/855/GCF_059381855.1_ASM5938185v1/GCF_059381855.1_ASM5938185v1_genomic.fna.gz	https://ftp.ncbi.nlm.nih.gov/genomes/all/GCF/059/381/855/GCF_059381855.1_ASM5938185v1/md5checksums.txt	Bacteria	Bacteroidota	Bacteroidia	Bacteroidales	Porphyromonadaceae	Porphyromonas	Porphyromonas pasteri	d02af153930063dd830c7c577babc7c5	18c5dc0b5a87ed31b731c2ea99dbbe0ef0b67f98702e8a3cacf716822212689a	689585	eligible	ASV_efd36d244090a29f	4	2337894	GCF_059381855.1.fna.gz
GCF_045277125.1	2997793	2997793	Campylobacter sp. CFSAN122748	na	Complete Genome	1762188	airway_prioritized	0	biological	https://ftp.ncbi.nlm.nih.gov/genomes/all/GCF/045/277/125/GCF_045277125.1_ASM4527712v1/GCF_045277125.1_ASM4527712v1_genomic.fna.gz	https://ftp.ncbi.nlm.nih.gov/genomes/all/GCF/045/277/125/GCF_045277125.1_ASM4527712v1/md5checksums.txt	Bacteria	Campylobacterota	Epsilonproteobacteria	Campylobacterales	Campylobacteraceae	Campylobacter	Campylobacter sp. CFSAN122748	e6757c9eb301b27058b3a08eacd6d1e1	2684d338fc156f278b9d9ea97aaa317a615997cd9a813922f3785663fbe45b22	499096	eligible	ASV_aa8476aa39813ff2	3	1762188	GCF_045277125.1.fna.gz
GCF_059759495.1	3730635	3730635	Achromobacter sp. EG1	na	Complete Genome	6388319	airway_prioritized	0	biological	https://ftp.ncbi.nlm.nih.gov/genomes/all/GCF/059/759/495/GCF_059759495.1_ASM5975949v1/GCF_059759495.1_ASM5975949v1_genomic.fna.gz	https://ftp.ncbi.nlm.nih.gov/genomes/all/GCF/059/759/495/GCF_059759495.1_ASM5975949v1/md5checksums.txt	Bacteria	Pseudomonadota	Betaproteobacteria	Burkholderiales	Alcaligenaceae	Achromobacter	Achromobacter sp. EG1	032e811573e0317c6b93c4df7113b0bd	50f04e4b0c2b2e15246c4cc19856e22ed498a5b3228236b19387aa65614e6c92	1813836	eligible	ASV_ffcb689d0f16927a	3	6388319	GCF_059759495.1.fna.gz
GCF_037076525.1	3095337	3095337	Selenomonas sp. TAMA-11512	na	Complete Genome	2593422	airway_prioritized	0	biological	https://ftp.ncbi.nlm.nih.gov/genomes/all/GCF/037/076/525/GCF_037076525.1_ASM3707652v1/GCF_037076525.1_ASM3707652v1_genomic.fna.gz	https://ftp.ncbi.nlm.nih.gov/genomes/all/GCF/037/076/525/GCF_037076525.1_ASM3707652v1/md5checksums.txt	Bacteria	Bacillota	Negativicutes	Selenomonadales	Selenomonadaceae	Selenomonas	Selenomonas sp. TAMA-11512	ff2ce98453e7be3b855b1e16ce8e03d5	5e9fbd95ada51bf2e0bcb91edf40e4fdbe3ec4aec40daa71d967ba18151ae1fe	767152	eligible	ASV_abad440a8c489629	4	2593422	GCF_037076525.1.fna.gz
GCF_017161265.1	58231	58231	Treponema medium	reference genome	Complete Genome	2721998	airway_prioritized	0	biological	https://ftp.ncbi.nlm.nih.gov/genomes/all/GCF/017/161/265/GCF_017161265.1_ASM1716126v1/GCF_017161265.1_ASM1716126v1_genomic.fna.gz	https://ftp.ncbi.nlm.nih.gov/genomes/all/GCF/017/161/265/GCF_017161265.1_ASM1716126v1/md5checksums.txt	Bacteria	Spirochaetota	Spirochaetia	Treponematales	Treponemataceae	Treponema	Treponema medium	4bb7fa5e4a89fea02c1b96daab2ceba5	71d125b0e8335d3e1afec4b3d9a28fdfb5636e72d14f42785868a2057eb1a8c2	806004	eligible	ASV_d3aa780af6050245	2	2721998	GCF_017161265.1.fna.gz
GCF_055389095.1	3138402	3138402	Legionella sp. JM-2024	na	Complete Genome	3612281	airway_prioritized	0	biological	https://ftp.ncbi.nlm.nih.gov/genomes/all/GCF/055/389/095/GCF_055389095.1_ASM5538909v1/GCF_055389095.1_ASM5538909v1_genomic.fna.gz	https://ftp.ncbi.nlm.nih.gov/genomes/all/GCF/055/389/095/GCF_055389095.1_ASM5538909v1/md5checksums.txt	Bacteria	Pseudomonadota	Gammaproteobacteria	Legionellales	Legionellaceae	Legionella	Legionella sp. JM-2024	cc310279f70f43fdf0280cf7e2783c44	4e7d52dd158815d495ccf6dabb4d90e114e35790fce59aa783fe40ff4e3bf6ff	1068103	eligible	ASV_e2716727cb6d8c07	3	3612281	GCF_055389095.1.fna.gz
GCF_007859615.1	519450	519450	Mycoplasma anserisalpingitidis	reference genome	Complete Genome	959110	airway_prioritized	0	biological	https://ftp.ncbi.nlm.nih.gov/genomes/all/GCF/007/859/615/GCF_007859615.1_ASM785961v1/GCF_007859615.1_ASM785961v1_genomic.fna.gz	https://ftp.ncbi.nlm.nih.gov/genomes/all/GCF/007/859/615/GCF_007859615.1_ASM785961v1/md5checksums.txt	Bacteria	Mycoplasmatota	Mollicutes	Mycoplasmatales	Mycoplasmataceae	Mycoplasma	Mycoplasma anserisalpingitidis	d10dbd3939227e576060ee6ecc31cdcd	098bd128444fb4564960c8dea19bcc13d74600c09cc1454ec6688f4dbfe2139d	267402	eligible	ASV_4f52904f5065fab4	2	959110	GCF_007859615.1.fna.gz
GCF_010726955.1	1793	1793	Mycolicibacterium fallax	reference genome	Complete Genome	4156821	airway_prioritized	0	biological	https://ftp.ncbi.nlm.nih.gov/genomes/all/GCF/010/726/955/GCF_010726955.1_ASM1072695v1/GCF_010726955.1_ASM1072695v1_genomic.fna.gz	https://ftp.ncbi.nlm.nih.gov/genomes/all/GCF/010/726/955/GCF_010726955.1_ASM1072695v1/md5checksums.txt	Bacteria	Actinomycetota	Actinomycetes	Mycobacteriales	Mycobacteriaceae	Mycolicibacterium	Mycolicibacterium fallax	acf72997665961d9ca18c542781e01bb	ddb8bc08955a410b1eba75bdbe2067759af4ff34a2fb6638fb6c409b6dc0a93b	1161993	eligible	ASV_86435d884d3ba21a	2	4156821	GCF_010726955.1.fna.gz
GCF_055385135.1	470565	470565	Prevotella histicola	reference genome	Complete Genome	2989316	airway_prioritized	0	biological	https://ftp.ncbi.nlm.nih.gov/genomes/all/GCF/055/385/135/GCF_055385135.1_ASM5538513v1/GCF_055385135.1_ASM5538513v1_genomic.fna.gz	https://ftp.ncbi.nlm.nih.gov/genomes/all/GCF/055/385/135/GCF_055385135.1_ASM5538513v1/md5checksums.txt	Bacteria	Bacteroidota	Bacteroidia	Bacteroidales	Prevotellaceae	Prevotella	Prevotella histicola	c1bc353a32f0a30fba2b0e9382a5e239	4f1f8c1d0d86c6640fa8b35aa27dc5f671a9aea625862ce0bdc8d58ac413e3f4	887356	eligible	ASV_9f07882a4de9d52f	4	2989316	GCF_055385135.1.fna.gz
GCF_018603435.1	2838877	2838877	Chryseobacterium sp. ZHDP1	na	Complete Genome	4917748	airway_prioritized	0	biological	https://ftp.ncbi.nlm.nih.gov/genomes/all/GCF/018/603/435/GCF_018603435.1_ASM1860343v1/GCF_018603435.1_ASM1860343v1_genomic.fna.gz	https://ftp.ncbi.nlm.nih.gov/genomes/all/GCF/018/603/435/GCF_018603435.1_ASM1860343v1/md5checksums.txt	Bacteria	Bacteroidota	Flavobacteriia	Flavobacteriales	Weeksellaceae	Chryseobacterium	Chryseobacterium sp. ZHDP1	8ba1007c69acf07bc05da9aa8503a089	925acb2c56c6c38a2deac6d2ffb1bd81e6026172813b772395c39e9e8a469bc2	1426923	eligible	ASV_1648a69230ec4926	5	4917748	GCF_018603435.1.fna.gz
GCF_036345915.1	2975993	2975993	Nocardia sp. NBC_00565	na	Complete Genome	9711624	airway_prioritized	0	biological	https://ftp.ncbi.nlm.nih.gov/genomes/all/GCF/036/345/915/GCF_036345915.1_ASM3634591v1/GCF_036345915.1_ASM3634591v1_genomic.fna.gz	https://ftp.ncbi.nlm.nih.gov/genomes/all/GCF/036/345/915/GCF_036345915.1_ASM3634591v1/md5checksums.txt	Bacteria	Actinomycetota	Actinomycetes	Mycobacteriales	Nocardiaceae	Nocardia	Nocardia sp. NBC_00565	4b687dba09ecdc892c1f3a66d51ad09b	12a4b5be739a08eaa847a991ea986b26a5eaa97d7fd9b80e0542fb34c2136541	2798328	eligible	ASV_1c35dc62884f6b64	3	9711624	GCF_036345915.1.fna.gz
GCF_007164725.1	2582419	2582419	Dialister hominis	reference genome	Complete Genome	2407548	airway_prioritized	0	biological	https://ftp.ncbi.nlm.nih.gov/genomes/all/GCF/007/164/725/GCF_007164725.1_ASM716472v1/GCF_007164725.1_ASM716472v1_genomic.fna.gz	https://ftp.ncbi.nlm.nih.gov/genomes/all/GCF/007/164/725/GCF_007164725.1_ASM716472v1/md5checksums.txt	Bacteria	Bacillota	Negativicutes	Veillonellales	Veillonellaceae	Dialister	Dialister hominis	8707448048404229d60d79f29e644e69	19065087aa164045e05cb1bab37e9739079363c4c00d0de1bc3f649fd053126a	705724	eligible	ASV_e9f9821217146265	5	2407548	GCF_007164725.1.fna.gz
GCF_019931005.1	46124	46124	Granulicatella adiacens	reference genome	Complete Genome	1965420	airway_prioritized	0	biological	https://ftp.ncbi.nlm.nih.gov/genomes/all/GCF/019/931/005/GCF_019931005.1_ASM1993100v1/GCF_019931005.1_ASM1993100v1_genomic.fna.gz	https://ftp.ncbi.nlm.nih.gov/genomes/all/GCF/019/931/005/GCF_019931005.1_ASM1993100v1/md5checksums.txt	Bacteria	Bacillota	Bacilli	Lactobacillales	Carnobacteriaceae	Granulicatella	Granulicatella adiacens	d96ef97e0c7ac8c94083f0eda300a5e7	b4841adb57cb1e53ab60de22d37a0e2cf4c3c93d9d9592dfd97ea48f6255d07f	579815	eligible	ASV_405965d7f33b1607	5	1965420	GCF_019931005.1.fna.gz
GCF_008805035.1	2528037	2528037	Eikenella exigua	reference genome	Complete Genome	1993063	airway_prioritized	0	biological	https://ftp.ncbi.nlm.nih.gov/genomes/all/GCF/008/805/035/GCF_008805035.1_ASM880503v1/GCF_008805035.1_ASM880503v1_genomic.fna.gz	https://ftp.ncbi.nlm.nih.gov/genomes/all/GCF/008/805/035/GCF_008805035.1_ASM880503v1/md5checksums.txt	Bacteria	Pseudomonadota	Betaproteobacteria	Neisseriales	Neisseriaceae	Eikenella	Eikenella exigua	97efd3b6a8212d9515529e0edaccf820	7302c00d9b48fcba620768b89f94f83c7689117760ee8a7730e1136eb31d8c9a	584448	eligible	ASV_251f34a58b9cae4d	4	1993063	GCF_008805035.1.fna.gz
GCF_003019675.1	861	861	Fusobacterium ulcerans	reference genome	Complete Genome	3537675	airway_prioritized	0	biological	https://ftp.ncbi.nlm.nih.gov/genomes/all/GCF/003/019/675/GCF_003019675.1_ASM301967v1/GCF_003019675.1_ASM301967v1_genomic.fna.gz	https://ftp.ncbi.nlm.nih.gov/genomes/all/GCF/003/019/675/GCF_003019675.1_ASM301967v1/md5checksums.txt	Bacteria	Fusobacteriota	Fusobacteriia	Fusobacteriales	Fusobacteriaceae	Fusobacterium	Fusobacterium ulcerans	f22b294fd30da0aa4cb04e7232f7b669	81b84c5db358c70dfcfcdf244732db3c3b03a2b260c9011df323a0a600953a97	1001456	eligible	ASV_30f8e6a337acd2e2	7	3537675	GCF_003019675.1.fna.gz
GCF_010730575.1	185642	185642	Mycobacterium parmense	reference genome	Complete Genome	5952912	airway_prioritized	0	biological	https://ftp.ncbi.nlm.nih.gov/genomes/all/GCF/010/730/575/GCF_010730575.1_ASM1073057v1/GCF_010730575.1_ASM1073057v1_genomic.fna.gz	https://ftp.ncbi.nlm.nih.gov/genomes/all/GCF/010/730/575/GCF_010730575.1_ASM1073057v1/md5checksums.txt	Bacteria	Actinomycetota	Actinomycetes	Mycobacteriales	Mycobacteriaceae	Mycobacterium	Mycobacterium parmense	cd4020ca47b4604a474768c39e68ea83	c53f3448ed7026fd539df560d541c5ccc28e6a07befea0fade415679e1f1784d	1701004	eligible	ASV_6c2638635264e1ea	1	5952912	GCF_010730575.1.fna.gz
GCF_056688935.1	3235067	3235067	Pseudomonas arvensis	na	Complete Genome	6246317	airway_prioritized	0	biological	https://ftp.ncbi.nlm.nih.gov/genomes/all/GCF/056/688/935/GCF_056688935.1_ASM5668893v1/GCF_056688935.1_ASM5668893v1_genomic.fna.gz	https://ftp.ncbi.nlm.nih.gov/genomes/all/GCF/056/688/935/GCF_056688935.1_ASM5668893v1/md5checksums.txt	Bacteria	Pseudomonadota	Gammaproteobacteria	Pseudomonadales	Pseudomonadaceae	Pseudomonas	Pseudomonas arvensis	a2d7a293f7535b071b854ae1ffb09fb1	758256aa17312ed5b9e6f91571aff44e250aeb3cef897b1a5afce89df95206d3	1833937	eligible	ASV_09b6fdbf817805ae	6	6246317	GCF_056688935.1.fna.gz
GCF_027921445.1	3016343	3016343	Peptoniphilus equinus	reference genome	Complete Genome	1709189	airway_prioritized	0	biological	https://ftp.ncbi.nlm.nih.gov/genomes/all/GCF/027/921/445/GCF_027921445.1_ASM2792144v1/GCF_027921445.1_ASM2792144v1_genomic.fna.gz	https://ftp.ncbi.nlm.nih.gov/genomes/all/GCF/027/921/445/GCF_027921445.1_ASM2792144v1/md5checksums.txt	Bacteria	Bacillota	Tissierellia	Tissierellales	Peptoniphilaceae	Peptoniphilus	Peptoniphilus equinus	df81b76fb0043cb6c06620abaaafdf84	eebc5d806c8bac7d1131313c1e18987ca0e8cdbcccdea9b787ea8ab44d8bd3e6	508506	eligible	ASV_9ded706c95d1e1f3	3	1709189	GCF_027921445.1.fna.gz
GCF_003019255.1	29384	29384	Staphylococcus kloosii	reference genome	Complete Genome	2639038	airway_prioritized	0	biological	https://ftp.ncbi.nlm.nih.gov/genomes/all/GCF/003/019/255/GCF_003019255.1_ASM301925v1/GCF_003019255.1_ASM301925v1_genomic.fna.gz	https://ftp.ncbi.nlm.nih.gov/genomes/all/GCF/003/019/255/GCF_003019255.1_ASM301925v1/md5checksums.txt	Bacteria	Bacillota	Bacilli	Caryophanales	Staphylococcaceae	Staphylococcus	Staphylococcus kloosii	b8de9ae788371c3697337c0524ca6b28	f049699246d3be716cb5b358e8f0699b075546fa64b936f980513560ba3f4f26	770857	eligible	ASV_0edfcc75c8fdefbb	8	2639038	GCF_003019255.1.fna.gz
GCF_002370525.2	106649	106649	Acinetobacter guillouiae	reference genome	Complete Genome	4648418	airway_prioritized	0	biological	https://ftp.ncbi.nlm.nih.gov/genomes/all/GCF/002/370/525/GCF_002370525.2_ASM237052v2/GCF_002370525.2_ASM237052v2_genomic.fna.gz	https://ftp.ncbi.nlm.nih.gov/genomes/all/GCF/002/370/525/GCF_002370525.2_ASM237052v2/md5checksums.txt	Bacteria	Pseudomonadota	Gammaproteobacteria	Moraxellales	Moraxellaceae	Acinetobacter	Acinetobacter guillouiae	3538e00fc189669dd51637829a5b14bb	420514aa2e491365e393672a8c73b9e8d0a9e95f70666f9d250cc8f30b82338e	1368362	eligible	ASV_d5fa8d7e4fb080bd	7	4648418	GCF_002370525.2.fna.gz
GCF_900636915.1	985008	732	Aggregatibacter aphrophilus ATCC 33389	reference genome	Complete Genome	2337153	airway_prioritized	0	biological	https://ftp.ncbi.nlm.nih.gov/genomes/all/GCF/900/636/915/GCF_900636915.1_45532_F02/GCF_900636915.1_45532_F02_genomic.fna.gz	https://ftp.ncbi.nlm.nih.gov/genomes/all/GCF/900/636/915/GCF_900636915.1_45532_F02/md5checksums.txt	Bacteria	Pseudomonadota	Gammaproteobacteria	Pasteurellales	Pasteurellaceae	Aggregatibacter	Aggregatibacter aphrophilus	17ca2bca174c2797bc2e09284f87582b	b7cd09c2905de44fc08d9a1c7851a96b3a8eaefd43f97b4eb99d7e6957653966	691317	eligible	ASV_e293dbc8e10859f3	6	2337153	GCF_900636915.1.fna.gz
GCF_005221285.1	484	484	Neisseria flavescens	reference genome	Complete Genome	2231882	airway_prioritized	0	biological	https://ftp.ncbi.nlm.nih.gov/genomes/all/GCF/005/221/285/GCF_005221285.1_ASM522128v1/GCF_005221285.1_ASM522128v1_genomic.fna.gz	https://ftp.ncbi.nlm.nih.gov/genomes/all/GCF/005/221/285/GCF_005221285.1_ASM522128v1/md5checksums.txt	Bacteria	Pseudomonadota	Betaproteobacteria	Neisseriales	Neisseriaceae	Neisseria	Neisseria flavescens	70fe87f2c4f059d3a2b4b9ce3a9402bb	7f0180446d3656367610577aba11c3fe6783c17d01d3f6638d68844e4e695531	656299	eligible	ASV_d843f91e5e0f6a67	4	2231882	GCF_005221285.1.fna.gz
GCF_018866345.1	2840371	2840371	Gemella sp. zg-570	na	Complete Genome	1558665	airway_prioritized	0	biological	https://ftp.ncbi.nlm.nih.gov/genomes/all/GCF/018/866/345/GCF_018866345.1_ASM1886634v1/GCF_018866345.1_ASM1886634v1_genomic.fna.gz	https://ftp.ncbi.nlm.nih.gov/genomes/all/GCF/018/866/345/GCF_018866345.1_ASM1886634v1/md5checksums.txt	Bacteria	Bacillota	Bacilli	Caryophanales	Gemellaceae	Gemella	Gemella sp. zg-570	4d0b20d5c06f5ab2b548d6be874eacbb	eba6545ae2d5512825e0e8cd5b1a658690a9011b06ed943cf6e4249f410abfc5	440484	eligible	ASV_35ec27684a309661	4	1558665	GCF_018866345.1.fna.gz
GCF_049824815.1	3416087	3416087	Haemophilus sp. HN_Hi23	na	Complete Genome	1887897	airway_prioritized	0	biological	https://ftp.ncbi.nlm.nih.gov/genomes/all/GCF/049/824/815/GCF_049824815.1_ASM4982481v1/GCF_049824815.1_ASM4982481v1_genomic.fna.gz	https://ftp.ncbi.nlm.nih.gov/genomes/all/GCF/049/824/815/GCF_049824815.1_ASM4982481v1/md5checksums.txt	Bacteria	Pseudomonadota	Gammaproteobacteria	Pasteurellales	Pasteurellaceae	Haemophilus	Haemophilus sp. HN_Hi23	2ee76cb2953b1a298d55ed8f6e75c5aa	309df9f23a9ed9d7c61b8c8f495e7a2545bd68daa5f595581dcdac7914278ec8	556383	eligible	ASV_e9442cc2652865dd	6	1887897	GCF_049824815.1.fna.gz
GCF_016028855.1	37923	37923	Rothia kristinae	reference genome	Complete Genome	2377741	airway_prioritized	0	biological	https://ftp.ncbi.nlm.nih.gov/genomes/all/GCF/016/028/855/GCF_016028855.1_ASM1602885v1/GCF_016028855.1_ASM1602885v1_genomic.fna.gz	https://ftp.ncbi.nlm.nih.gov/genomes/all/GCF/016/028/855/GCF_016028855.1_ASM1602885v1/md5checksums.txt	Bacteria	Actinomycetota	Actinomycetes	Micrococcales	Micrococcaceae	Rothia	Rothia kristinae	67cd43bd7d7cea21bbec7aff0302d30c	34d19f16ad417baa8b934363de84964c1b4573f573a19362316db6a4e480a30b	660656	eligible	ASV_416a3659d9cecac1	3	2377741	GCF_016028855.1.fna.gz
GCF_024498255.1	114883	114883	Mycoplasmopsis equigenitalium	reference genome	Complete Genome	806532	airway_prioritized	0	biological	https://ftp.ncbi.nlm.nih.gov/genomes/all/GCF/024/498/255/GCF_024498255.1_ASM2449825v1/GCF_024498255.1_ASM2449825v1_genomic.fna.gz	https://ftp.ncbi.nlm.nih.gov/genomes/all/GCF/024/498/255/GCF_024498255.1_ASM2449825v1/md5checksums.txt	Bacteria	Mycoplasmatota		Mycoplasmoidales	Metamycoplasmataceae	Mycoplasmopsis	Mycoplasmopsis equigenitalium	c214988211f174b680812eda74216259	fe3bc8fc3f35ca83e3fc258bf53200202838bec603be97addb34245c0de5796a	232519	eligible	ASV_7c8674baa233257e	1	806532	GCF_024498255.1.fna.gz
GCF_001636015.1	29433	29433	Moraxella ovis	reference genome	Complete Genome	2306095	airway_prioritized	0	biological	https://ftp.ncbi.nlm.nih.gov/genomes/all/GCF/001/636/015/GCF_001636015.1_ASM163601v1/GCF_001636015.1_ASM163601v1_genomic.fna.gz	https://ftp.ncbi.nlm.nih.gov/genomes/all/GCF/001/636/015/GCF_001636015.1_ASM163601v1/md5checksums.txt	Bacteria	Pseudomonadota	Gammaproteobacteria	Moraxellales	Moraxellaceae	Moraxella	Moraxella ovis	2e00e80a101fdf3070defb943039fe8b	5322721426c35ef75a2c168ff54eae273c4a05a5143fa0ca41a4fcfb32ad3c7e	681627	eligible	ASV_bbb4dde4144e1f95	4	2306095	GCF_001636015.1.fna.gz
GCF_013267415.1	46125	46125	Abiotrophia defectiva	reference genome	Complete Genome	2046826	airway_prioritized	0	biological	https://ftp.ncbi.nlm.nih.gov/genomes/all/GCF/013/267/415/GCF_013267415.1_ASM1326741v1/GCF_013267415.1_ASM1326741v1_genomic.fna.gz	https://ftp.ncbi.nlm.nih.gov/genomes/all/GCF/013/267/415/GCF_013267415.1_ASM1326741v1/md5checksums.txt	Bacteria	Bacillota	Bacilli	Lactobacillales	Aerococcaceae	Abiotrophia	Abiotrophia defectiva	e95628872515ce5850ed04488e263cf2	fd76faac10c73302bcdce2cdcdc091fa380bbe53407a3c24ff668c92864f00eb	609188	eligible	ASV_f3fd89364551f5a0	4	2046826	GCF_013267415.1.fna.gz
GCF_027125355.1	3003601	3003601	Peptostreptococcus equinus	reference genome	Complete Genome	1995029	airway_prioritized	0	biological	https://ftp.ncbi.nlm.nih.gov/genomes/all/GCF/027/125/355/GCF_027125355.1_ASM2712535v1/GCF_027125355.1_ASM2712535v1_genomic.fna.gz	https://ftp.ncbi.nlm.nih.gov/genomes/all/GCF/027/125/355/GCF_027125355.1_ASM2712535v1/md5checksums.txt	Bacteria	Bacillota	Clostridia	Peptostreptococcales	Peptostreptococcaceae	Peptostreptococcus	Peptostreptococcus equinus	fa16a3fd3b357fd0eea45ebb6449ff82	5b0cf27bdc2721e549f722e212e16e964e1e372348804b8e40327bc5eaa81314	570012	eligible	ASV_91d952496f9493f5	5	1995029	GCF_027125355.1.fna.gz
GCF_900637905.1	33033	33033	Parvimonas micra	reference genome	Complete Genome	1677398	airway_prioritized	0	biological	https://ftp.ncbi.nlm.nih.gov/genomes/all/GCF/900/637/905/GCF_900637905.1_52756_G01/GCF_900637905.1_52756_G01_genomic.fna.gz	https://ftp.ncbi.nlm.nih.gov/genomes/all/GCF/900/637/905/GCF_900637905.1_52756_G01/md5checksums.txt	Bacteria	Bacillota	Tissierellia	Tissierellales	Peptoniphilaceae	Parvimonas	Parvimonas micra	d6fa41b8bb80eec317e56ba5534df813	f3ccf977708ab504719285c6c5bc146399bbed17a6fb310380dd76ac588dbc16	472458	eligible	ASV_03f2887c20beb9ff	3	1677398	GCF_900637905.1.fna.gz
GCF_043187485.1	3115615	3115615	Anaerococcus martiniensis	reference genome	Complete Genome	1616208	airway_prioritized	0	biological	https://ftp.ncbi.nlm.nih.gov/genomes/all/GCF/043/187/485/GCF_043187485.1_ASM4318748v1/GCF_043187485.1_ASM4318748v1_genomic.fna.gz	https://ftp.ncbi.nlm.nih.gov/genomes/all/GCF/043/187/485/GCF_043187485.1_ASM4318748v1/md5checksums.txt	Bacteria	Bacillota	Tissierellia	Tissierellales	Peptoniphilaceae	Anaerococcus	Anaerococcus martiniensis	385e2ef7a5ff7f3ebd7d8c5d45de5a17	83b4b02683b03463ad0f46c0317c9d5951031dc7fe7e8cff06949bfbb1fe441e	467845	eligible	ASV_5bc72f6d37965bda	4	1616208	GCF_043187485.1.fna.gz
GCF_009938095.1	172045	172045	Elizabethkingia miricola	na	Complete Genome	4249586	airway_prioritized	0	biological	https://ftp.ncbi.nlm.nih.gov/genomes/all/GCF/009/938/095/GCF_009938095.1_ASM993809v1/GCF_009938095.1_ASM993809v1_genomic.fna.gz	https://ftp.ncbi.nlm.nih.gov/genomes/all/GCF/009/938/095/GCF_009938095.1_ASM993809v1/md5checksums.txt	Bacteria	Bacteroidota	Flavobacteriia	Flavobacteriales	Weeksellaceae	Elizabethkingia	Elizabethkingia miricola	4f62eb8282ae106a46012065720e68eb	36fe7e2c60a6653ab9c5f0b069a0cd5b835210420b9f3482f643b6046feb5674	1245127	eligible	ASV_68dbdf73965d39b7	5	4249586	GCF_009938095.1.fna.gz
GCF_013782625.1	2742676	2742676	Enterobacter sp. RHBSTW-00994	na	Complete Genome	4888717	airway_prioritized	0	biological	https://ftp.ncbi.nlm.nih.gov/genomes/all/GCF/013/782/625/GCF_013782625.1_ASM1378262v1/GCF_013782625.1_ASM1378262v1_genomic.fna.gz	https://ftp.ncbi.nlm.nih.gov/genomes/all/GCF/013/782/625/GCF_013782625.1_ASM1378262v1/md5checksums.txt	Bacteria	Pseudomonadota	Gammaproteobacteria	Enterobacterales	Enterobacteriaceae	Enterobacter	Enterobacter sp. RHBSTW-00994	03e4f954d7d21c218f0558ddad2a7704	04a23635a33b9ea3f9092b1a4b985a27b6dfd4508bb7d6165a9797e3750ed905	1456462	eligible	ASV_f6134ec05628398b	8	4888717	GCF_013782625.1.fna.gz
GCF_014069575.1	2758572	2758572	Schaalia sp. JY-X169	na	Complete Genome	2382167	airway_prioritized	0	biological	https://ftp.ncbi.nlm.nih.gov/genomes/all/GCF/014/069/575/GCF_014069575.1_ASM1406957v1/GCF_014069575.1_ASM1406957v1_genomic.fna.gz	https://ftp.ncbi.nlm.nih.gov/genomes/all/GCF/014/069/575/GCF_014069575.1_ASM1406957v1/md5checksums.txt	Bacteria	Actinomycetota	Actinomycetes	Actinomycetales	Actinomycetaceae	Schaalia	Schaalia sp. JY-X169	4bd650141ab42eceda63eeed253f4362	5314f42405ed7e6a2acd6317cefd19bfbca354d53cc958331de6237524514094	709070	eligible	ASV_ae64e506ff1cd07c	2	2382167	GCF_014069575.1.fna.gz
GCF_024363545.1	2904129	2904129	Pandoraea sp. NE5	na	Complete Genome	5050229	airway_prioritized	0	biological	https://ftp.ncbi.nlm.nih.gov/genomes/all/GCF/024/363/545/GCF_024363545.1_ASM2436354v1/GCF_024363545.1_ASM2436354v1_genomic.fna.gz	https://ftp.ncbi.nlm.nih.gov/genomes/all/GCF/024/363/545/GCF_024363545.1_ASM2436354v1/md5checksums.txt	Bacteria	Pseudomonadota	Betaproteobacteria	Burkholderiales	Burkholderiaceae	Pandoraea	Pandoraea sp. NE5	9246e241b52e635a25f5017b2b09a680	ac53a7b57b910fe0c6123413583924c485460b6b244e9d0e37d6974a317756c4	1469984	eligible	ASV_a92293fe295498fa	4	5050229	GCF_024363545.1.fna.gz
GCF_057198065.1	1260	1260	Finegoldia magna	reference genome	Complete Genome	1951564	airway_prioritized	0	biological	https://ftp.ncbi.nlm.nih.gov/genomes/all/GCF/057/198/065/GCF_057198065.1_ASM5719806v1/GCF_057198065.1_ASM5719806v1_genomic.fna.gz	https://ftp.ncbi.nlm.nih.gov/genomes/all/GCF/057/198/065/GCF_057198065.1_ASM5719806v1/md5checksums.txt	Bacteria	Bacillota	Tissierellia	Tissierellales	Peptoniphilaceae	Finegoldia	Finegoldia magna	4bcf3d3ed7ac2a577b9552ee40cee617	7eff77eadbc44e9baec07e7768ab125f74401755c619647571dfc3c976095b31	561167	eligible	ASV_14a390c55bdbda23	4	1951564	GCF_057198065.1.fna.gz
GCF_018223725.1	1478019	1478019	Cupriavidus sp. KK10	na	Complete Genome	8350386	airway_prioritized	0	biological	https://ftp.ncbi.nlm.nih.gov/genomes/all/GCF/018/223/725/GCF_018223725.1_ASM1822372v1/GCF_018223725.1_ASM1822372v1_genomic.fna.gz	https://ftp.ncbi.nlm.nih.gov/genomes/all/GCF/018/223/725/GCF_018223725.1_ASM1822372v1/md5checksums.txt	Bacteria	Pseudomonadota	Betaproteobacteria	Burkholderiales	Burkholderiaceae	Cupriavidus	Cupriavidus sp. KK10	07c21a64264a6d037802af66a1dda220	7df3d727fd76beeca5c7d22c5be6753552210b92ab162bbb91c1cb2ca0d10cf8	2408697	eligible	ASV_d156060ccf0624d5	5	8350386	GCF_018223725.1.fna.gz
GCF_002999135.1	1316596	1316596	Capnocytophaga sp. oral taxon 878	na	Complete Genome	2990835	airway_prioritized	0	biological	https://ftp.ncbi.nlm.nih.gov/genomes/all/GCF/002/999/135/GCF_002999135.1_ASM299913v1/GCF_002999135.1_ASM299913v1_genomic.fna.gz	https://ftp.ncbi.nlm.nih.gov/genomes/all/GCF/002/999/135/GCF_002999135.1_ASM299913v1/md5checksums.txt	Bacteria	Bacteroidota	Flavobacteriia	Flavobacteriales	Flavobacteriaceae	Capnocytophaga	Capnocytophaga sp. oral taxon 878	5448e7e0c401775a79de8f6748fce58f	46261144389d616d5797e31c9f461bae8c1e254c2d50f6dcb79c6c7e5933af25	872927	eligible	ASV_a91f799a8d71b936	4	2990835	GCF_002999135.1.fna.gz
GCF_002119725.1	1416803	1416803	Bordetella genomosp. 9	na	Complete Genome	4587366	airway_prioritized	0	biological	https://ftp.ncbi.nlm.nih.gov/genomes/all/GCF/002/119/725/GCF_002119725.1_ASM211972v1/GCF_002119725.1_ASM211972v1_genomic.fna.gz	https://ftp.ncbi.nlm.nih.gov/genomes/all/GCF/002/119/725/GCF_002119725.1_ASM211972v1/md5checksums.txt	Bacteria	Pseudomonadota	Betaproteobacteria	Burkholderiales	Alcaligenaceae	Bordetella	Bordetella genomosp. 9	c880c20e1488a6d992bafac5661eafd1	5439d3e453478dddff2248ae39da3910c408bd09f16c4dc93d8ca7fe096a3b2c	1322561	eligible	ASV_3ea4ac07eadf11ba	3	4587366	GCF_002119725.1.fna.gz
GCF_900636445.1	1343	1343	Streptococcus vestibularis	reference genome	Complete Genome	1950305	airway_prioritized	0	biological	https://ftp.ncbi.nlm.nih.gov/genomes/all/GCF/900/636/445/GCF_900636445.1_41965_G01/GCF_900636445.1_41965_G01_genomic.fna.gz	https://ftp.ncbi.nlm.nih.gov/genomes/all/GCF/900/636/445/GCF_900636445.1_41965_G01/md5checksums.txt	Bacteria	Bacillota	Bacilli	Lactobacillales	Streptococcaceae	Streptococcus	Streptococcus vestibularis	42d987f98ec76efd69a6827dd849e4e9	262980f342c76d0c81258b26cc06a2d1d99e6e37f8bfef51a0d800576b11be1c	574824	eligible	ASV_8a3d31dca16daf79	6	1950305	GCF_900636445.1.fna.gz
GCF_009586235.1	292	292	Burkholderia cepacia	reference genome	Complete Genome	8366868	airway_prioritized	0	biological	https://ftp.ncbi.nlm.nih.gov/genomes/all/GCF/009/586/235/GCF_009586235.1_ASM958623v1/GCF_009586235.1_ASM958623v1_genomic.fna.gz	https://ftp.ncbi.nlm.nih.gov/genomes/all/GCF/009/586/235/GCF_009586235.1_ASM958623v1/md5checksums.txt	Bacteria	Pseudomonadota	Betaproteobacteria	Burkholderiales	Burkholderiaceae	Burkholderia	Burkholderia cepacia	5addbf04d8b769351d2dc3b1fc2da82c	346c995125fc94cd823b68c0d0baf16257e21ba57faee9047e4825536c99f049	2367496	eligible	ASV_c1cf6525f9c89225	6	8366868	GCF_009586235.1.fna.gz
GCF_022845615.1	322095	322095	Porphyromonas somerae	reference genome	Complete Genome	2727503	airway_prioritized	0	biological	https://ftp.ncbi.nlm.nih.gov/genomes/all/GCF/022/845/615/GCF_022845615.1_ASM2284561v1/GCF_022845615.1_ASM2284561v1_genomic.fna.gz	https://ftp.ncbi.nlm.nih.gov/genomes/all/GCF/022/845/615/GCF_022845615.1_ASM2284561v1/md5checksums.txt	Bacteria	Bacteroidota	Bacteroidia	Bacteroidales	Porphyromonadaceae	Porphyromonas	Porphyromonas somerae	595a196aec45c85f1056cfcf54c42f58	34d07f66742d4030bf0af6f62e6cb541c091cd5b7802a1217efb3ddac4f4089a	811191	eligible	ASV_b975f4c87d2783a6	2	2727503	GCF_022845615.1.fna.gz
GCF_037043395.1	887898	47671	Lautropia mirabilis ATCC 51599	na	Complete Genome	3162028	airway_prioritized	1	biological	https://ftp.ncbi.nlm.nih.gov/genomes/all/GCF/037/043/395/GCF_037043395.1_ASM3704339v1/GCF_037043395.1_ASM3704339v1_genomic.fna.gz	https://ftp.ncbi.nlm.nih.gov/genomes/all/GCF/037/043/395/GCF_037043395.1_ASM3704339v1/md5checksums.txt	Bacteria	Pseudomonadota	Betaproteobacteria	Burkholderiales	Burkholderiaceae	Lautropia	Lautropia mirabilis	456b9361083bbb2bc7d4b3d13d9be24a	b6488b1d80823d36af410d14044ea3fc87658fe03ac6467b1058d2291d8b0358	905760	eligible	ASV_7898b87e8a15e995	4	3162028	GCF_037043395.1.fna.gz
GCF_022369455.1	1660078	1660078	Campylobacter sp. RM5004	na	Complete Genome	1908742	airway_prioritized	0	biological	https://ftp.ncbi.nlm.nih.gov/genomes/all/GCF/022/369/455/GCF_022369455.1_ASM2236945v1/GCF_022369455.1_ASM2236945v1_genomic.fna.gz	https://ftp.ncbi.nlm.nih.gov/genomes/all/GCF/022/369/455/GCF_022369455.1_ASM2236945v1/md5checksums.txt	Bacteria	Campylobacterota	Epsilonproteobacteria	Campylobacterales	Campylobacteraceae	Campylobacter	Campylobacter sp. RM5004	d57d39694935f864646e03ab1c9c87ba	0bf92c5309f4e26d91f34090249cd04fdab1acfedd5277640fcfcf400a5647bc	536530	eligible	ASV_130f7e8576fb5bb5	4	1908742	GCF_022369455.1.fna.gz
GCF_041879325.1	2893881	2893881	Achromobacter sp. JD417	na	Complete Genome	6225150	airway_prioritized	0	biological	https://ftp.ncbi.nlm.nih.gov/genomes/all/GCF/041/879/325/GCF_041879325.1_ASM4187932v1/GCF_041879325.1_ASM4187932v1_genomic.fna.gz	https://ftp.ncbi.nlm.nih.gov/genomes/all/GCF/041/879/325/GCF_041879325.1_ASM4187932v1/md5checksums.txt	Bacteria	Pseudomonadota	Betaproteobacteria	Burkholderiales	Alcaligenaceae	Achromobacter	Achromobacter sp. JD417	57a7c4611678e2e444f230bde9d4d0a6	19c57b1e652542564009a0972d5fc2f82d7e6afefae37f49c08cf2cff17947c7	1791271	eligible	ASV_66b24bba09df711a	4	6225150	GCF_041879325.1.fna.gz
GCF_051603425.1	3713897	3713897	Selenomonas oralis	reference genome	Complete Genome	2601282	airway_prioritized	0	biological	https://ftp.ncbi.nlm.nih.gov/genomes/all/GCF/051/603/425/GCF_051603425.1_ASM5160342v1/GCF_051603425.1_ASM5160342v1_genomic.fna.gz	https://ftp.ncbi.nlm.nih.gov/genomes/all/GCF/051/603/425/GCF_051603425.1_ASM5160342v1/md5checksums.txt	Bacteria	Bacillota	Negativicutes	Selenomonadales	Selenomonadaceae	Selenomonas	Selenomonas oralis	2c6043703c4b4ce15f936349de5fbf03	a0de47e928e0715aaf59e96d7dc39bed8f0df29224712a539810905562aa268e	762695	eligible	ASV_725053601858d268	4	2601282	GCF_051603425.1.fna.gz
GCF_000214375.1	545694	88058	Treponema primitia ZAS-2	reference genome	Complete Genome	4059867	airway_prioritized	0	biological	https://ftp.ncbi.nlm.nih.gov/genomes/all/GCF/000/214/375/GCF_000214375.1_ASM21437v1/GCF_000214375.1_ASM21437v1_genomic.fna.gz	https://ftp.ncbi.nlm.nih.gov/genomes/all/GCF/000/214/375/GCF_000214375.1_ASM21437v1/md5checksums.txt	Bacteria	Spirochaetota	Spirochaetia	Treponematales	Treponemataceae	Treponema	Treponema primitia	d5a3df86ceb15c85925a99848b59cca6	74d46fd0c4a7a02c04d365bb18466b01577ad5bc54cf30bace45ba1ade882b13	1201470	eligible	ASV_35aff8d7200f0ac7	2	4059867	GCF_000214375.1.fna.gz
GCF_900637635.1	456	456	Legionella jordanis	reference genome	Complete Genome	3133723	airway_prioritized	0	biological	https://ftp.ncbi.nlm.nih.gov/genomes/all/GCF/900/637/635/GCF_900637635.1_52313_A01/GCF_900637635.1_52313_A01_genomic.fna.gz	https://ftp.ncbi.nlm.nih.gov/genomes/all/GCF/900/637/635/GCF_900637635.1_52313_A01/md5checksums.txt	Bacteria	Pseudomonadota	Gammaproteobacteria	Legionellales	Legionellaceae	Legionella	Legionella jordanis	ce28f1d7a433a87d8a6908beab0715b9	d77ee1a70a534f14925b8b5cd4e660a627f587cddfb5aa9b824a97ccd20b497e	933532	eligible	ASV_c3507defcf029a63	4	3133723	GCF_900637635.1.fna.gz
GCF_900603025.1	1122247	46351	Mycolicibacterium hassiacum DSM 44199	reference genome	Complete Genome	5269097	airway_prioritized	0	biological	https://ftp.ncbi.nlm.nih.gov/genomes/all/GCF/900/603/025/GCF_900603025.1_MHAS/GCF_900603025.1_MHAS_genomic.fna.gz	https://ftp.ncbi.nlm.nih.gov/genomes/all/GCF/900/603/025/GCF_900603025.1_MHAS/md5checksums.txt	Bacteria	Actinomycetota	Actinomycetes	Mycobacteriales	Mycobacteriaceae	Mycolicibacterium	Mycolicibacterium hassiacum	389cb9dda73da5138906300f27be83fd	e170a9e741b61d5f38f185f35451cb25ea3dcbc6e91ba83cc2ed3addd8fcc9a1	1476602	eligible	ASV_b3302bc58bf88c2c	2	5269097	GCF_900603025.1.fna.gz
GCF_003669035.1	2478663	2478663	Chryseobacterium sp. 3008163	na	Complete Genome	4558636	airway_prioritized	0	biological	https://ftp.ncbi.nlm.nih.gov/genomes/all/GCF/003/669/035/GCF_003669035.1_ASM366903v1/GCF_003669035.1_ASM366903v1_genomic.fna.gz	https://ftp.ncbi.nlm.nih.gov/genomes/all/GCF/003/669/035/GCF_003669035.1_ASM366903v1/md5checksums.txt	Bacteria	Bacteroidota	Flavobacteriia	Flavobacteriales	Weeksellaceae	Chryseobacterium	Chryseobacterium sp. 3008163	7e3246a73d58f4e53e8afbe2038e0abd	3fc18043e1faf6c86c6883f6bde3a92ada7f98d28977984731453f98cfe3e61d	1330243	eligible	ASV_f230adac7f7199f4	5	4558636	GCF_003669035.1.fna.gz
GCF_050946365.1	3239972	3239972	Nocardia sp. CA-107356	na	Complete Genome	10246516	airway_prioritized	0	biological	https://ftp.ncbi.nlm.nih.gov/genomes/all/GCF/050/946/365/GCF_050946365.1_MDNA_WGS_270_assembly/GCF_050946365.1_MDNA_WGS_270_assembly_genomic.fna.gz	https://ftp.ncbi.nlm.nih.gov/genomes/all/GCF/050/946/365/GCF_050946365.1_MDNA_WGS_270_assembly/md5checksums.txt	Bacteria	Actinomycetota	Actinomycetes	Mycobacteriales	Nocardiaceae	Nocardia	Nocardia sp. CA-107356	64e1156379b9ae810657ed7635b3fe66	2b614c9c2bc9daa84a143fed29f2dc05bf385ce612c7586485678f47a035bd80	2955527	eligible	ASV_3cb96e35ea851393	3	10246516	GCF_050946365.1.fna.gz
GCF_001717505.1	39950	39950	Dialister pneumosintes	na	Complete Genome	1274073	airway_prioritized	0	biological	https://ftp.ncbi.nlm.nih.gov/genomes/all/GCF/001/717/505/GCF_001717505.1_ASM171750v1/GCF_001717505.1_ASM171750v1_genomic.fna.gz	https://ftp.ncbi.nlm.nih.gov/genomes/all/GCF/001/717/505/GCF_001717505.1_ASM171750v1/md5checksums.txt	Bacteria	Bacillota	Negativicutes	Veillonellales	Veillonellaceae	Dialister	Dialister pneumosintes	4083ab2dfe141e862c44d477020eee6d	b01d97026e005f44e33a60c2f69a9fb6eb46cdaa6a5e92725e120be3aff18c36	372648	eligible	ASV_16fd315910febe6f	5	1274073	GCF_001717505.1.fna.gz
GCF_002935055.1	1758196	1758196	Serratia sp. SSNIH1	na	Complete Genome	5388594	airway_prioritized	0	biological	https://ftp.ncbi.nlm.nih.gov/genomes/all/GCF/002/935/055/GCF_002935055.1_ASM293505v1/GCF_002935055.1_ASM293505v1_genomic.fna.gz	https://ftp.ncbi.nlm.nih.gov/genomes/all/GCF/002/935/055/GCF_002935055.1_ASM293505v1/md5checksums.txt	Bacteria	Pseudomonadota	Gammaproteobacteria	Enterobacterales	Yersiniaceae	Serratia	Serratia sp. SSNIH1	e2e06af984f74d90e24c8a6171cadd1a	259c61531d0b151245e8b09f6395ec073057c93d90e09563b7b394d7fb0841bc	1578334	eligible	ASV_ad24189bfa9299c6	7	5388594	GCF_002935055.1.fna.gz
GCF_020735385.1	137732	137732	Granulicatella elegans	na	Complete Genome	1890620	airway_prioritized	0	biological	https://ftp.ncbi.nlm.nih.gov/genomes/all/GCF/020/735/385/GCF_020735385.1_ASM2073538v1/GCF_020735385.1_ASM2073538v1_genomic.fna.gz	https://ftp.ncbi.nlm.nih.gov/genomes/all/GCF/020/735/385/GCF_020735385.1_ASM2073538v1/md5checksums.txt	Bacteria	Bacillota	Bacilli	Lactobacillales	Carnobacteriaceae	Granulicatella	Granulicatella elegans	8801d5bcdf3f9ca2f6014cd7bfb1ed9c	e6aeadc99ad7ff49735abaa54c4f9b48a04f71f1d2de7981276318ba65114dd5	547945	eligible	ASV_64c4c44391b1dad7	5	1890620	GCF_020735385.1.fna.gz
GCF_054355555.1	3568623	3568623	Mycobacterium sp. Panama NTM2	na	Complete Genome	5922402	airway_prioritized	0	biological	https://ftp.ncbi.nlm.nih.gov/genomes/all/GCF/054/355/555/GCF_054355555.1_ASM5435555v1/GCF_054355555.1_ASM5435555v1_genomic.fna.gz	https://ftp.ncbi.nlm.nih.gov/genomes/all/GCF/054/355/555/GCF_054355555.1_ASM5435555v1/md5checksums.txt	Bacteria	Actinomycetota	Actinomycetes	Mycobacteriales	Mycobacteriaceae	Mycobacterium	Mycobacterium sp. Panama NTM2	9e1ef7c27f65110457c35271cdb6b53c	b2a59cb001be4af92c59585414511b0af529ef7e797abdb2af57cb98b7a8d893	1689705	eligible	ASV_a08a16cd9a42ad56	2	5922402	GCF_054355555.1.fna.gz
GCF_014269025.2	485898	485898	Pseudomonas promysalinigenes	reference genome	Complete Genome	5046521	airway_prioritized	0	biological	https://ftp.ncbi.nlm.nih.gov/genomes/all/GCF/014/269/025/GCF_014269025.2_ASM1426902v2/GCF_014269025.2_ASM1426902v2_genomic.fna.gz	https://ftp.ncbi.nlm.nih.gov/genomes/all/GCF/014/269/025/GCF_014269025.2_ASM1426902v2/md5checksums.txt	Bacteria	Pseudomonadota	Gammaproteobacteria	Pseudomonadales	Pseudomonadaceae	Pseudomonas	Pseudomonas promysalinigenes	9d99645ef8e6aa8becf0c8b5cc9060dc	5aa8ca72174432d1f594188fa520f257c735bbcb57ecd76d0f32a068ea7d16db	1478802	eligible	ASV_0b7b215d4a0e8963	7	5046521	GCF_014269025.2.fna.gz
GCF_045348795.1	33031	33031	Peptoniphilus lacrimalis	na	Complete Genome	1675552	airway_prioritized	0	biological	https://ftp.ncbi.nlm.nih.gov/genomes/all/GCF/045/348/795/GCF_045348795.1_P_lacr_F0141/GCF_045348795.1_P_lacr_F0141_genomic.fna.gz	https://ftp.ncbi.nlm.nih.gov/genomes/all/GCF/045/348/795/GCF_045348795.1_P_lacr_F0141/md5checksums.txt	Bacteria	Bacillota	Tissierellia	Tissierellales	Peptoniphilaceae	Peptoniphilus	Peptoniphilus lacrimalis	f8d4cba5859c6b65f799029ad9be2611	b28543fe9615534ef8102bc93ede4baf0dd3f95e0e6cba8104bab15df231daeb	479907	eligible	ASV_580b467a5eb90d71	3	1675552	GCF_045348795.1.fna.gz
GCF_054861205.1	3466788	3466788	Acinetobacter sp. TW_SC_4	na	Complete Genome	3441288	airway_prioritized	0	biological	https://ftp.ncbi.nlm.nih.gov/genomes/all/GCF/054/861/205/GCF_054861205.1_ASM5486120v1/GCF_054861205.1_ASM5486120v1_genomic.fna.gz	https://ftp.ncbi.nlm.nih.gov/genomes/all/GCF/054/861/205/GCF_054861205.1_ASM5486120v1/md5checksums.txt	Bacteria	Pseudomonadota	Gammaproteobacteria	Moraxellales	Moraxellaceae	Acinetobacter	Acinetobacter sp. TW_SC_4	cbeab24c2b2bf83be0ece2832457388f	08c1dd8ce06f283dd7a7d807abb4f7d9203ae629ffb1d91efdda4edd8209dad7	1023962	eligible	ASV_5606e22463508fd0	7	3441288	GCF_054861205.1.fna.gz
GCF_017798005.1	2820817	2820817	Aggregatibacter sp. 2125159857	na	Complete Genome	1999512	airway_prioritized	0	biological	https://ftp.ncbi.nlm.nih.gov/genomes/all/GCF/017/798/005/GCF_017798005.1_ASM1779800v1/GCF_017798005.1_ASM1779800v1_genomic.fna.gz	https://ftp.ncbi.nlm.nih.gov/genomes/all/GCF/017/798/005/GCF_017798005.1_ASM1779800v1/md5checksums.txt	Bacteria	Pseudomonadota	Gammaproteobacteria	Pasteurellales	Pasteurellaceae	Aggregatibacter	Aggregatibacter sp. 2125159857	a04e473ee9602366ef79676a1ed9869d	cb81e7033a1d01d0fae76700a88c395addb775113263cb515a0c5fd310d3e7a0	590818	eligible	ASV_8cba65db41a2d40d	5	1999512	GCF_017798005.1.fna.gz
GCF_005221305.1	28449	28449	Neisseria subflava	reference genome	Complete Genome	2195659	airway_prioritized	0	biological	https://ftp.ncbi.nlm.nih.gov/genomes/all/GCF/005/221/305/GCF_005221305.1_ASM522130v1/GCF_005221305.1_ASM522130v1_genomic.fna.gz	https://ftp.ncbi.nlm.nih.gov/genomes/all/GCF/005/221/305/GCF_005221305.1_ASM522130v1/md5checksums.txt	Bacteria	Pseudomonadota	Betaproteobacteria	Neisseriales	Neisseriaceae	Neisseria	Neisseria subflava	9a10c3b81763729a351c6dc4e9fb908a	254418c781644604c1f31575f506010b645ad4bcbf4518cd14fb8d3eefc5c12e	642634	eligible	ASV_d961619b35fbc3b9	4	2195659	GCF_005221305.1.fna.gz
GCF_001553915.1	1785995	1785995	Gemella sp. oral taxon 928	na	Complete Genome	1769679	airway_prioritized	0	biological	https://ftp.ncbi.nlm.nih.gov/genomes/all/GCF/001/553/915/GCF_001553915.1_ASM155391v1/GCF_001553915.1_ASM155391v1_genomic.fna.gz	https://ftp.ncbi.nlm.nih.gov/genomes/all/GCF/001/553/915/GCF_001553915.1_ASM155391v1/md5checksums.txt	Bacteria	Bacillota	Bacilli	Caryophanales	Gemellaceae	Gemella	Gemella sp. oral taxon 928	5ec6176e93c0694c4e63fe94eadf2eff	95c7a0085174251844a5d1e7ffd1188c4a524606b80e7bbf8a5138083ca3ca64	507597	eligible	ASV_e4cac44837c8a12d	4	1769679	GCF_001553915.1.fna.gz
GCF_900475905.1	504	504	Kingella kingae	reference genome	Complete Genome	2006553	airway_prioritized	0	biological	https://ftp.ncbi.nlm.nih.gov/genomes/all/GCF/900/475/905/GCF_900475905.1_49595_E01/GCF_900475905.1_49595_E01_genomic.fna.gz	https://ftp.ncbi.nlm.nih.gov/genomes/all/GCF/900/475/905/GCF_900475905.1_49595_E01/md5checksums.txt	Bacteria	Pseudomonadota	Betaproteobacteria	Neisseriales	Neisseriaceae	Kingella	Kingella kingae	417a3bf271934660d3939deb85cbf775	e27e3b24fbdd6f3c9d4ccd3d63fba1d04066c0aabc5d118e0d594170570df736	578370	eligible	ASV_2a95429c6afc448e	4	2006553	GCF_900475905.1.fna.gz
GCF_050885575.1	2911969	2911969	Moraxella sp. ZY21109	na	Complete Genome	2363478	airway_prioritized	0	biological	https://ftp.ncbi.nlm.nih.gov/genomes/all/GCF/050/885/575/GCF_050885575.1_ASM5088557v1/GCF_050885575.1_ASM5088557v1_genomic.fna.gz	https://ftp.ncbi.nlm.nih.gov/genomes/all/GCF/050/885/575/GCF_050885575.1_ASM5088557v1/md5checksums.txt	Bacteria	Pseudomonadota	Gammaproteobacteria	Moraxellales	Moraxellaceae	Moraxella	Moraxella sp. ZY21109	d0120b4ad3ca00b30cf8648bac868458	8448eb4a4fb34a85b06bdb6d36d82e63e388922658db43674d5f41a1335c9bc0	683627	eligible	ASV_01193b4b7e2e0b4c	5	2363478	GCF_050885575.1.fna.gz
GCF_057839765.1	3465270	3465270	Stenotrophomonas sp. KH_029	na	Complete Genome	4324089	airway_prioritized	0	biological	https://ftp.ncbi.nlm.nih.gov/genomes/all/GCF/057/839/765/GCF_057839765.1_ASM5783976v1/GCF_057839765.1_ASM5783976v1_genomic.fna.gz	https://ftp.ncbi.nlm.nih.gov/genomes/all/GCF/057/839/765/GCF_057839765.1_ASM5783976v1/md5checksums.txt	Bacteria	Pseudomonadota	Gammaproteobacteria	Lysobacterales	Lysobacteraceae	Stenotrophomonas	Stenotrophomonas sp. KH_029	7b39d4d38ebafcb250e8244a99a4811e	0fb296c36863f82d64530fafa50782db3bf1a4fee29593b3cd63b7fa83266407	1224105	eligible	ASV_5dae0aaa43d66272	3	4324089	GCF_057839765.1.fna.gz
GCF_050780165.1	1261	1261	Peptostreptococcus anaerobius	na	Complete Genome	2151941	airway_prioritized	0	biological	https://ftp.ncbi.nlm.nih.gov/genomes/all/GCF/050/780/165/GCF_050780165.1_ASM5078016v1/GCF_050780165.1_ASM5078016v1_genomic.fna.gz	https://ftp.ncbi.nlm.nih.gov/genomes/all/GCF/050/780/165/GCF_050780165.1_ASM5078016v1/md5checksums.txt	Bacteria	Bacillota	Clostridia	Peptostreptococcales	Peptostreptococcaceae	Peptostreptococcus	Peptostreptococcus anaerobius	f53820bdf24748198c9815d2e95d79fa	42a4e51e0f767c7031890eae351073a14635bc966eb0045d919b499057e011e3	624488	eligible	ASV_220d3785a7092e04	6	2151941	GCF_050780165.1.fna.gz
GCF_016599815.1	1287640	1287640	Anaerococcus obesiensis	reference genome	Complete Genome	1894618	airway_prioritized	0	biological	https://ftp.ncbi.nlm.nih.gov/genomes/all/GCF/016/599/815/GCF_016599815.1_ASM1659981v1/GCF_016599815.1_ASM1659981v1_genomic.fna.gz	https://ftp.ncbi.nlm.nih.gov/genomes/all/GCF/016/599/815/GCF_016599815.1_ASM1659981v1/md5checksums.txt	Bacteria	Bacillota	Tissierellia	Tissierellales	Peptoniphilaceae	Anaerococcus	Anaerococcus obesiensis	3bfac2689b6531c6e302c262a281dc5d	79e8e0149e6c84e0e2e4fd593bf225a51ca4221408d65f95e82af2b3bfc35a48	535103	eligible	ASV_918150daf804225a	3	1894618	GCF_016599815.1.fna.gz
GCF_006088815.1	2583851	2583851	Elizabethkingia sp. JS20170427COW	na	Complete Genome	2691279	airway_prioritized	0	biological	https://ftp.ncbi.nlm.nih.gov/genomes/all/GCF/006/088/815/GCF_006088815.1_ASM608881v1/GCF_006088815.1_ASM608881v1_genomic.fna.gz	https://ftp.ncbi.nlm.nih.gov/genomes/all/GCF/006/088/815/GCF_006088815.1_ASM608881v1/md5checksums.txt	Bacteria	Bacteroidota	Flavobacteriia	Flavobacteriales	Weeksellaceae	Elizabethkingia	Elizabethkingia sp. JS20170427COW	a671cfb32ef27250dfa5967fb4708478	1537988ca583d4c41652eb145ada3a246f0a65fb4756d7473cea49b52ff4f656	785889	eligible	ASV_d7b523049012d2cd	5	2691279	GCF_006088815.1.fna.gz
GCF_046097265.1	2913503	2913503	Corynebacterium marquesiae	na	Complete Genome	2473965	airway_prioritized	0	biological	https://ftp.ncbi.nlm.nih.gov/genomes/all/GCF/046/097/265/GCF_046097265.1_ASM4609726v1/GCF_046097265.1_ASM4609726v1_genomic.fna.gz	https://ftp.ncbi.nlm.nih.gov/genomes/all/GCF/046/097/265/GCF_046097265.1_ASM4609726v1/md5checksums.txt	Bacteria	Actinomycetota	Actinomycetes	Mycobacteriales	Corynebacteriaceae	Corynebacterium	Corynebacterium marquesiae	807387276216ae9a45dd467e575f4f7a	e7fbe44f525028ab14f906e1c9eefb477984ecdc7deb13effdca5762303fa836	733780	eligible	ASV_2cbdf596b28a8889	4	2473965	GCF_046097265.1.fna.gz
GCF_019380255.1	131111	131111	Schaalia turicensis	reference genome	Complete Genome	1912310	airway_prioritized	0	biological	https://ftp.ncbi.nlm.nih.gov/genomes/all/GCF/019/380/255/GCF_019380255.1_ASM1938025v1/GCF_019380255.1_ASM1938025v1_genomic.fna.gz	https://ftp.ncbi.nlm.nih.gov/genomes/all/GCF/019/380/255/GCF_019380255.1_ASM1938025v1/md5checksums.txt	Bacteria	Actinomycetota	Actinomycetes	Actinomycetales	Actinomycetaceae	Schaalia	Schaalia turicensis	a9ed557abc04456853fc371a4e65af95	92710d7ad96a1a532642c81832bf7c09c9b5f1a74105c0cffc5a03dd95af3614	568160	eligible	ASV_9e49624b9b9cc213	3	1912310	GCF_019380255.1.fna.gz
GCF_024498275.1	92758	92758	Mycoplasmoides fastidiosum	reference genome	Complete Genome	1221951	airway_prioritized	0	biological	https://ftp.ncbi.nlm.nih.gov/genomes/all/GCF/024/498/275/GCF_024498275.1_ASM2449827v1/GCF_024498275.1_ASM2449827v1_genomic.fna.gz	https://ftp.ncbi.nlm.nih.gov/genomes/all/GCF/024/498/275/GCF_024498275.1_ASM2449827v1/md5checksums.txt	Bacteria	Mycoplasmatota		Mycoplasmoidales	Mycoplasmoidaceae	Mycoplasmoides	Mycoplasmoides fastidiosum	8136de1bab53c1f9b9ca55b4f607e82d	1d44194fc20748ce82bf87e8262b1af12a95edfc762d0e13a104cf0aea4ad72d	344917	eligible	ASV_f8f24824e2819ea6	1	1221951	GCF_024498275.1.fna.gz
GCF_040149425.2	3160989	3160989	Cupriavidus sp. DF5525	na	Complete Genome	9217048	airway_prioritized	0	biological	https://ftp.ncbi.nlm.nih.gov/genomes/all/GCF/040/149/425/GCF_040149425.2_ASM4014942v2/GCF_040149425.2_ASM4014942v2_genomic.fna.gz	https://ftp.ncbi.nlm.nih.gov/genomes/all/GCF/040/149/425/GCF_040149425.2_ASM4014942v2/md5checksums.txt	Bacteria	Pseudomonadota	Betaproteobacteria	Burkholderiales	Burkholderiaceae	Cupriavidus	Cupriavidus sp. DF5525	efdd333f69b564c795fd66ecda2dfd7f	0a82358c3c929343bf040fedc43d8911befd3d1d46b5ff56e1d4a793c9c0051e	2659036	eligible	ASV_f463ea6b59a4e663	6	9217048	GCF_040149425.2.fna.gz
GCF_030253495.1	1659	1659	Actinomyces israelii	reference genome	Complete Genome	3980311	airway_prioritized	0	biological	https://ftp.ncbi.nlm.nih.gov/genomes/all/GCF/030/253/495/GCF_030253495.1_ASM3025349v1/GCF_030253495.1_ASM3025349v1_genomic.fna.gz	https://ftp.ncbi.nlm.nih.gov/genomes/all/GCF/030/253/495/GCF_030253495.1_ASM3025349v1/md5checksums.txt	Bacteria	Actinomycetota	Actinomycetes	Actinomycetales	Actinomycetaceae	Actinomyces	Actinomyces israelii	28ff7d37e348ee472b2f7dcc43f0d7da	eb6d78e1e65dfd896ddb8472271cb89bbfe36ecaa33686fb5720a14ada2d4b27	1116702	eligible	ASV_6adeb18c1b528b92	3	3980311	GCF_030253495.1.fna.gz
GCF_900187255.1	45243	45243	Capnocytophaga haemolytica	reference genome	Complete Genome	2688499	airway_prioritized	0	biological	https://ftp.ncbi.nlm.nih.gov/genomes/all/GCF/900/187/255/GCF_900187255.1_51184_F02/GCF_900187255.1_51184_F02_genomic.fna.gz	https://ftp.ncbi.nlm.nih.gov/genomes/all/GCF/900/187/255/GCF_900187255.1_51184_F02/md5checksums.txt	Bacteria	Bacteroidota	Flavobacteriia	Flavobacteriales	Flavobacteriaceae	Capnocytophaga	Capnocytophaga haemolytica	16f5d9fa8c6409d61f5113310957191c	69ea127c90095e268c252136a19c44e06fe917900aacc4b3f7d6ad79270e0d08	798419	eligible	ASV_14fe5aa7fded14da	4	2688499	GCF_900187255.1.fna.gz
GCF_019890895.1	2873296	2873296	Klebsiella sp. CTHL.F3a	na	Complete Genome	6146223	airway_prioritized	0	biological	https://ftp.ncbi.nlm.nih.gov/genomes/all/GCF/019/890/895/GCF_019890895.1_ASM1989089v1/GCF_019890895.1_ASM1989089v1_genomic.fna.gz	https://ftp.ncbi.nlm.nih.gov/genomes/all/GCF/019/890/895/GCF_019890895.1_ASM1989089v1/md5checksums.txt	Bacteria	Pseudomonadota	Gammaproteobacteria	Enterobacterales	Enterobacteriaceae	Klebsiella	Klebsiella sp. CTHL.F3a	2d4b8d0495be76fc57684a60ffd2a47e	d7c5afaf2cef5990063436c2eb6697a827cb5a3d796cdae238ea8ee6f6dbb746	1820416	eligible	ASV_5a20c9c861702169	8	6146223	GCF_019890895.1.fna.gz
GCF_002119665.1	463040	463040	Bordetella genomosp. 13	na	Complete Genome	5380929	airway_prioritized	0	biological	https://ftp.ncbi.nlm.nih.gov/genomes/all/GCF/002/119/665/GCF_002119665.1_ASM211966v1/GCF_002119665.1_ASM211966v1_genomic.fna.gz	https://ftp.ncbi.nlm.nih.gov/genomes/all/GCF/002/119/665/GCF_002119665.1_ASM211966v1/md5checksums.txt	Bacteria	Pseudomonadota	Betaproteobacteria	Burkholderiales	Alcaligenaceae	Bordetella	Bordetella genomosp. 13	c2d43235b4916e1ec4677a9ec7533e95	4ebe294c49dafa5f5f3ebf079ef8ceeeba1057882b5ca33799e35702376506f7	1536154	eligible	ASV_dedc78ad0fa7c87a	3	5380929	GCF_002119665.1.fna.gz
GCF_054861215.1	3466483	3466483	Streptococcus sp. KHUD_018	na	Complete Genome	2092435	airway_prioritized	0	biological	https://ftp.ncbi.nlm.nih.gov/genomes/all/GCF/054/861/215/GCF_054861215.1_ASM5486121v1/GCF_054861215.1_ASM5486121v1_genomic.fna.gz	https://ftp.ncbi.nlm.nih.gov/genomes/all/GCF/054/861/215/GCF_054861215.1_ASM5486121v1/md5checksums.txt	Bacteria	Bacillota	Bacilli	Lactobacillales	Streptococcaceae	Streptococcus	Streptococcus sp. KHUD_018	4a44624e0cda16043b71842b72a2847a	ceef2166791e1a7cbd40ebbacc6ae7a537c42f8f2d049b2008d455af7b47336a	617691	eligible	ASV_abd410dee4d98246	4	2092435	GCF_054861215.1.fna.gz
GCF_047497155.1	3237371	3237371	Burkholderia sp. 22PA0106	na	Complete Genome	7748036	airway_prioritized	0	biological	https://ftp.ncbi.nlm.nih.gov/genomes/all/GCF/047/497/155/GCF_047497155.1_ASM4749715v1/GCF_047497155.1_ASM4749715v1_genomic.fna.gz	https://ftp.ncbi.nlm.nih.gov/genomes/all/GCF/047/497/155/GCF_047497155.1_ASM4749715v1/md5checksums.txt	Bacteria	Pseudomonadota	Betaproteobacteria	Burkholderiales	Burkholderiaceae	Burkholderia	Burkholderia sp. 22PA0106	7cb63ae2152c18c1beb9f6b1ba3a19de	02a138e59059dd9bba4643eb707a0692adb067b51dcc27322505ae793e2f1d31	2192502	eligible	ASV_72fb180b4629ee5a	5	7748036	GCF_047497155.1.fna.gz
GCF_000010505.1	431947	837	Porphyromonas gingivalis ATCC 33277	reference genome	Complete Genome	2354886	airway_prioritized	0	biological	https://ftp.ncbi.nlm.nih.gov/genomes/all/GCF/000/010/505/GCF_000010505.1_ASM1050v1/GCF_000010505.1_ASM1050v1_genomic.fna.gz	https://ftp.ncbi.nlm.nih.gov/genomes/all/GCF/000/010/505/GCF_000010505.1_ASM1050v1/md5checksums.txt	Bacteria	Bacteroidota	Bacteroidia	Bacteroidales	Porphyromonadaceae	Porphyromonas	Porphyromonas gingivalis	a110b72ca72ed811651d8a2d93230295	9edcd52036960d5a07084577798177d7a0c0552bb949f5b41adf4d8a774e73aa	696289	eligible	ASV_ad576e435d63ca7f	4	2354886	GCF_000010505.1.fna.gz
GCF_008245005.1	32024	206	Campylobacter sputorum subsp. sputorum	reference genome	Complete Genome	1753386	airway_prioritized	0	biological	https://ftp.ncbi.nlm.nih.gov/genomes/all/GCF/008/245/005/GCF_008245005.1_ASM824500v1/GCF_008245005.1_ASM824500v1_genomic.fna.gz	https://ftp.ncbi.nlm.nih.gov/genomes/all/GCF/008/245/005/GCF_008245005.1_ASM824500v1/md5checksums.txt	Bacteria	Campylobacterota	Epsilonproteobacteria	Campylobacterales	Campylobacteraceae	Campylobacter	Campylobacter sputorum	d1cb73794959664fcc4778338227ecd2	b96113ba721476a41c7c593bbdcedbac2f4dd90f11d584ee95e94a4b7cb4655a	497104	eligible	ASV_88b2e4b582eb455d	3	1753386	GCF_008245005.1.fna.gz
GCF_001189555.1	712538	712538	Selenomonas sp. oral taxon 478	na	Complete Genome	2284135	airway_prioritized	0	biological	https://ftp.ncbi.nlm.nih.gov/genomes/all/GCF/001/189/555/GCF_001189555.1_ASM118955v1/GCF_001189555.1_ASM118955v1_genomic.fna.gz	https://ftp.ncbi.nlm.nih.gov/genomes/all/GCF/001/189/555/GCF_001189555.1_ASM118955v1/md5checksums.txt	Bacteria	Bacillota	Negativicutes	Selenomonadales	Selenomonadaceae	Selenomonas	Selenomonas sp. oral taxon 478	b12e1e86fbe7a83b4fec6aff2358b7f8	ce157b20268f3f4649cb8af6c8493574101aa68eeb4b1112f6e29d7a73f9e03a	671058	eligible	ASV_c31f6ffe6599c0d8	4	2284135	GCF_001189555.1.fna.gz
GCF_000953135.1	1212491	96230	Legionella fallonii LLAP-10	reference genome	Complete Genome	4434890	airway_prioritized	0	biological	https://ftp.ncbi.nlm.nih.gov/genomes/all/GCF/000/953/135/GCF_000953135.1_LFA/GCF_000953135.1_LFA_genomic.fna.gz	https://ftp.ncbi.nlm.nih.gov/genomes/all/GCF/000/953/135/GCF_000953135.1_LFA/md5checksums.txt	Bacteria	Pseudomonadota	Gammaproteobacteria	Legionellales	Legionellaceae	Legionella	Legionella fallonii	f38be99f543afc64d7ddf656e26c4ae0	c5be264c26ae1e17b208acd20a314f0bb693552c988bbdf56d2a968af9f1b1fe	1316003	eligible	ASV_cf98059086b2f1e9	4	4434890	GCF_000953135.1.fna.gz
GCF_022370415.1	1772	1772	Mycolicibacterium smegmatis	reference genome	Complete Genome	6895172	airway_prioritized	0	biological	https://ftp.ncbi.nlm.nih.gov/genomes/all/GCF/022/370/415/GCF_022370415.1_ASM2237041v1/GCF_022370415.1_ASM2237041v1_genomic.fna.gz	https://ftp.ncbi.nlm.nih.gov/genomes/all/GCF/022/370/415/GCF_022370415.1_ASM2237041v1/md5checksums.txt	Bacteria	Actinomycetota	Actinomycetes	Mycobacteriales	Mycobacteriaceae	Mycolicibacterium	Mycolicibacterium smegmatis	633d25c759cce3d2f5fc3f19fb2d0f76	a7af6b2ba3945e938ee05d0d8bf412a4fbb53bee9692b532dd6de80af40dc1c4	1969257	eligible	ASV_b7f1ddc9619c32fe	2	6895172	GCF_022370415.1.fna.gz
GCF_000242335.1	908937	52227	Prevotella dentalis DSM 3688	reference genome	Complete Genome	3350206	airway_prioritized	0	biological	https://ftp.ncbi.nlm.nih.gov/genomes/all/GCF/000/242/335/GCF_000242335.1_ASM24233v3/GCF_000242335.1_ASM24233v3_genomic.fna.gz	https://ftp.ncbi.nlm.nih.gov/genomes/all/GCF/000/242/335/GCF_000242335.1_ASM24233v3/md5checksums.txt	Bacteria	Bacteroidota	Bacteroidia	Bacteroidales	Prevotellaceae	Prevotella	Prevotella dentalis	97665ae26aae3ac2bd5f88518e06c1a6	49349fdfbfdffd6a21d2443e29ee1da1e498a33737bab6d348e0f4fd99626169	992159	eligible	ASV_b6c0a9404820b651	5	3350206	GCF_000242335.1.fna.gz
GCF_027945075.1	2997336	2997336	Chryseobacterium wangxinyae	reference genome	Complete Genome	4090637	airway_prioritized	0	biological	https://ftp.ncbi.nlm.nih.gov/genomes/all/GCF/027/945/075/GCF_027945075.1_ASM2794507v1/GCF_027945075.1_ASM2794507v1_genomic.fna.gz	https://ftp.ncbi.nlm.nih.gov/genomes/all/GCF/027/945/075/GCF_027945075.1_ASM2794507v1/md5checksums.txt	Bacteria	Bacteroidota	Flavobacteriia	Flavobacteriales	Weeksellaceae	Chryseobacterium	Chryseobacterium wangxinyae	1a6d90738f5d92f62fef8873cbd1404e	10ee4000d21d070dc26725194e73330006227f1af22fa6ff8cbdc1ca5ccf0462	1194927	eligible	ASV_12192c0a5fa8e111	5	4090637	GCF_027945075.1.fna.gz
GCF_021183565.1	209247	209247	Nocardia yamanashiensis	reference genome	Complete Genome	8468804	airway_prioritized	0	biological	https://ftp.ncbi.nlm.nih.gov/genomes/all/GCF/021/183/565/GCF_021183565.1_ASM2118356v1/GCF_021183565.1_ASM2118356v1_genomic.fna.gz	https://ftp.ncbi.nlm.nih.gov/genomes/all/GCF/021/183/565/GCF_021183565.1_ASM2118356v1/md5checksums.txt	Bacteria	Actinomycetota	Actinomycetes	Mycobacteriales	Nocardiaceae	Nocardia	Nocardia yamanashiensis	44da81d53e89d15cb0f7d31a47d59a45	b599f5dd5dd13989e90843dda48185f520b64b45fa51acb883d5bd19fd3fa496	2414739	eligible	ASV_259a815550f59cd4	4	8468804	GCF_021183565.1.fna.gz
GCF_016469055.2	2775909	2775909	Serratia sp. PAMC26656	na	Complete Genome	5765014	airway_prioritized	0	biological	https://ftp.ncbi.nlm.nih.gov/genomes/all/GCF/016/469/055/GCF_016469055.2_SM_Ser_1/GCF_016469055.2_SM_Ser_1_genomic.fna.gz	https://ftp.ncbi.nlm.nih.gov/genomes/all/GCF/016/469/055/GCF_016469055.2_SM_Ser_1/md5checksums.txt	Bacteria	Pseudomonadota	Gammaproteobacteria	Enterobacterales	Yersiniaceae	Serratia	Serratia sp. PAMC26656	1a67204dea953935f05d55b26907f301	5f84109564a750a8bcc29286daf167c6d98afc4edff57e04678d17dd91223ca4	1708170	eligible	ASV_1c84a3c2bd9261ea	7	5765014	GCF_016469055.2.fna.gz
GCF_043177155.1	1795832	1795832	Eikenella halliae	na	Complete Genome	2407305	airway_prioritized	0	biological	https://ftp.ncbi.nlm.nih.gov/genomes/all/GCF/043/177/155/GCF_043177155.1_ASM4317715v1/GCF_043177155.1_ASM4317715v1_genomic.fna.gz	https://ftp.ncbi.nlm.nih.gov/genomes/all/GCF/043/177/155/GCF_043177155.1_ASM4317715v1/md5checksums.txt	Bacteria	Pseudomonadota	Betaproteobacteria	Neisseriales	Neisseriaceae	Eikenella	Eikenella halliae	734bf9e0ae8a6daca831a9f3500a2eef	999eae9745291b2f6752a39e96ee0ce278ca556c0c77d9c3571b3206d07d7959	696217	eligible	ASV_182fc7cdb25a9425	4	2407305	GCF_043177155.1.fna.gz
GCF_014337255.1	2764326	2764326	Fusobacterium hominis	reference genome	Complete Genome	2072767	airway_prioritized	0	biological	https://ftp.ncbi.nlm.nih.gov/genomes/all/GCF/014/337/255/GCF_014337255.1_ASM1433725v1/GCF_014337255.1_ASM1433725v1_genomic.fna.gz	https://ftp.ncbi.nlm.nih.gov/genomes/all/GCF/014/337/255/GCF_014337255.1_ASM1433725v1/md5checksums.txt	Bacteria	Fusobacteriota	Fusobacteriia	Fusobacteriales	Fusobacteriaceae	Fusobacterium	Fusobacterium hominis	1993dadec9bedf2c885756b743221254	3116da6b93aa063d98053d0c70e8dffabe8c51523718944d36eaacdedbebfbd9	585735	eligible	ASV_49275f5d0deae671	9	2072767	GCF_014337255.1.fna.gz
GCF_030323705.1	2583589	2583589	Mycobacterium tuberculosis complex sp. N0052	na	Complete Genome	4409093	airway_prioritized	0	biological	https://ftp.ncbi.nlm.nih.gov/genomes/all/GCF/030/323/705/GCF_030323705.1_ASM3032370v1/GCF_030323705.1_ASM3032370v1_genomic.fna.gz	https://ftp.ncbi.nlm.nih.gov/genomes/all/GCF/030/323/705/GCF_030323705.1_ASM3032370v1/md5checksums.txt	Bacteria	Actinomycetota	Actinomycetes	Mycobacteriales	Mycobacteriaceae	Mycobacterium	Mycobacterium tuberculosis complex sp. N0052	7dec5926b9bd40662eb157e39d5d0069	f0b3042021b2f47761dadb8dfe4e85d4219cf3c40e4e0a389726be574ecd2059	1274758	eligible	ASV_3bdba0cb8dcd47ef	1	4409093	GCF_030323705.1.fna.gz
GCF_014268455.2	2745512	2745512	Pseudomonas shahriarae	reference genome	Complete Genome	6054205	airway_prioritized	0	biological	https://ftp.ncbi.nlm.nih.gov/genomes/all/GCF/014/268/455/GCF_014268455.2_ASM1426845v2/GCF_014268455.2_ASM1426845v2_genomic.fna.gz	https://ftp.ncbi.nlm.nih.gov/genomes/all/GCF/014/268/455/GCF_014268455.2_ASM1426845v2/md5checksums.txt	Bacteria	Pseudomonadota	Gammaproteobacteria	Pseudomonadales	Pseudomonadaceae	Pseudomonas	Pseudomonas shahriarae	13b80f19e5676cbb07fbdbd2656a8458	8ec929b414831e577353d8b09068b3db76983211814beec85c7775160c7da94f	1774367	eligible	ASV_498e3954f28186b8	5	6054205	GCF_014268455.2.fna.gz
GCF_023614525.1	3036303	3036303	Peptoniphilus genitalis	reference genome	Complete Genome	1917962	airway_prioritized	0	biological	https://ftp.ncbi.nlm.nih.gov/genomes/all/GCF/023/614/525/GCF_023614525.1_ASM2361452v1/GCF_023614525.1_ASM2361452v1_genomic.fna.gz	https://ftp.ncbi.nlm.nih.gov/genomes/all/GCF/023/614/525/GCF_023614525.1_ASM2361452v1/md5checksums.txt	Bacteria	Bacillota	Tissierellia	Tissierellales	Peptoniphilaceae	Peptoniphilus	Peptoniphilus genitalis	1ff97e4ccc88e9a97d9b46cb29c3c499	89e9c616a7b551420d5c4af0a8d2ff6cf57db7b7b13b478ca5c41161e56ff1b8	554837	eligible	ASV_4045a64a530016f8	3	1917962	GCF_023614525.1.fna.gz
GCF_900187005.1	1294	1294	Staphylococcus muscae	reference genome	Complete Genome	2095116	airway_prioritized	0	biological	https://ftp.ncbi.nlm.nih.gov/genomes/all/GCF/900/187/005/GCF_900187005.1_50569_B01/GCF_900187005.1_50569_B01_genomic.fna.gz	https://ftp.ncbi.nlm.nih.gov/genomes/all/GCF/900/187/005/GCF_900187005.1_50569_B01/md5checksums.txt	Bacteria	Bacillota	Bacilli	Caryophanales	Staphylococcaceae	Staphylococcus	Staphylococcus muscae	cc3e268a85894e32f922d07c1cbb4d7a	8ee822c87268e25a2867cfae5a734c93239dce5bfa31ae138b64c56e6e7cd83f	614149	eligible	ASV_d22a71d322cd3c2b	6	2095116	GCF_900187005.1.fna.gz
GCF_002240055.1	712368	712368	Leptotrichia sp. oral taxon 498	na	Complete Genome	2152181	airway_prioritized	0	biological	https://ftp.ncbi.nlm.nih.gov/genomes/all/GCF/002/240/055/GCF_002240055.1_ASM224005v1/GCF_002240055.1_ASM224005v1_genomic.fna.gz	https://ftp.ncbi.nlm.nih.gov/genomes/all/GCF/002/240/055/GCF_002240055.1_ASM224005v1/md5checksums.txt	Bacteria	Fusobacteriota	Fusobacteriia	Fusobacteriales	Leptotrichiaceae	Leptotrichia	Leptotrichia sp. oral taxon 498	804dbeb50d5a1e1d39cc28c113965e7c	110030d08cf946489bb0bda6589069f6a597389ff87459614f26e5a840804818	608381	eligible	ASV_33727bde3a36d7c7	5	2152181	GCF_002240055.1.fna.gz
GCF_023518055.1	714	714	Aggregatibacter actinomycetemcomitans	reference genome	Complete Genome	2109143	airway_prioritized	0	biological	https://ftp.ncbi.nlm.nih.gov/genomes/all/GCF/023/518/055/GCF_023518055.1_ASM2351805v1/GCF_023518055.1_ASM2351805v1_genomic.fna.gz	https://ftp.ncbi.nlm.nih.gov/genomes/all/GCF/023/518/055/GCF_023518055.1_ASM2351805v1/md5checksums.txt	Bacteria	Pseudomonadota	Gammaproteobacteria	Pasteurellales	Pasteurellaceae	Aggregatibacter	Aggregatibacter actinomycetemcomitans	e836b53bd72a32ba417f28ca7f7cfe0d	8612cb7bcc690bf379c3ccec3d77c347816361211f80da2e5e5d604fe23fc8f4	624879	eligible	ASV_498a01e8307df1fe	6	2109143	GCF_023518055.1.fna.gz
GCF_017753665.1	490	490	Neisseria sicca	reference genome	Complete Genome	2566407	airway_prioritized	0	biological	https://ftp.ncbi.nlm.nih.gov/genomes/all/GCF/017/753/665/GCF_017753665.1_ASM1775366v1/GCF_017753665.1_ASM1775366v1_genomic.fna.gz	https://ftp.ncbi.nlm.nih.gov/genomes/all/GCF/017/753/665/GCF_017753665.1_ASM1775366v1/md5checksums.txt	Bacteria	Pseudomonadota	Betaproteobacteria	Neisseriales	Neisseriaceae	Neisseria	Neisseria sicca	9a5d7a5fbd6e1394864bcd2201b9f3a1	79a38e9b94be009e6b5904a027b7e520b9ff48454ce361e49deb473ac2e0807d	746586	eligible	ASV_4893f3a10ba66f6b	4	2566407	GCF_017753665.1.fna.gz
GCF_020097455.1	1379	1379	Gemella haemolysans	na	Complete Genome	1928240	airway_prioritized	0	biological	https://ftp.ncbi.nlm.nih.gov/genomes/all/GCF/020/097/455/GCF_020097455.1_ASM2009745v1/GCF_020097455.1_ASM2009745v1_genomic.fna.gz	https://ftp.ncbi.nlm.nih.gov/genomes/all/GCF/020/097/455/GCF_020097455.1_ASM2009745v1/md5checksums.txt	Bacteria	Bacillota	Bacilli	Caryophanales	Gemellaceae	Gemella	Gemella haemolysans	6b271fb5b5f631f8dd622e3f3eb1fdfa	9d08cf2a315389419177fdfe6692d74a6fe0c3f9808496623ebb2660cea05d0a	550592	eligible	ASV_3626575dedbabe2a	4	1928240	GCF_020097455.1.fna.gz
GCF_016127355.1	502	502	Kingella denitrificans	reference genome	Complete Genome	2220058	airway_prioritized	0	biological	https://ftp.ncbi.nlm.nih.gov/genomes/all/GCF/016/127/355/GCF_016127355.1_ASM1612735v1/GCF_016127355.1_ASM1612735v1_genomic.fna.gz	https://ftp.ncbi.nlm.nih.gov/genomes/all/GCF/016/127/355/GCF_016127355.1_ASM1612735v1/md5checksums.txt	Bacteria	Pseudomonadota	Betaproteobacteria	Neisseriales	Neisseriaceae	Kingella	Kingella denitrificans	2666e514ec36b3531d5869625b130583	da77b1e559fbe57b97f27f240629082ffa6465baa3429039fae1f8dee49b392a	642144	eligible	ASV_08d2fc6b46eb9db1	4	2220058	GCF_016127355.1.fna.gz
GCF_016726365.1	172042	172042	Rothia aeria	reference genome	Complete Genome	2583917	airway_prioritized	0	biological	https://ftp.ncbi.nlm.nih.gov/genomes/all/GCF/016/726/365/GCF_016726365.1_ASM1672636v1/GCF_016726365.1_ASM1672636v1_genomic.fna.gz	https://ftp.ncbi.nlm.nih.gov/genomes/all/GCF/016/726/365/GCF_016726365.1_ASM1672636v1/md5checksums.txt	Bacteria	Actinomycetota	Actinomycetes	Micrococcales	Micrococcaceae	Rothia	Rothia aeria	3435ac9669d612ad1d9ed893daad9248	06449a9e50918a80f32fba41767a9cf0ff3a9d9684e8e7cf5a7b805445091a63	769266	eligible	ASV_2e63ffba34810874	3	2583917	GCF_016726365.1.fna.gz
GCF_900660695.1	29561	29561	Mycoplasmopsis meleagridis	reference genome	Complete Genome	644173	airway_prioritized	0	biological	https://ftp.ncbi.nlm.nih.gov/genomes/all/GCF/900/660/695/GCF_900660695.1_57612_E01-3/GCF_900660695.1_57612_E01-3_genomic.fna.gz	https://ftp.ncbi.nlm.nih.gov/genomes/all/GCF/900/660/695/GCF_900660695.1_57612_E01-3/md5checksums.txt	Bacteria	Mycoplasmatota		Mycoplasmoidales	Metamycoplasmataceae	Mycoplasmopsis	Mycoplasmopsis meleagridis	df30754ccccc09e1d946eef0d6830ece	a7d779eb9d3071c7d8b091212e12f87c5e8f5307a4147217d3d7a3d15dc12694	180308	eligible	ASV_dc36d3d5f3c0c470	2	644173	GCF_900660695.1.fna.gz
GCF_900476075.1	480	480	Moraxella catarrhalis	reference genome	Complete Genome	1907984	airway_prioritized	0	biological	https://ftp.ncbi.nlm.nih.gov/genomes/all/GCF/900/476/075/GCF_900476075.1_49595_F01/GCF_900476075.1_49595_F01_genomic.fna.gz	https://ftp.ncbi.nlm.nih.gov/genomes/all/GCF/900/476/075/GCF_900476075.1_49595_F01/md5checksums.txt	Bacteria	Pseudomonadota	Gammaproteobacteria	Moraxellales	Moraxellaceae	Moraxella	Moraxella catarrhalis	90158bda04a04fcbfe0e84dd054f3655	bbafeec17045e6c6682a1369bf4b55246bb953db8f8eb2aac23f15dd96931f28	558826	eligible	ASV_c90948c4466ac679	4	1907984	GCF_900476075.1.fna.gz
GCF_055394155.1	2652282	2652282	Peptostreptococcus porci	na	Complete Genome	2386046	airway_prioritized	0	biological	https://ftp.ncbi.nlm.nih.gov/genomes/all/GCF/055/394/155/GCF_055394155.1_ASM5539415v1/GCF_055394155.1_ASM5539415v1_genomic.fna.gz	https://ftp.ncbi.nlm.nih.gov/genomes/all/GCF/055/394/155/GCF_055394155.1_ASM5539415v1/md5checksums.txt	Bacteria	Bacillota	Clostridia	Peptostreptococcales	Peptostreptococcaceae	Peptostreptococcus	Peptostreptococcus porci	06e776790c6d419b13f3e813c7724d17	8e8341bb0a3b1349a2b5a973b3963395ceaf27bd18d7c0bbb511861a52ead17d	692291	eligible	ASV_ae80f5abc2fe76e7	5	2386046	GCF_055394155.1.fna.gz
GCF_050262165.1	3388845	3388845	Parvimonas pharyngis	na	Complete Genome	1450702	airway_prioritized	0	biological	https://ftp.ncbi.nlm.nih.gov/genomes/all/GCF/050/262/165/GCF_050262165.1_ASM5026216v1/GCF_050262165.1_ASM5026216v1_genomic.fna.gz	https://ftp.ncbi.nlm.nih.gov/genomes/all/GCF/050/262/165/GCF_050262165.1_ASM5026216v1/md5checksums.txt	Bacteria	Bacillota	Tissierellia	Tissierellales	Peptoniphilaceae	Parvimonas	Parvimonas pharyngis	ad045e745c5645fcb65db0eb54dd509f	e28e5f161db48d8d92f9c1fe60238b07491cd89eff6db0d5b86585a3e665d2cf	408352	eligible	ASV_728a8ec701f9787f	3	1450702	GCF_050262165.1.fna.gz
GCF_057501755.1	54007	54007	Anaerococcus octavius	na	Complete Genome	1838582	airway_prioritized	0	biological	https://ftp.ncbi.nlm.nih.gov/genomes/all/GCF/057/501/755/GCF_057501755.1_ASM5750175v1/GCF_057501755.1_ASM5750175v1_genomic.fna.gz	https://ftp.ncbi.nlm.nih.gov/genomes/all/GCF/057/501/755/GCF_057501755.1_ASM5750175v1/md5checksums.txt	Bacteria	Bacillota	Tissierellia	Tissierellales	Peptoniphilaceae	Anaerococcus	Anaerococcus octavius	77b1e3ce2c5eb09cc1ced15ce7ac1227	c112ef511a8fcf30ad58cdc2b6a636253402a6ee2bb68fab160b15d34627e523	527655	eligible	ASV_bd5432558ccfd465	4	1838582	GCF_057501755.1.fna.gz
GCF_055385675.1	3475535	3475535	Elizabethkingia sp. GTC18459	na	Complete Genome	2225501	airway_prioritized	0	biological	https://ftp.ncbi.nlm.nih.gov/genomes/all/GCF/055/385/675/GCF_055385675.1_ASM5538567v1/GCF_055385675.1_ASM5538567v1_genomic.fna.gz	https://ftp.ncbi.nlm.nih.gov/genomes/all/GCF/055/385/675/GCF_055385675.1_ASM5538567v1/md5checksums.txt	Bacteria	Bacteroidota	Flavobacteriia	Flavobacteriales	Weeksellaceae	Elizabethkingia	Elizabethkingia sp. GTC18459	a85cba21a71cbc8205aeb2dd5766aed7	c7b11f9d4954722425cf242908c633b8e0931ee6ac7b2217ae3554ec9f1f68c0	660618	eligible	ASV_5190e2893486b035	3	2225501	GCF_055385675.1.fna.gz
GCF_038452275.1	3062461	3062461	Corynebacterium mayonis	reference genome	Complete Genome	2349779	airway_prioritized	0	biological	https://ftp.ncbi.nlm.nih.gov/genomes/all/GCF/038/452/275/GCF_038452275.1_ASM3845227v1/GCF_038452275.1_ASM3845227v1_genomic.fna.gz	https://ftp.ncbi.nlm.nih.gov/genomes/all/GCF/038/452/275/GCF_038452275.1_ASM3845227v1/md5checksums.txt	Bacteria	Actinomycetota	Actinomycetes	Mycobacteriales	Corynebacteriaceae	Corynebacterium	Corynebacterium mayonis	62b070c0128e46c97d4673ec0a2aa4c6	8b312622185dc76578fafe835f14461ca21c316b557c6086bf5068aaf69d739c	685273	eligible	ASV_2ee3fdcad06ebd50	4	2349779	GCF_038452275.1.fna.gz
GCF_030644365.1	3059028	3059028	Schaalia sp. HMT-172	na	Complete Genome	2533704	airway_prioritized	0	biological	https://ftp.ncbi.nlm.nih.gov/genomes/all/GCF/030/644/365/GCF_030644365.1_ASM3064436v1/GCF_030644365.1_ASM3064436v1_genomic.fna.gz	https://ftp.ncbi.nlm.nih.gov/genomes/all/GCF/030/644/365/GCF_030644365.1_ASM3064436v1/md5checksums.txt	Bacteria	Actinomycetota	Actinomycetes	Actinomycetales	Actinomycetaceae	Schaalia	Schaalia sp. HMT-172	8eb84adee58294af2a1623b64120d1f4	916d15f2d5486a36ed411d136fe2b15aba5fd25536d0d0bd555906e8b61eba73	728454	eligible	ASV_03584d12f9884ca0	3	2533704	GCF_030644365.1.fna.gz
GCF_024704525.1	2508289	2508289	Pandoraea commovens	reference genome	Complete Genome	6056872	airway_prioritized	0	biological	https://ftp.ncbi.nlm.nih.gov/genomes/all/GCF/024/704/525/GCF_024704525.1_ASM2470452v1/GCF_024704525.1_ASM2470452v1_genomic.fna.gz	https://ftp.ncbi.nlm.nih.gov/genomes/all/GCF/024/704/525/GCF_024704525.1_ASM2470452v1/md5checksums.txt	Bacteria	Pseudomonadota	Betaproteobacteria	Burkholderiales	Burkholderiaceae	Pandoraea	Pandoraea commovens	87f271749837b7afc87773daf91e883e	bdc530106f7ad465eb301095fa6420964aa61ed0e79a7dfb94f7b45b98a68218	1765170	eligible	ASV_fae8c01520987b07	4	6056872	GCF_024704525.1.fna.gz
GCF_003402535.2	2027911	2027911	Cupriavidus sp. P-10	na	Complete Genome	9083096	airway_prioritized	0	biological	https://ftp.ncbi.nlm.nih.gov/genomes/all/GCF/003/402/535/GCF_003402535.2_ASM340253v2/GCF_003402535.2_ASM340253v2_genomic.fna.gz	https://ftp.ncbi.nlm.nih.gov/genomes/all/GCF/003/402/535/GCF_003402535.2_ASM340253v2/md5checksums.txt	Bacteria	Pseudomonadota	Betaproteobacteria	Burkholderiales	Burkholderiaceae	Cupriavidus	Cupriavidus sp. P-10	43b39a8192fb16efbfa9cb61d997fd02	27c99a3cff393e4718ef955ee6e87f3ae19e006b58dc2e3eb3ea6160dcb67c6a	2622338	eligible	ASV_cd0b6ba1e833b5eb	6	9083096	GCF_003402535.2.fna.gz
GCF_016694895.1	2789425	2789425	Actinomyces sp. HMT 175	na	Complete Genome	3024208	airway_prioritized	0	biological	https://ftp.ncbi.nlm.nih.gov/genomes/all/GCF/016/694/895/GCF_016694895.1_ASM1669489v1/GCF_016694895.1_ASM1669489v1_genomic.fna.gz	https://ftp.ncbi.nlm.nih.gov/genomes/all/GCF/016/694/895/GCF_016694895.1_ASM1669489v1/md5checksums.txt	Bacteria	Actinomycetota	Actinomycetes	Actinomycetales	Actinomycetaceae	Actinomyces	Actinomyces sp. HMT 175	1c9c51d188a73abd9d8c48805e83c9f7	382aa378bf2e45292931b3afbef529474e9a0c7f2e4cc9b345206f7e9938c7ee	861126	eligible	ASV_beb2649a58b2d6b6	3	3024208	GCF_016694895.1.fna.gz
GCF_009730375.1	2545799	2545799	Capnocytophaga sp. FDAARGOS_737	na	Complete Genome	2652717	airway_prioritized	0	biological	https://ftp.ncbi.nlm.nih.gov/genomes/all/GCF/009/730/375/GCF_009730375.1_ASM973037v1/GCF_009730375.1_ASM973037v1_genomic.fna.gz	https://ftp.ncbi.nlm.nih.gov/genomes/all/GCF/009/730/375/GCF_009730375.1_ASM973037v1/md5checksums.txt	Bacteria	Bacteroidota	Flavobacteriia	Flavobacteriales	Flavobacteriaceae	Capnocytophaga	Capnocytophaga sp. FDAARGOS_737	8a6fbd3a4ee56c111b4bf9cc2bdb974f	16e9951934de49a656b5c83a1729faaeb0cadff74253d09acfe86e4a38a79181	778622	eligible	ASV_1d9d89a10006b454	4	2652717	GCF_009730375.1.fna.gz
GCF_000212375.1	879243	28123	Porphyromonas asaccharolytica DSM 20707	reference genome	Complete Genome	2186370	airway_prioritized	0	biological	https://ftp.ncbi.nlm.nih.gov/genomes/all/GCF/000/212/375/GCF_000212375.1_ASM21237v1/GCF_000212375.1_ASM21237v1_genomic.fna.gz	https://ftp.ncbi.nlm.nih.gov/genomes/all/GCF/000/212/375/GCF_000212375.1_ASM21237v1/md5checksums.txt	Bacteria	Bacteroidota	Bacteroidia	Bacteroidales	Porphyromonadaceae	Porphyromonas	Porphyromonas asaccharolytica	4589038629433d9fd59128e326abbbb0	f8699586c846f544f0a37cee1611852c0105f66c32b1c9d0381e6203968a290d	649223	eligible	ASV_5223f49882ff9c13	2	2186370	GCF_000212375.1.fna.gz
GCF_013201895.1	2042961	2042961	Campylobacter blaseri	reference genome	Complete Genome	1891678	airway_prioritized	0	biological	https://ftp.ncbi.nlm.nih.gov/genomes/all/GCF/013/201/895/GCF_013201895.1_ASM1320189v1/GCF_013201895.1_ASM1320189v1_genomic.fna.gz	https://ftp.ncbi.nlm.nih.gov/genomes/all/GCF/013/201/895/GCF_013201895.1_ASM1320189v1/md5checksums.txt	Bacteria	Campylobacterota	Epsilonproteobacteria	Campylobacterales	Campylobacteraceae	Campylobacter	Campylobacter blaseri	776b670d4908891e4fdb3bfe83fd23ef	ee941e617a1790a87993fe45bb2873351c76076f59c1a230195bd97b7df10b73	533872	eligible	ASV_a10d4f387f182eed	3	1891678	GCF_013201895.1.fna.gz
GCF_000775995.1	1539298	1539298	Treponema sp. OMZ 838	na	Complete Genome	2708067	airway_prioritized	0	biological	https://ftp.ncbi.nlm.nih.gov/genomes/all/GCF/000/775/995/GCF_000775995.1_ASM77599v1/GCF_000775995.1_ASM77599v1_genomic.fna.gz	https://ftp.ncbi.nlm.nih.gov/genomes/all/GCF/000/775/995/GCF_000775995.1_ASM77599v1/md5checksums.txt	Bacteria	Spirochaetota	Spirochaetia	Treponematales	Treponemataceae	Treponema	Treponema sp. OMZ 838	1a4fbc424ea4958d536900f623a2828e	c3826d456a5d236542ee781b579d66f0b6e3ede2a7d907eb590c86ae6be4e539	802273	eligible	ASV_fb530b16b0e4b8d6	2	2708067	GCF_000775995.1.fna.gz
GCF_014109825.1	2755562	2755562	Legionella sp. PC997	na	Complete Genome	3979593	airway_prioritized	0	biological	https://ftp.ncbi.nlm.nih.gov/genomes/all/GCF/014/109/825/GCF_014109825.1_ASM1410982v1/GCF_014109825.1_ASM1410982v1_genomic.fna.gz	https://ftp.ncbi.nlm.nih.gov/genomes/all/GCF/014/109/825/GCF_014109825.1_ASM1410982v1/md5checksums.txt	Bacteria	Pseudomonadota	Gammaproteobacteria	Legionellales	Legionellaceae	Legionella	Legionella sp. PC997	31e229b76af33dfc08d6b218f19fc2b0	1e0fc9e68979b351cf59e1c2a9e9b046513becaae8a9a9b072fb01f21d34abd9	1182796	eligible	ASV_76aa6ed86cd45b4a	4	3979593	GCF_014109825.1.fna.gz
GCF_010731815.2	1286181	1286181	Mycolicibacterium arabiense	reference genome	Complete Genome	6451210	airway_prioritized	0	biological	https://ftp.ncbi.nlm.nih.gov/genomes/all/GCF/010/731/815/GCF_010731815.2_ASM1073181v2/GCF_010731815.2_ASM1073181v2_genomic.fna.gz	https://ftp.ncbi.nlm.nih.gov/genomes/all/GCF/010/731/815/GCF_010731815.2_ASM1073181v2/md5checksums.txt	Bacteria	Actinomycetota	Actinomycetes	Mycobacteriales	Mycobacteriaceae	Mycolicibacterium	Mycolicibacterium arabiense	5b1f2a9249aa51c05e49182ba78e3794	db42561ecccb4f1bcc76a7f607227a5cb2a9b47b35032dd49a878c6be378573f	1833555	eligible	ASV_b20b3287508e32fa	2	6451210	GCF_010731815.2.fna.gz
GCF_022024055.1	2913620	2913620	Prevotella sp. E2-28	na	Complete Genome	3761659	airway_prioritized	0	biological	https://ftp.ncbi.nlm.nih.gov/genomes/all/GCF/022/024/055/GCF_022024055.1_ASM2202405v1/GCF_022024055.1_ASM2202405v1_genomic.fna.gz	https://ftp.ncbi.nlm.nih.gov/genomes/all/GCF/022/024/055/GCF_022024055.1_ASM2202405v1/md5checksums.txt	Bacteria	Bacteroidota	Bacteroidia	Bacteroidales	Prevotellaceae	Prevotella	Prevotella sp. E2-28	be784bff6f7b812043983ef6c428c9b2	e033845a49b0903dbb708d700157f27e077e024847163c72967f0ddb3ac53bc3	1123439	eligible	ASV_b5639ddb46458bdb	4	3761659	GCF_022024055.1.fna.gz
GCF_022965695.1	192389	192389	Chryseobacterium daecheongense	na	Complete Genome	3799034	airway_prioritized	0	biological	https://ftp.ncbi.nlm.nih.gov/genomes/all/GCF/022/965/695/GCF_022965695.1_ASM2296569v1/GCF_022965695.1_ASM2296569v1_genomic.fna.gz	https://ftp.ncbi.nlm.nih.gov/genomes/all/GCF/022/965/695/GCF_022965695.1_ASM2296569v1/md5checksums.txt	Bacteria	Bacteroidota	Flavobacteriia	Flavobacteriales	Weeksellaceae	Chryseobacterium	Chryseobacterium daecheongense	768ebf0a01e5ee6ceaecbaa832807ac5	70a78f67534df1edd716aaab785ac0551ef8bc282dff292fd27af823d386ea25	1111339	eligible	ASV_e9da71559c6e0d97	4	3799034	GCF_022965695.1.fna.gz
GCF_900187285.1	248315	248315	Veillonella rodentium	reference genome	Complete Genome	2041290	airway_prioritized	0	biological	https://ftp.ncbi.nlm.nih.gov/genomes/all/GCF/900/187/285/GCF_900187285.1_51342_C02/GCF_900187285.1_51342_C02_genomic.fna.gz	https://ftp.ncbi.nlm.nih.gov/genomes/all/GCF/900/187/285/GCF_900187285.1_51342_C02/md5checksums.txt	Bacteria	Bacillota	Negativicutes	Veillonellales	Veillonellaceae	Veillonella	Veillonella rodentium	3ac0145a43fd865d98542ed5245939b0	edfaa930949b0a53c8cd874a82f92f633778fb1215f19565f98b028b5db4f595	606562	eligible	ASV_4bfec7379d88ec0e	4	2041290	GCF_900187285.1.fna.gz
GCF_900187105.1	539	539	Eikenella corrodens	reference genome	Complete Genome	2192577	airway_prioritized	0	biological	https://ftp.ncbi.nlm.nih.gov/genomes/all/GCF/900/187/105/GCF_900187105.1_50618_F01/GCF_900187105.1_50618_F01_genomic.fna.gz	https://ftp.ncbi.nlm.nih.gov/genomes/all/GCF/900/187/105/GCF_900187105.1_50618_F01/md5checksums.txt	Bacteria	Pseudomonadota	Betaproteobacteria	Neisseriales	Neisseriaceae	Eikenella	Eikenella corrodens	f18c063e5069c8c735a897cba773782f	b9ad742ae92ee30efbe200c30353958b3c9db03c54b0a4c2e3933e3ec8821b3c	639819	eligible	ASV_6d4df8c3c9b2d35e	4	2192577	GCF_900187105.1.fna.gz
GCF_965119615.1	2686067	2686067	Fusobacterium watanabei	reference genome	Complete Genome	1981216	airway_prioritized	0	biological	https://ftp.ncbi.nlm.nih.gov/genomes/all/GCF/965/119/615/GCF_965119615.1_CCUG74246T/GCF_965119615.1_CCUG74246T_genomic.fna.gz	https://ftp.ncbi.nlm.nih.gov/genomes/all/GCF/965/119/615/GCF_965119615.1_CCUG74246T/md5checksums.txt	Bacteria	Fusobacteriota	Fusobacteriia	Fusobacteriales	Fusobacteriaceae	Fusobacterium	Fusobacterium watanabei	55bae2aed3f35aa054ccb54574d45211	ae8cc047a1d919ad9f07a19d729d169fc4348e30cd0d389a5adb547c810f6183	552009	eligible	ASV_fcfe08116c0a2be3	5	1981216	GCF_965119615.1.fna.gz
GCF_979258585.1	3681995	3681995	Pseudomonas sp. AC136	na	Complete Genome	5368245	airway_prioritized	0	biological	https://ftp.ncbi.nlm.nih.gov/genomes/all/GCF/979/258/585/GCF_979258585.1_AC136/GCF_979258585.1_AC136_genomic.fna.gz	https://ftp.ncbi.nlm.nih.gov/genomes/all/GCF/979/258/585/GCF_979258585.1_AC136/md5checksums.txt	Bacteria	Pseudomonadota	Gammaproteobacteria	Pseudomonadales	Pseudomonadaceae	Pseudomonas	Pseudomonas sp. AC136	9e744889fe119f5be2d649c0fcd71d55	f8626f54a3c274dc266e9ecf12f64351185d7a2e040029f427803108bee0f70d	1566725	eligible	ASV_74d2642d8317a1e2	4	5368245	GCF_979258585.1.fna.gz
GCF_059740525.1	1673725	1673725	Peptoniphilus lacydonensis	na	Complete Genome	1772558	airway_prioritized	0	biological	https://ftp.ncbi.nlm.nih.gov/genomes/all/GCF/059/740/525/GCF_059740525.1_ASM5974052v1/GCF_059740525.1_ASM5974052v1_genomic.fna.gz	https://ftp.ncbi.nlm.nih.gov/genomes/all/GCF/059/740/525/GCF_059740525.1_ASM5974052v1/md5checksums.txt	Bacteria	Bacillota	Tissierellia	Tissierellales	Peptoniphilaceae	Peptoniphilus	Peptoniphilus lacydonensis	11e6d2a9a0bf30c849fd924a87c0d678	7ea96a21333557baa9b84e2354d6cf7ceab98731610009b12a1ce6aa3241c0a8	504699	eligible	ASV_695f2c61f6c1e3a0	3	1772558	GCF_059740525.1.fna.gz
GCF_054031535.1	3476458	3476458	Staphylococcus sp. mip270_02	na	Complete Genome	2969098	airway_prioritized	0	biological	https://ftp.ncbi.nlm.nih.gov/genomes/all/GCF/054/031/535/GCF_054031535.1_ASM5403153v1/GCF_054031535.1_ASM5403153v1_genomic.fna.gz	https://ftp.ncbi.nlm.nih.gov/genomes/all/GCF/054/031/535/GCF_054031535.1_ASM5403153v1/md5checksums.txt	Bacteria	Bacillota	Bacilli	Caryophanales	Staphylococcaceae	Staphylococcus	Staphylococcus sp. mip270_02	9678db8018018ab027fcf53337f040f6	85a6f4f475ba1895f163c91cae3d0b7262d9d979716b3bc90f5a674fd25f88a1	863074	eligible	ASV_798f05c214944c32	7	2969098	GCF_054031535.1.fna.gz
GCF_002165305.2	2004646	2004646	Acinetobacter sp. WCHA55	na	Complete Genome	3967361	airway_prioritized	0	biological	https://ftp.ncbi.nlm.nih.gov/genomes/all/GCF/002/165/305/GCF_002165305.2_ASM216530v2/GCF_002165305.2_ASM216530v2_genomic.fna.gz	https://ftp.ncbi.nlm.nih.gov/genomes/all/GCF/002/165/305/GCF_002165305.2_ASM216530v2/md5checksums.txt	Bacteria	Pseudomonadota	Gammaproteobacteria	Moraxellales	Moraxellaceae	Acinetobacter	Acinetobacter sp. WCHA55	1b9c450f0c407690105f41be6c1d18cb	de576a98208c60f0a86f5a96fec4c93b29dc9412dd128c199f12a79568157b19	1177420	eligible	ASV_c9fae288f043cc26	7	3967361	GCF_002165305.2.fna.gz
GCF_900638685.1	28091	28091	Neisseria weaveri	reference genome	Complete Genome	2238481	airway_prioritized	0	biological	https://ftp.ncbi.nlm.nih.gov/genomes/all/GCF/900/638/685/GCF_900638685.1_58882_C02/GCF_900638685.1_58882_C02_genomic.fna.gz	https://ftp.ncbi.nlm.nih.gov/genomes/all/GCF/900/638/685/GCF_900638685.1_58882_C02/md5checksums.txt	Bacteria	Pseudomonadota	Betaproteobacteria	Neisseriales	Neisseriaceae	Neisseria	Neisseria weaveri	f19d9945369bc6a47343296554f1a690	2c627575950e3fbabc0c968fb0aa902f1383677d437d02eb57804d568d151056	654261	eligible	ASV_578530ee3ac4fefd	4	2238481	GCF_900638685.1.fna.gz
GCF_014054985.1	505	505	Kingella oralis	reference genome	Complete Genome	2420532	airway_prioritized	0	biological	https://ftp.ncbi.nlm.nih.gov/genomes/all/GCF/014/054/985/GCF_014054985.1_ASM1405498v1/GCF_014054985.1_ASM1405498v1_genomic.fna.gz	https://ftp.ncbi.nlm.nih.gov/genomes/all/GCF/014/054/985/GCF_014054985.1_ASM1405498v1/md5checksums.txt	Bacteria	Pseudomonadota	Betaproteobacteria	Neisseriales	Neisseriaceae	Kingella	Kingella oralis	dc4b0ff3f2c4e02e9dd8c578ba1e01ad	d8fac1ce4bd0f08cc54a315122ee16bad37fc4ab967614355bc940616e3adbad	695238	eligible	ASV_1822605d69e080c2	4	2420532	GCF_014054985.1.fna.gz
GCF_000011025.1	680646	43675	Rothia mucilaginosa DY-18	na	Complete Genome	2264603	airway_prioritized	0	biological	https://ftp.ncbi.nlm.nih.gov/genomes/all/GCF/000/011/025/GCF_000011025.1_ASM1102v1/GCF_000011025.1_ASM1102v1_genomic.fna.gz	https://ftp.ncbi.nlm.nih.gov/genomes/all/GCF/000/011/025/GCF_000011025.1_ASM1102v1/md5checksums.txt	Bacteria	Actinomycetota	Actinomycetes	Micrococcales	Micrococcaceae	Rothia	Rothia mucilaginosa	ca41e79a19a7019f700b772f68ec7f56	ea99f9560eb90a6c545555f842b4f8bec01dee4c064fee8769576c2c544eec2a	668534	eligible	ASV_da36943cebab9997	3	2264603	GCF_000011025.1.fna.gz
GCF_000969765.1	1267001	2109	Mycoplasmopsis synoviae ATCC 25204	reference genome	Complete Genome	846495	airway_prioritized	0	biological	https://ftp.ncbi.nlm.nih.gov/genomes/all/GCF/000/969/765/GCF_000969765.1_ASM96976v1/GCF_000969765.1_ASM96976v1_genomic.fna.gz	https://ftp.ncbi.nlm.nih.gov/genomes/all/GCF/000/969/765/GCF_000969765.1_ASM96976v1/md5checksums.txt	Bacteria	Mycoplasmatota		Mycoplasmoidales	Metamycoplasmataceae	Mycoplasmopsis	Mycoplasmopsis synoviae	9690a8299397935e12f2bb13e295649c	e199f2e79372f2b4de6ba35b9e1ab2ab4ab1a0b28a03109fd651939c238218f6	230197	eligible	ASV_d2ed0c149a3aec82	2	846495	GCF_000969765.1.fna.gz
GCF_032248735.1	3076087	3076087	Moraxella sp. DOX410	na	Complete Genome	2600244	airway_prioritized	0	biological	https://ftp.ncbi.nlm.nih.gov/genomes/all/GCF/032/248/735/GCF_032248735.1_ASM3224873v1/GCF_032248735.1_ASM3224873v1_genomic.fna.gz	https://ftp.ncbi.nlm.nih.gov/genomes/all/GCF/032/248/735/GCF_032248735.1_ASM3224873v1/md5checksums.txt	Bacteria	Pseudomonadota	Gammaproteobacteria	Moraxellales	Moraxellaceae	Moraxella	Moraxella sp. DOX410	6f7c294335393cc690441fb1db26f938	0a3fe8cceb241994cdd4cb939cba2334cd9bfacb8844565ea9fa210169236738	769710	eligible	ASV_b24a182c6f2fcd22	4	2600244	GCF_032248735.1.fna.gz
GCF_053295075.1	3456024	3456024	Stenotrophomonas maltophilia group sp. P373	na	Complete Genome	4447769	airway_prioritized	0	biological	https://ftp.ncbi.nlm.nih.gov/genomes/all/GCF/053/295/075/GCF_053295075.1_ASM5329507v1/GCF_053295075.1_ASM5329507v1_genomic.fna.gz	https://ftp.ncbi.nlm.nih.gov/genomes/all/GCF/053/295/075/GCF_053295075.1_ASM5329507v1/md5checksums.txt	Bacteria	Pseudomonadota	Gammaproteobacteria	Lysobacterales	Lysobacteraceae	Stenotrophomonas	Stenotrophomonas maltophilia group sp. P373	947a26eb98c0a946c456492535909609	6e4340d9cd3bc1ee671e57cc1bb7ff2bf7a16f908bd82322cfcd8ca3249554b1	1265192	eligible	ASV_7147dc31ee0044ef	4	4447769	GCF_053295075.1.fna.gz
GCF_030408755.1	131318	131318	Corynebacterium felinum	reference genome	Complete Genome	3236025	airway_prioritized	0	biological	https://ftp.ncbi.nlm.nih.gov/genomes/all/GCF/030/408/755/GCF_030408755.1_ASM3040875v1/GCF_030408755.1_ASM3040875v1_genomic.fna.gz	https://ftp.ncbi.nlm.nih.gov/genomes/all/GCF/030/408/755/GCF_030408755.1_ASM3040875v1/md5checksums.txt	Bacteria	Actinomycetota	Actinomycetes	Mycobacteriales	Corynebacteriaceae	Corynebacterium	Corynebacterium felinum	0ae9dcf5e4a628c2ea58d9fdd180b530	ae70c2215d7a37642dfd5700255c00bfb2eda11c67ede7a57fd3c696aaef273a	960348	eligible	ASV_66e32f008bab7a08	6	3236025	GCF_030408755.1.fna.gz
GCF_018986735.1	2794089	2794089	Schaalia sp. 19OD2882	na	Complete Genome	2563835	airway_prioritized	0	biological	https://ftp.ncbi.nlm.nih.gov/genomes/all/GCF/018/986/735/GCF_018986735.1_ASM1898673v1/GCF_018986735.1_ASM1898673v1_genomic.fna.gz	https://ftp.ncbi.nlm.nih.gov/genomes/all/GCF/018/986/735/GCF_018986735.1_ASM1898673v1/md5checksums.txt	Bacteria	Actinomycetota	Actinomycetes	Actinomycetales	Actinomycetaceae	Schaalia	Schaalia sp. 19OD2882	585d7d1b9a8db2f0268502f00c785626	b28928e6a19e1f9f7b5df42bf8c8663514a161afffcea18be4fcfe387be921fe	732542	eligible	ASV_299abf13216fa12d	3	2563835	GCF_018986735.1.fna.gz
GCF_042984175.1	92757	92757	[Mycoplasma] cavipharyngis	reference genome	Complete Genome	1034253	airway_prioritized	0	biological	https://ftp.ncbi.nlm.nih.gov/genomes/all/GCF/042/984/175/GCF_042984175.1_ASM4298417v1/GCF_042984175.1_ASM4298417v1_genomic.fna.gz	https://ftp.ncbi.nlm.nih.gov/genomes/all/GCF/042/984/175/GCF_042984175.1_ASM4298417v1/md5checksums.txt	Bacteria	Mycoplasmatota		Mycoplasmoidales	Mycoplasmoidaceae	Mycoplasmoides	[Mycoplasma] cavipharyngis	90d885e8b1ad4daf9f18ac8ec337cf6c	7d970edde6d47ba26b77404396c369ee07175ef3075adb56ed34e56499e5b3c0	284157	eligible	ASV_c33a2deea05f04fe	1	1034253	GCF_042984175.1.fna.gz
GCF_050271075.1	3401635	3401635	Cupriavidus sp. H39	na	Complete Genome	7005770	airway_prioritized	0	biological	https://ftp.ncbi.nlm.nih.gov/genomes/all/GCF/050/271/075/GCF_050271075.1_ASM5027107v1/GCF_050271075.1_ASM5027107v1_genomic.fna.gz	https://ftp.ncbi.nlm.nih.gov/genomes/all/GCF/050/271/075/GCF_050271075.1_ASM5027107v1/md5checksums.txt	Bacteria	Pseudomonadota	Betaproteobacteria	Burkholderiales	Burkholderiaceae	Cupriavidus	Cupriavidus sp. H39	ac4a60c4cb7b301918574864cccc3388	3dde06691e141d856ac88322aad775980dafda9445a076025c14a86e3bfcb353	2007147	eligible	ASV_d0548ff2d02f33c0	5	7005770	GCF_050271075.1.fna.gz
GCF_013177295.1	2737173	2737173	Actinomyces marmotae	reference genome	Complete Genome	2419502	airway_prioritized	0	biological	https://ftp.ncbi.nlm.nih.gov/genomes/all/GCF/013/177/295/GCF_013177295.1_ASM1317729v1/GCF_013177295.1_ASM1317729v1_genomic.fna.gz	https://ftp.ncbi.nlm.nih.gov/genomes/all/GCF/013/177/295/GCF_013177295.1_ASM1317729v1/md5checksums.txt	Bacteria	Actinomycetota	Actinomycetes	Actinomycetales	Actinomycetaceae	Actinomyces	Actinomyces marmotae	1be48ef7a7d937221e69849d18651e55	f7399388e114f589aa572414ba1b3fef145eb9779bfbc0704be0413db4f078c6	677199	eligible	ASV_4cf5144c0596200e	3	2419502	GCF_013177295.1.fna.gz
GCF_002302635.1	1848904	1848904	Capnocytophaga stomatis	reference genome	Complete Genome	2831350	airway_prioritized	0	biological	https://ftp.ncbi.nlm.nih.gov/genomes/all/GCF/002/302/635/GCF_002302635.1_ASM230263v1/GCF_002302635.1_ASM230263v1_genomic.fna.gz	https://ftp.ncbi.nlm.nih.gov/genomes/all/GCF/002/302/635/GCF_002302635.1_ASM230263v1/md5checksums.txt	Bacteria	Bacteroidota	Flavobacteriia	Flavobacteriales	Flavobacteriaceae	Capnocytophaga	Capnocytophaga stomatis	96873f435115d599ed75106994855b46	0e97c99a88929d14a906275a2067e23a3a0d85bcbc6f30c1796686f8fd063bea	822991	eligible	ASV_d09a51add0c78e52	3	2831350	GCF_002302635.1.fna.gz
GCF_900636925.1	518	518	Bordetella bronchiseptica	reference genome	Complete Genome	5199761	airway_prioritized	0	biological	https://ftp.ncbi.nlm.nih.gov/genomes/all/GCF/900/636/925/GCF_900636925.1_45137_F01/GCF_900636925.1_45137_F01_genomic.fna.gz	https://ftp.ncbi.nlm.nih.gov/genomes/all/GCF/900/636/925/GCF_900636925.1_45137_F01/md5checksums.txt	Bacteria	Pseudomonadota	Betaproteobacteria	Burkholderiales	Alcaligenaceae	Bordetella	Bordetella bronchiseptica	bc997575d6c0eead2ec2e68e63d18620	dbb450544f7c7a9863dc7e0b4af89d58e6afd97720841568c5070d7c10427a83	1471918	eligible	ASV_12e75eec084723de	3	5199761	GCF_900636925.1.fna.gz
GCF_000019505.1	406425	2978683	Burkholderia orbicola MC0-3	na	Complete Genome	7971389	airway_prioritized	0	biological	https://ftp.ncbi.nlm.nih.gov/genomes/all/GCF/000/019/505/GCF_000019505.1_ASM1950v1/GCF_000019505.1_ASM1950v1_genomic.fna.gz	https://ftp.ncbi.nlm.nih.gov/genomes/all/GCF/000/019/505/GCF_000019505.1_ASM1950v1/md5checksums.txt	Bacteria	Pseudomonadota	Betaproteobacteria	Burkholderiales	Burkholderiaceae	Burkholderia	Burkholderia orbicola	3e59de10bbf3a9bd08827a6841349688	cfcd735216177accc7b14d7ba07ed995ddfae57cbb7062188bba4fb3bf00e98e	2254811	eligible	ASV_4420527a8bdd438c	6	7971389	GCF_000019505.1.fna.gz
GCF_020097375.1	28124	28124	Porphyromonas endodontalis	reference genome	Complete Genome	2102930	airway_prioritized	0	biological	https://ftp.ncbi.nlm.nih.gov/genomes/all/GCF/020/097/375/GCF_020097375.1_ASM2009737v1/GCF_020097375.1_ASM2009737v1_genomic.fna.gz	https://ftp.ncbi.nlm.nih.gov/genomes/all/GCF/020/097/375/GCF_020097375.1_ASM2009737v1/md5checksums.txt	Bacteria	Bacteroidota	Bacteroidia	Bacteroidales	Porphyromonadaceae	Porphyromonas	Porphyromonas endodontalis	2126ff4cb75b7e7c70eee99522b9b142	35e400957d9e67c54b1335add4f80edd7cb2f61bb6f613ca2d473a5ac03c4d97	626265	eligible	ASV_eb05ff421f6b0d28	3	2102930	GCF_020097375.1.fna.gz
GCF_000736415.1	1244531	1244531	Campylobacter iguaniorum	reference genome	Complete Genome	1754638	airway_prioritized	0	biological	https://ftp.ncbi.nlm.nih.gov/genomes/all/GCF/000/736/415/GCF_000736415.1_ASM73641v1/GCF_000736415.1_ASM73641v1_genomic.fna.gz	https://ftp.ncbi.nlm.nih.gov/genomes/all/GCF/000/736/415/GCF_000736415.1_ASM73641v1/md5checksums.txt	Bacteria	Campylobacterota	Epsilonproteobacteria	Campylobacterales	Campylobacteraceae	Campylobacter	Campylobacter iguaniorum	6950f98a546b463cfab5c0db74c2530f	2b8fa97f217f1f9a31990463da63a9132438a47aa32c45844cb1f3720b68bba5	507168	eligible	ASV_eb92397bbf4e35c5	3	1754638	GCF_000736415.1.fna.gz
GCF_000208405.1	546271	69823	Selenomonas sputigena ATCC 35185	reference genome	Complete Genome	2568361	airway_prioritized	0	biological	https://ftp.ncbi.nlm.nih.gov/genomes/all/GCF/000/208/405/GCF_000208405.1_ASM20840v1/GCF_000208405.1_ASM20840v1_genomic.fna.gz	https://ftp.ncbi.nlm.nih.gov/genomes/all/GCF/000/208/405/GCF_000208405.1_ASM20840v1/md5checksums.txt	Bacteria	Bacillota	Negativicutes	Selenomonadales	Selenomonadaceae	Selenomonas	Selenomonas sputigena	6169fde5aa5d0f0d71d77afb569e3dc8	581ddd3d6da1d11c40331a9c5de20dbea61beed8ef19f407c3c14b8551daf2c5	747930	eligible	ASV_53ea373258fd5bb1	4	2568361	GCF_000208405.1.fna.gz
GCF_900635815.1	28084	28084	Legionella cherrii	na	Complete Genome	3729541	airway_prioritized	0	biological	https://ftp.ncbi.nlm.nih.gov/genomes/all/GCF/900/635/815/GCF_900635815.1_34347_B01/GCF_900635815.1_34347_B01_genomic.fna.gz	https://ftp.ncbi.nlm.nih.gov/genomes/all/GCF/900/635/815/GCF_900635815.1_34347_B01/md5checksums.txt	Bacteria	Pseudomonadota	Gammaproteobacteria	Legionellales	Legionellaceae	Legionella	Legionella cherrii	9c61ed8a6343dd2e7e848e67ba78c11f	77c1f695485ad7a79136dd0eea71e8c9df994ddeed0d5a578232fadc2332a719	1109592	eligible	ASV_a4778031cd82ebff	3	3729541	GCF_900635815.1.fna.gz
GCF_000183365.1	880447	2105	Mycoplasma leachii PG50	reference genome	Complete Genome	1008951	airway_prioritized	0	biological	https://ftp.ncbi.nlm.nih.gov/genomes/all/GCF/000/183/365/GCF_000183365.1_ASM18336v1/GCF_000183365.1_ASM18336v1_genomic.fna.gz	https://ftp.ncbi.nlm.nih.gov/genomes/all/GCF/000/183/365/GCF_000183365.1_ASM18336v1/md5checksums.txt	Bacteria	Mycoplasmatota	Mollicutes	Mycoplasmatales	Mycoplasmataceae	Mycoplasma	Mycoplasma leachii	db400cbc8582881dcdec8d5b6e52c40c	07614480c31de7e782f8c8d2b0583739f866c7fb89118ca2281b52c4dcf41621	275375	eligible	ASV_ad6612c8f210620b	2	1008951	GCF_000183365.1.fna.gz
GCF_010731795.1	1249101	1249101	Mycolicibacterium celeriflavum	reference genome	Complete Genome	5024249	airway_prioritized	0	biological	https://ftp.ncbi.nlm.nih.gov/genomes/all/GCF/010/731/795/GCF_010731795.1_ASM1073179v1/GCF_010731795.1_ASM1073179v1_genomic.fna.gz	https://ftp.ncbi.nlm.nih.gov/genomes/all/GCF/010/731/795/GCF_010731795.1_ASM1073179v1/md5checksums.txt	Bacteria	Actinomycetota	Actinomycetes	Mycobacteriales	Mycobacteriaceae	Mycolicibacterium	Mycolicibacterium celeriflavum	f1314e82ce1bacec62d1704379cfa966	11fdde31b9395fb4887679e1fe5234dd1fcfb84cb1f518f3ddeab16126c6f9f9	1441190	eligible	ASV_70a628ca745fef37	2	5024249	GCF_010731795.1.fna.gz
GCF_002998535.1	28113	28113	Prevotella heparinolytica	reference genome	Complete Genome	3608975	airway_prioritized	0	biological	https://ftp.ncbi.nlm.nih.gov/genomes/all/GCF/002/998/535/GCF_002998535.1_ASM299853v1/GCF_002998535.1_ASM299853v1_genomic.fna.gz	https://ftp.ncbi.nlm.nih.gov/genomes/all/GCF/002/998/535/GCF_002998535.1_ASM299853v1/md5checksums.txt	Bacteria	Bacteroidota	Bacteroidia	Bacteroidales	Prevotellaceae	Prevotella	Prevotella heparinolytica	8d40d6cb9a04b7f77153616497fa5ec3	b336295cdf9d3bf3bf05335fde0dc04149c1ab8c8fc59777dd7a34b212c3b294	1075797	eligible	ASV_05dbdf716da9d162	4	3608975	GCF_002998535.1.fna.gz
GCF_900187185.1	536441	536441	Chryseobacterium taklimakanense	reference genome	Complete Genome	2764880	airway_prioritized	0	biological	https://ftp.ncbi.nlm.nih.gov/genomes/all/GCF/900/187/185/GCF_900187185.1_50618_E01/GCF_900187185.1_50618_E01_genomic.fna.gz	https://ftp.ncbi.nlm.nih.gov/genomes/all/GCF/900/187/185/GCF_900187185.1_50618_E01/md5checksums.txt	Bacteria	Bacteroidota	Flavobacteriia	Flavobacteriales	Weeksellaceae	Chryseobacterium	Chryseobacterium taklimakanense	94078f0c9d0e49d872ac9eba9df3bb69	80a02280b9c0cfe3cb057bae0b96ee68a6c47e0763aa0acf968a221107914c71	814305	eligible	ASV_96899490109e8724	2	2764880	GCF_900187185.1.fna.gz
GCF_013393365.1	2682456	2682456	Veillonella nakazawae	reference genome	Complete Genome	2097818	airway_prioritized	0	biological	https://ftp.ncbi.nlm.nih.gov/genomes/all/GCF/013/393/365/GCF_013393365.1_ASM1339336v1/GCF_013393365.1_ASM1339336v1_genomic.fna.gz	https://ftp.ncbi.nlm.nih.gov/genomes/all/GCF/013/393/365/GCF_013393365.1_ASM1339336v1/md5checksums.txt	Bacteria	Bacillota	Negativicutes	Veillonellales	Veillonellaceae	Veillonella	Veillonella nakazawae	bddfd51213c1d0c93c973775bcfa4595	3c863b8c8cc057cc896c46591523a814dc543cf78bce95a4ce8536153413d0d2	620317	eligible	ASV_87a2c942d043ec5e	4	2097818	GCF_013393365.1.fna.gz
GCF_905188235.1	2773264	2773264	Serratia sp. Tan611	na	Complete Genome	4963609	airway_prioritized	0	biological	https://ftp.ncbi.nlm.nih.gov/genomes/all/GCF/905/188/235/GCF_905188235.1_ASM90518823v1/GCF_905188235.1_ASM90518823v1_genomic.fna.gz	https://ftp.ncbi.nlm.nih.gov/genomes/all/GCF/905/188/235/GCF_905188235.1_ASM90518823v1/md5checksums.txt	Bacteria	Pseudomonadota	Gammaproteobacteria	Enterobacterales	Yersiniaceae	Serratia	Serratia sp. Tan611	b91a1187d1a63cb08309d540b0210fbc	9980df8ef585072ca4cfaa2fcecfb3cb97b33bae6822c152aa8f687b273d8328	1455216	eligible	ASV_fb218b7bac92ae37	7	4963609	GCF_905188235.1.fna.gz
GCF_031583025.2	3073562	3073562	Mycobacterium pumcae	reference genome	Complete Genome	6901537	airway_prioritized	0	biological	https://ftp.ncbi.nlm.nih.gov/genomes/all/GCF/031/583/025/GCF_031583025.2_ASM3158302v2/GCF_031583025.2_ASM3158302v2_genomic.fna.gz	https://ftp.ncbi.nlm.nih.gov/genomes/all/GCF/031/583/025/GCF_031583025.2_ASM3158302v2/md5checksums.txt	Bacteria	Actinomycetota	Actinomycetes	Mycobacteriales	Mycobacteriaceae	Mycobacterium	Mycobacterium pumcae	ee85167e4d45e49e3415984b090683b9	40bbd0d7de958cb7edc212a727fd7400d92aa1e4555216875570b97b8d7e0502	1963110	eligible	ASV_35d85f7381bdce28	1	6901537	GCF_031583025.2.fna.gz
GCF_057840445.1	77298	77298	Pseudomonas jessenii	na	Complete Genome	6600826	airway_prioritized	0	biological	https://ftp.ncbi.nlm.nih.gov/genomes/all/GCF/057/840/445/GCF_057840445.1_ASM5784044v1/GCF_057840445.1_ASM5784044v1_genomic.fna.gz	https://ftp.ncbi.nlm.nih.gov/genomes/all/GCF/057/840/445/GCF_057840445.1_ASM5784044v1/md5checksums.txt	Bacteria	Pseudomonadota	Gammaproteobacteria	Pseudomonadales	Pseudomonadaceae	Pseudomonas	Pseudomonas jessenii	0fb520b47792b5265e97f380af0ad55d	63b4b6a1144889b90815ec7d67fa1f9c37ffd6e27ad7891afabb77fdb7bbbf27	1934963	eligible	ASV_215ec54a3f826471	7	6600826	GCF_057840445.1.fna.gz
GCF_029024105.1	28090	28090	Acinetobacter lwoffii	reference genome	Complete Genome	3463679	airway_prioritized	0	biological	https://ftp.ncbi.nlm.nih.gov/genomes/all/GCF/029/024/105/GCF_029024105.1_ASM2902410v1/GCF_029024105.1_ASM2902410v1_genomic.fna.gz	https://ftp.ncbi.nlm.nih.gov/genomes/all/GCF/029/024/105/GCF_029024105.1_ASM2902410v1/md5checksums.txt	Bacteria	Pseudomonadota	Gammaproteobacteria	Moraxellales	Moraxellaceae	Acinetobacter	Acinetobacter lwoffii	cf1f3cc5b974726ab87c164de901e9d7	f4385d6efd8f69c03d2ad1c507911abbebf5768e5571b2e3f8271d39ff6ec798	1028959	eligible	ASV_82ff27b3317e091b	7	3463679	GCF_029024105.1.fna.gz
GCF_980469475.1	3450757	3450757	Aggregatibacter sp. HK296	na	Complete Genome	1863859	airway_prioritized	0	biological	https://ftp.ncbi.nlm.nih.gov/genomes/all/GCF/980/469/475/GCF_980469475.1_Aggregatibacter_fructosivorans_Esb25_25890/GCF_980469475.1_Aggregatibacter_fructosivorans_Esb25_25890_genomic.fna.gz	https://ftp.ncbi.nlm.nih.gov/genomes/all/GCF/980/469/475/GCF_980469475.1_Aggregatibacter_fructosivorans_Esb25_25890/md5checksums.txt	Bacteria	Pseudomonadota	Gammaproteobacteria	Pasteurellales	Pasteurellaceae	Aggregatibacter	Aggregatibacter sp. HK296	76502e35739955028c10d70df45458d0	d6e31b764c253ab6ce7b825b16714989b3599a026002cdb2b4df47551eaf4db0	551034	eligible	ASV_582af85cee36d336	6	1863859	GCF_980469475.1.fna.gz
GCF_016127215.1	729	729	Haemophilus parainfluenzae	reference genome	Complete Genome	2141704	airway_prioritized	0	biological	https://ftp.ncbi.nlm.nih.gov/genomes/all/GCF/016/127/215/GCF_016127215.1_ASM1612721v1/GCF_016127215.1_ASM1612721v1_genomic.fna.gz	https://ftp.ncbi.nlm.nih.gov/genomes/all/GCF/016/127/215/GCF_016127215.1_ASM1612721v1/md5checksums.txt	Bacteria	Pseudomonadota	Gammaproteobacteria	Pasteurellales	Pasteurellaceae	Haemophilus	Haemophilus parainfluenzae	236eac33413e836457e4709001ff25e2	6cca945da3629ad6faed8423a35e3d940efed7956f93d103ca2f3e4f972a26df	632736	eligible	ASV_a1389138891ed284	6	2141704	GCF_016127215.1.fna.gz
GCF_014705945.2	169480	169480	Rothia amarae	na	Complete Genome	2483880	airway_prioritized	0	biological	https://ftp.ncbi.nlm.nih.gov/genomes/all/GCF/014/705/945/GCF_014705945.2_ASM1470594v2/GCF_014705945.2_ASM1470594v2_genomic.fna.gz	https://ftp.ncbi.nlm.nih.gov/genomes/all/GCF/014/705/945/GCF_014705945.2_ASM1470594v2/md5checksums.txt	Bacteria	Actinomycetota	Actinomycetes	Micrococcales	Micrococcaceae	Rothia	Rothia amarae	fe6880b35d3f106cda2cbd28fb634f47	7551f5872121537ff5fa7497b7a21d0878c0e3b0e5a39e3649c569d6e1331f49	744232	eligible	ASV_a4ef2bc4490a508a	3	2483880	GCF_014705945.2.fna.gz
GCF_056487185.1	3447185	3447185	Stenotrophomonas sp. 439_Sma	na	Complete Genome	4606313	airway_prioritized	0	biological	https://ftp.ncbi.nlm.nih.gov/genomes/all/GCF/056/487/185/GCF_056487185.1_ASM5648718v1/GCF_056487185.1_ASM5648718v1_genomic.fna.gz	https://ftp.ncbi.nlm.nih.gov/genomes/all/GCF/056/487/185/GCF_056487185.1_ASM5648718v1/md5checksums.txt	Bacteria	Pseudomonadota	Gammaproteobacteria	Lysobacterales	Lysobacteraceae	Stenotrophomonas	Stenotrophomonas sp. 439_Sma	1b8de6d3b4a20598289926dd29cad22a	e426d4f988086f0c10234e552822129231842976adc2e20a16de6d49ebf0011f	1305824	eligible	ASV_44ad646db405ada9	4	4606313	GCF_056487185.1.fna.gz
GCF_045866535.1	2769485	2769485	Parvimonas parva	reference genome	Complete Genome	1447534	airway_prioritized	0	biological	https://ftp.ncbi.nlm.nih.gov/genomes/all/GCF/045/866/535/GCF_045866535.1_ASM4586653v1/GCF_045866535.1_ASM4586653v1_genomic.fna.gz	https://ftp.ncbi.nlm.nih.gov/genomes/all/GCF/045/866/535/GCF_045866535.1_ASM4586653v1/md5checksums.txt	Bacteria	Bacillota	Tissierellia	Tissierellales	Peptoniphilaceae	Parvimonas	Parvimonas parva	5a6f3bad1bc6bd7d6e42a84fa29649de	c1dcafbed0b41a75994120315710dc4bbc265c36c1d1baeffdde7ae16d7381f8	408164	eligible	ASV_56ce014439b7755c	3	1447534	GCF_045866535.1.fna.gz
GCF_011038885.2	2709403	2709403	Schaalia zhouxuedongae	reference genome	Complete Genome	2345961	airway_prioritized	0	biological	https://ftp.ncbi.nlm.nih.gov/genomes/all/GCF/011/038/885/GCF_011038885.2_ASM1103888v2/GCF_011038885.2_ASM1103888v2_genomic.fna.gz	https://ftp.ncbi.nlm.nih.gov/genomes/all/GCF/011/038/885/GCF_011038885.2_ASM1103888v2/md5checksums.txt	Bacteria	Actinomycetota	Actinomycetes	Actinomycetales	Actinomycetaceae	Schaalia	Schaalia zhouxuedongae	59e5b9c9bd8d3388c32f8152f72b83dc	7f641c9cff71443ce14cd9fa1c67cb56c46bb6f2f49960a0a4704d5abeb7432e	695898	eligible	ASV_34f0928ad412b484	3	2345961	GCF_011038885.2.fna.gz
GCF_057073735.1	3377040	3377040	Cupriavidus sp. C1SS-2L	na	Complete Genome	7213776	airway_prioritized	0	biological	https://ftp.ncbi.nlm.nih.gov/genomes/all/GCF/057/073/735/GCF_057073735.1_ASM5707373v1/GCF_057073735.1_ASM5707373v1_genomic.fna.gz	https://ftp.ncbi.nlm.nih.gov/genomes/all/GCF/057/073/735/GCF_057073735.1_ASM5707373v1/md5checksums.txt	Bacteria	Pseudomonadota	Betaproteobacteria	Burkholderiales	Burkholderiaceae	Cupriavidus	Cupriavidus sp. C1SS-2L	1a4382479c069e4c0515391920c3514b	2dc14203559e07361ae19375194e81abfa7b3f224488dbf1d2a74978a592575b	2091667	eligible	ASV_680dfcac4221c4db	6	7213776	GCF_057073735.1.fna.gz
GCF_000023285.1	521097	1018	Capnocytophaga ochracea DSM 7271	reference genome	Complete Genome	2612925	airway_prioritized	0	biological	https://ftp.ncbi.nlm.nih.gov/genomes/all/GCF/000/023/285/GCF_000023285.1_ASM2328v1/GCF_000023285.1_ASM2328v1_genomic.fna.gz	https://ftp.ncbi.nlm.nih.gov/genomes/all/GCF/000/023/285/GCF_000023285.1_ASM2328v1/md5checksums.txt	Bacteria	Bacteroidota	Flavobacteriia	Flavobacteriales	Flavobacteriaceae	Capnocytophaga	Capnocytophaga ochracea	9561bc11319ba27539c9886959527aae	11b23cb3fb0b322b9670b0014edd53e29f368f58de8c772d04513f78883dddf0	769271	eligible	ASV_7568a73d3ec988a5	4	2612925	GCF_000023285.1.fna.gz
GCF_052161805.1	28114	28114	Porphyromonas levii	na	Complete Genome	2562818	airway_prioritized	0	biological	https://ftp.ncbi.nlm.nih.gov/genomes/all/GCF/052/161/805/GCF_052161805.1_ASM5216180v1/GCF_052161805.1_ASM5216180v1_genomic.fna.gz	https://ftp.ncbi.nlm.nih.gov/genomes/all/GCF/052/161/805/GCF_052161805.1_ASM5216180v1/md5checksums.txt	Bacteria	Bacteroidota	Bacteroidia	Bacteroidales	Porphyromonadaceae	Porphyromonas	Porphyromonas levii	ab74c042f2babaea57f8f963a376ff49	169988a8ccc3d74061541a0403cef514bf1de4152a0899cbdb9217ed05358007	760567	eligible	ASV_d1c60e2f6b9d1944	3	2562818	GCF_052161805.1.fna.gz
GCF_013201685.1	1780362	1780362	Campylobacter geochelonis	reference genome	Complete Genome	2167961	airway_prioritized	0	biological	https://ftp.ncbi.nlm.nih.gov/genomes/all/GCF/013/201/685/GCF_013201685.1_ASM1320168v1/GCF_013201685.1_ASM1320168v1_genomic.fna.gz	https://ftp.ncbi.nlm.nih.gov/genomes/all/GCF/013/201/685/GCF_013201685.1_ASM1320168v1/md5checksums.txt	Bacteria	Campylobacterota	Epsilonproteobacteria	Campylobacterales	Campylobacteraceae	Campylobacter	Campylobacter geochelonis	026ce38217f3163148ed37f75d6093c4	768f2b8582f334ec8c56e89110a7c8777492b8640a468a2ee8dd930959d474e9	613556	eligible	ASV_6e627db34c59d745	3	2167961	GCF_013201685.1.fna.gz
GCF_051200785.1	3440865	3440865	Mycoplasma sp. 6243	na	Complete Genome	1124702	airway_prioritized	0	biological	https://ftp.ncbi.nlm.nih.gov/genomes/all/GCF/051/200/785/GCF_051200785.1_ASM5120078v1/GCF_051200785.1_ASM5120078v1_genomic.fna.gz	https://ftp.ncbi.nlm.nih.gov/genomes/all/GCF/051/200/785/GCF_051200785.1_ASM5120078v1/md5checksums.txt	Bacteria	Mycoplasmatota	Mollicutes	Mycoplasmatales	Mycoplasmataceae	Mycoplasma	Mycoplasma sp. 6243	4639d12612d1d8f98cd7690ddab7244a	bcfe1dd2010276c5aa9d347de5913f7e6d4a6f3d8787afa310574f2ba581589d	317633	eligible	ASV_ec95e690d151f621	3	1124702	GCF_051200785.1.fna.gz
GCF_022811665.1	2929799	2929799	Chryseobacterium oryzae	reference genome	Complete Genome	3238712	airway_prioritized	0	biological	https://ftp.ncbi.nlm.nih.gov/genomes/all/GCF/022/811/665/GCF_022811665.1_ASM2281166v1/GCF_022811665.1_ASM2281166v1_genomic.fna.gz	https://ftp.ncbi.nlm.nih.gov/genomes/all/GCF/022/811/665/GCF_022811665.1_ASM2281166v1/md5checksums.txt	Bacteria	Bacteroidota	Flavobacteriia	Flavobacteriales	Weeksellaceae	Chryseobacterium	Chryseobacterium oryzae	8f0b0bba66428c909e1ede28f2794261	8f6fb38b4b9e79fcccb6fb0ce7ecc3a5d6bfe9555dfb8cfb5477450b52d97350	940316	eligible	ASV_2a870c9e148a29f9	5	3238712	GCF_022811665.1.fna.gz
GCF_036051655.1	208602	208602	Nocardia puris	reference genome	Complete Genome	8059414	airway_prioritized	0	biological	https://ftp.ncbi.nlm.nih.gov/genomes/all/GCF/036/051/655/GCF_036051655.1_ASM3605165v1/GCF_036051655.1_ASM3605165v1_genomic.fna.gz	https://ftp.ncbi.nlm.nih.gov/genomes/all/GCF/036/051/655/GCF_036051655.1_ASM3605165v1/md5checksums.txt	Bacteria	Actinomycetota	Actinomycetes	Mycobacteriales	Nocardiaceae	Nocardia	Nocardia puris	e663471611982d199b7faa746482129e	47150cfbaebbbc6df01b222ed5132a8967417c80e4060976b14460ac486e59ed	2279551	eligible	ASV_e3eb08912e2330f4	3	8059414	GCF_036051655.1.fna.gz
GCF_900187015.1	61651	61651	Serratia ficaria	reference genome	Complete Genome	5209973	airway_prioritized	0	biological	https://ftp.ncbi.nlm.nih.gov/genomes/all/GCF/900/187/015/GCF_900187015.1_50465_F01/GCF_900187015.1_50465_F01_genomic.fna.gz	https://ftp.ncbi.nlm.nih.gov/genomes/all/GCF/900/187/015/GCF_900187015.1_50465_F01/md5checksums.txt	Bacteria	Pseudomonadota	Gammaproteobacteria	Enterobacterales	Yersiniaceae	Serratia	Serratia ficaria	076bf2ae6161ca8334f9c5753de38532	94e5c106d02fc3803f6ed994ae125ffa0dc9b391b129bf7a190114a165bd96ae	1518528	eligible	ASV_80d7dbf780e6da69	7	5209973	GCF_900187015.1.fna.gz
GCF_009936235.1	1789	1789	Mycobacterium xenopi	na	Complete Genome	4917655	airway_prioritized	0	biological	https://ftp.ncbi.nlm.nih.gov/genomes/all/GCF/009/936/235/GCF_009936235.1_ASM993623v1/GCF_009936235.1_ASM993623v1_genomic.fna.gz	https://ftp.ncbi.nlm.nih.gov/genomes/all/GCF/009/936/235/GCF_009936235.1_ASM993623v1/md5checksums.txt	Bacteria	Actinomycetota	Actinomycetes	Mycobacteriales	Mycobacteriaceae	Mycobacterium	Mycobacterium xenopi	dfdf0e2d2226376941e736eccf5e6fbb	554a12575cfa102d1ade1cc86c0df0fb6e4d77ad4186bcb5bdc36f03d405af71	1417895	eligible	ASV_5b71c8e5b2a35686	2	4917655	GCF_009936235.1.fna.gz
GCF_052567255.1	3457357	3457357	Pseudomonas sp. McL0111	na	Complete Genome	6405117	airway_prioritized	0	biological	https://ftp.ncbi.nlm.nih.gov/genomes/all/GCF/052/567/255/GCF_052567255.1_McL0111/GCF_052567255.1_McL0111_genomic.fna.gz	https://ftp.ncbi.nlm.nih.gov/genomes/all/GCF/052/567/255/GCF_052567255.1_McL0111/md5checksums.txt	Bacteria	Pseudomonadota	Gammaproteobacteria	Pseudomonadales	Pseudomonadaceae	Pseudomonas	Pseudomonas sp. McL0111	f7dd70402e0bcb5a18691128fe332d83	944382c9c682251e76ba90694f4409a2718986fe2b87f3273c1c24549ecb6b81	1873163	eligible	ASV_94d42265be51d42b	6	6405117	GCF_052567255.1.fna.gz
GCF_016127715.1	33028	33028	Staphylococcus saccharolyticus	reference genome	Complete Genome	2346516	airway_prioritized	0	biological	https://ftp.ncbi.nlm.nih.gov/genomes/all/GCF/016/127/715/GCF_016127715.1_ASM1612771v1/GCF_016127715.1_ASM1612771v1_genomic.fna.gz	https://ftp.ncbi.nlm.nih.gov/genomes/all/GCF/016/127/715/GCF_016127715.1_ASM1612771v1/md5checksums.txt	Bacteria	Bacillota	Bacilli	Caryophanales	Staphylococcaceae	Staphylococcus	Staphylococcus saccharolyticus	f68ec8524abd6a0ed6fce2eb6dfdf860	0c81d4717af093c74530cc33b5802ce270ab5565e2234b1a97b8f79dd9a653e3	685654	eligible	ASV_4aafb85bbfd2ef7d	5	2346516	GCF_016127715.1.fna.gz
GCF_001274535.1	712357	712357	Leptotrichia sp. oral taxon 212	na	Complete Genome	2444904	airway_prioritized	0	biological	https://ftp.ncbi.nlm.nih.gov/genomes/all/GCF/001/274/535/GCF_001274535.1_ASM127453v1/GCF_001274535.1_ASM127453v1_genomic.fna.gz	https://ftp.ncbi.nlm.nih.gov/genomes/all/GCF/001/274/535/GCF_001274535.1_ASM127453v1/md5checksums.txt	Bacteria	Fusobacteriota	Fusobacteriia	Fusobacteriales	Leptotrichiaceae	Leptotrichia	Leptotrichia sp. oral taxon 212	c4ac36e9238883658563dac6ac983ce6	00b3d2028a80a6b490947ff9c3cae317d7b0e4afd50b68cad7a6f9eba5d66f10	696112	eligible	ASV_4f57b85cfbcd2de4	4	2444904	GCF_001274535.1.fna.gz
GCF_029850985.2	3030211	3030211	Rothia similimucilaginosa	reference genome	Complete Genome	2089287	airway_prioritized	0	biological	https://ftp.ncbi.nlm.nih.gov/genomes/all/GCF/029/850/985/GCF_029850985.2_ASM2985098v2/GCF_029850985.2_ASM2985098v2_genomic.fna.gz	https://ftp.ncbi.nlm.nih.gov/genomes/all/GCF/029/850/985/GCF_029850985.2_ASM2985098v2/md5checksums.txt	Bacteria	Actinomycetota	Actinomycetes	Micrococcales	Micrococcaceae	Rothia	Rothia similimucilaginosa	b032465d48f71276352a815b47a8d305	141d74850e70190d49800cb7722ea399df3267bcaeed8c63c38066573b687ec7	620820	eligible	ASV_0ccad99030d0dfde	3	2089287	GCF_029850985.2.fna.gz
GCF_041379755.1	33922	33922	Mycoplasmopsis agassizii	na	Complete Genome	1254345	airway_prioritized	0	biological	https://ftp.ncbi.nlm.nih.gov/genomes/all/GCF/041/379/755/GCF_041379755.1_ASM4137975v1/GCF_041379755.1_ASM4137975v1_genomic.fna.gz	https://ftp.ncbi.nlm.nih.gov/genomes/all/GCF/041/379/755/GCF_041379755.1_ASM4137975v1/md5checksums.txt	Bacteria	Mycoplasmatota		Mycoplasmoidales	Metamycoplasmataceae	Mycoplasmopsis	Mycoplasmopsis agassizii	fd1e89d37f33fea725c1ac0643ceb82f	04779724f9b6f8601dfca2a2ee35e349453c02af26bd5a981413e4ca378b9f2f	352996	eligible	ASV_03c640eaa7b4f87a	1	1254345	GCF_041379755.1.fna.gz
GCF_014083965.1	2682487	2682487	Stenotrophomonas sp. SXG-1	na	Complete Genome	4534602	airway_prioritized	0	biological	https://ftp.ncbi.nlm.nih.gov/genomes/all/GCF/014/083/965/GCF_014083965.1_ASM1408396v1/GCF_014083965.1_ASM1408396v1_genomic.fna.gz	https://ftp.ncbi.nlm.nih.gov/genomes/all/GCF/014/083/965/GCF_014083965.1_ASM1408396v1/md5checksums.txt	Bacteria	Pseudomonadota	Gammaproteobacteria	Lysobacterales	Lysobacteraceae	Stenotrophomonas	Stenotrophomonas sp. SXG-1	fe8fbe3d79773d7a7d64f2f6dc6db999	5d85f342f9165fb506d40357fc272bd3477327d992fb73285b6fdc6ae4d2bcad	1290527	eligible	ASV_6afbf6caacdabdf9	4	4534602	GCF_014083965.1.fna.gz
GCF_949769285.1	3036300	3036300	Anaerococcus sp. Marseille-Q7828	na	Complete Genome	1946085	airway_prioritized	0	biological	https://ftp.ncbi.nlm.nih.gov/genomes/all/GCF/949/769/285/GCF_949769285.1_Q7828/GCF_949769285.1_Q7828_genomic.fna.gz	https://ftp.ncbi.nlm.nih.gov/genomes/all/GCF/949/769/285/GCF_949769285.1_Q7828/md5checksums.txt	Bacteria	Bacillota	Tissierellia	Tissierellales	Peptoniphilaceae	Anaerococcus	Anaerococcus sp. Marseille-Q7828	9c1feda93586629cee1bc5fb725788d4	8bbd78c1ace848221dbb30242245c543dae787e211845c919f19f9712092c526	566016	eligible	ASV_65123838367e3014	4	1946085	GCF_949769285.1.fna.gz
GCF_057584715.1	3414749	3414749	Corynebacterium sp. LaCa_155	na	Complete Genome	2488073	airway_prioritized	0	biological	https://ftp.ncbi.nlm.nih.gov/genomes/all/GCF/057/584/715/GCF_057584715.1_ASM5758471v1/GCF_057584715.1_ASM5758471v1_genomic.fna.gz	https://ftp.ncbi.nlm.nih.gov/genomes/all/GCF/057/584/715/GCF_057584715.1_ASM5758471v1/md5checksums.txt	Bacteria	Actinomycetota	Actinomycetes	Mycobacteriales	Corynebacteriaceae	Corynebacterium	Corynebacterium sp. LaCa_155	3269c0d287a265ff46e343341a8e02ab	a244e17c2baeb52203307a6709267d3d8890c0f2c9d999fb48afab5cb3e68c03	738423	eligible	ASV_b663037ff0072402	4	2488073	GCF_057584715.1.fna.gz
GCF_005886435.1	888050	181487	Schaalia cardiffensis F0333	reference genome	Complete Genome	2230588	airway_prioritized	0	biological	https://ftp.ncbi.nlm.nih.gov/genomes/all/GCF/005/886/435/GCF_005886435.1_ASM588643v1/GCF_005886435.1_ASM588643v1_genomic.fna.gz	https://ftp.ncbi.nlm.nih.gov/genomes/all/GCF/005/886/435/GCF_005886435.1_ASM588643v1/md5checksums.txt	Bacteria	Actinomycetota	Actinomycetes	Actinomycetales	Actinomycetaceae	Schaalia	Schaalia cardiffensis	2404ceb756e0d3704e9623545688a42f	f3ac674096818be590df350ff531393749527d7f87c6bbf4475f4a9e6f73b774	651736	eligible	ASV_aa19917cbfba1ddf	4	2230588	GCF_005886435.1.fna.gz
GCF_900637295.1	52774	52774	Actinomyces slackii	reference genome	Complete Genome	3220508	airway_prioritized	0	biological	https://ftp.ncbi.nlm.nih.gov/genomes/all/GCF/900/637/295/GCF_900637295.1_50477_G01/GCF_900637295.1_50477_G01_genomic.fna.gz	https://ftp.ncbi.nlm.nih.gov/genomes/all/GCF/900/637/295/GCF_900637295.1_50477_G01/md5checksums.txt	Bacteria	Actinomycetota	Actinomycetes	Actinomycetales	Actinomycetaceae	Actinomyces	Actinomyces slackii	044e35ee0f61174e6a74c52f707a1a01	8144c9debb16fa61e4ddf1d606f7134532a1ec56046a3b337a0431baeed795c9	907842	eligible	ASV_1c8314e31515c76a	3	3220508	GCF_900637295.1.fna.gz
GCF_001598035.1	1814128	1814128	Streptococcus halotolerans	reference genome	Complete Genome	2182100	airway_prioritized	0	biological	https://ftp.ncbi.nlm.nih.gov/genomes/all/GCF/001/598/035/GCF_001598035.1_ASM159803v1/GCF_001598035.1_ASM159803v1_genomic.fna.gz	https://ftp.ncbi.nlm.nih.gov/genomes/all/GCF/001/598/035/GCF_001598035.1_ASM159803v1/md5checksums.txt	Bacteria	Bacillota	Bacilli	Lactobacillales	Streptococcaceae	Streptococcus	Streptococcus halotolerans	9cf7d3a7caaaf70defadb36862938ee1	fe30a5e15272b45bc77d0285c4d0b0f5f31ee450093823929c7941e51b302aca	639218	eligible	ASV_cb7782ef72007be6	6	2182100	GCF_001598035.1.fna.gz
GCF_036320655.1	867595	867595	Porphyromonas pogonae	reference genome	Complete Genome	2916423	airway_prioritized	0	biological	https://ftp.ncbi.nlm.nih.gov/genomes/all/GCF/036/320/655/GCF_036320655.1_ASM3632065v1/GCF_036320655.1_ASM3632065v1_genomic.fna.gz	https://ftp.ncbi.nlm.nih.gov/genomes/all/GCF/036/320/655/GCF_036320655.1_ASM3632065v1/md5checksums.txt	Bacteria	Bacteroidota	Bacteroidia	Bacteroidales	Porphyromonadaceae	Porphyromonas	Porphyromonas pogonae	da7f72e701838f9598d46135c3025d62	bb1246eb27505ae86b513eec8f1b4046779e88c0c76c798e3b98d581b6c22b7b	866275	eligible	ASV_96b1dda1e10e68d5	4	2916423	GCF_036320655.1.fna.gz
GCF_000195275.1	869209	167	Treponema succinifaciens DSM 2489	reference genome	Complete Genome	2897425	airway_prioritized	0	biological	https://ftp.ncbi.nlm.nih.gov/genomes/all/GCF/000/195/275/GCF_000195275.1_ASM19527v1/GCF_000195275.1_ASM19527v1_genomic.fna.gz	https://ftp.ncbi.nlm.nih.gov/genomes/all/GCF/000/195/275/GCF_000195275.1_ASM19527v1/md5checksums.txt	Bacteria	Spirochaetota	Spirochaetia	Treponematales	Treponemataceae	Treponema	Treponema succinifaciens	94f874b9b970a08c8574ed2e72651c8d	39d385bc35a87fa7088dd974452b211430bf0fd7746f72fafe1705758aff15fc	832610	eligible	ASV_9218472c818d63bf	4	2897425	GCF_000195275.1.fna.gz
GCF_000953655.1	449	449	Legionella hackeliae	reference genome	Complete Genome	3570857	airway_prioritized	0	biological	https://ftp.ncbi.nlm.nih.gov/genomes/all/GCF/000/953/655/GCF_000953655.1_LHA/GCF_000953655.1_LHA_genomic.fna.gz	https://ftp.ncbi.nlm.nih.gov/genomes/all/GCF/000/953/655/GCF_000953655.1_LHA/md5checksums.txt	Bacteria	Pseudomonadota	Gammaproteobacteria	Legionellales	Legionellaceae	Legionella	Legionella hackeliae	df9db6f9231654f00a4d70e060ebad39	f553d1154b7663df3b689d02846072d181283d6939cb1efbfc64e497b5d78052	1057903	eligible	ASV_753d8d5ff3b381e7	4	3570857	GCF_000953655.1.fna.gz
GCF_963378105.1	3064288	3064288	[Mycobacterium] holstebronense	reference genome	Complete Genome	4794172	airway_prioritized	0	biological	https://ftp.ncbi.nlm.nih.gov/genomes/all/GCF/963/378/105/GCF_963378105.1_MU0102_Flye_MinION/GCF_963378105.1_MU0102_Flye_MinION_genomic.fna.gz	https://ftp.ncbi.nlm.nih.gov/genomes/all/GCF/963/378/105/GCF_963378105.1_MU0102_Flye_MinION/md5checksums.txt	Bacteria	Actinomycetota	Actinomycetes	Mycobacteriales	Mycobacteriaceae	Mycolicibacterium	[Mycobacterium] holstebronense	9f9f9b48cfb418bb9cdb78211523b6a0	8080e271358451d51c271376a621d30819bda7ade510ad1a2b8ad42c2375aa62	1370420	eligible	ASV_9544ef61888151c8	2	4794172	GCF_963378105.1.fna.gz
GCF_019551475.1	2691580	2691580	Prevotella sp. Rep29	na	Complete Genome	2730135	airway_prioritized	0	biological	https://ftp.ncbi.nlm.nih.gov/genomes/all/GCF/019/551/475/GCF_019551475.1_ASM1955147v1/GCF_019551475.1_ASM1955147v1_genomic.fna.gz	https://ftp.ncbi.nlm.nih.gov/genomes/all/GCF/019/551/475/GCF_019551475.1_ASM1955147v1/md5checksums.txt	Bacteria	Bacteroidota	Bacteroidia	Bacteroidales	Prevotellaceae	Prevotella	Prevotella sp. Rep29	32565697d9d408bbf7d896e2a3d21580	76a859ab4589b4b355b46710b6ff5ddf9cc37fa6ba63587dd2236c9c639fd576	811918	eligible	ASV_cc238e906e9a89cd	3	2730135	GCF_019551475.1.fna.gz
GCF_056711625.1	558151	558151	Chryseobacterium angstadtii	na	Complete Genome	5263855	airway_prioritized	0	biological	https://ftp.ncbi.nlm.nih.gov/genomes/all/GCF/056/711/625/GCF_056711625.1_ASM5671162v1/GCF_056711625.1_ASM5671162v1_genomic.fna.gz	https://ftp.ncbi.nlm.nih.gov/genomes/all/GCF/056/711/625/GCF_056711625.1_ASM5671162v1/md5checksums.txt	Bacteria	Bacteroidota	Flavobacteriia	Flavobacteriales	Weeksellaceae	Chryseobacterium	Chryseobacterium angstadtii	c8cbfa13fb2889f414f7f84df2f54c4b	eb533edc3c93552f3df662545b509498bd4b406d1c57dfc803e6675ac869aa43	1537074	eligible	ASV_268633ac3700ce2a	7	5263855	GCF_056711625.1.fna.gz
GCF_045161165.1	2903591	2903591	Nocardia sp. NBC_00511	na	Complete Genome	9198976	airway_prioritized	0	biological	https://ftp.ncbi.nlm.nih.gov/genomes/all/GCF/045/161/165/GCF_045161165.1_ASM4516116v1/GCF_045161165.1_ASM4516116v1_genomic.fna.gz	https://ftp.ncbi.nlm.nih.gov/genomes/all/GCF/045/161/165/GCF_045161165.1_ASM4516116v1/md5checksums.txt	Bacteria	Actinomycetota	Actinomycetes	Mycobacteriales	Nocardiaceae	Nocardia	Nocardia sp. NBC_00511	a7fab8da77583991510dfefeba02f1c1	8475c099e000f953a6b57b2109b34a5e22c312e3e339294846b49d5b79af0754	2631119	eligible	ASV_0341099744968ab7	4	9198976	GCF_045161165.1.fna.gz
GCF_019968705.1	2831895	2831895	Serratia sp. JSRIV004	na	Complete Genome	6188426	airway_prioritized	0	biological	https://ftp.ncbi.nlm.nih.gov/genomes/all/GCF/019/968/705/GCF_019968705.1_ASM1996870v1/GCF_019968705.1_ASM1996870v1_genomic.fna.gz	https://ftp.ncbi.nlm.nih.gov/genomes/all/GCF/019/968/705/GCF_019968705.1_ASM1996870v1/md5checksums.txt	Bacteria	Pseudomonadota	Gammaproteobacteria	Enterobacterales	Yersiniaceae	Serratia	Serratia sp. JSRIV004	3a8a3a267b2e245ace495c8ee79bc0b6	e7a480c765021dcec9e7bd545c4005cee10800080d13c5ff379ad6b572b4df1e	1837035	eligible	ASV_951cdc3e9bc183c4	7	6188426	GCF_019968705.1.fna.gz
GCF_003019655.1	469618	856	Fusobacterium varium ATCC 27725	reference genome	Complete Genome	3346458	airway_prioritized	0	biological	https://ftp.ncbi.nlm.nih.gov/genomes/all/GCF/003/019/655/GCF_003019655.1_ASM301965v1/GCF_003019655.1_ASM301965v1_genomic.fna.gz	https://ftp.ncbi.nlm.nih.gov/genomes/all/GCF/003/019/655/GCF_003019655.1_ASM301965v1/md5checksums.txt	Bacteria	Fusobacteriota	Fusobacteriia	Fusobacteriales	Fusobacteriaceae	Fusobacterium	Fusobacterium varium	c5f0706be943649eaf8589e20f96a58c	ed053eb47fb21e4d062ccf2112dd76b831c79abe07cd2ad4c57a0597a27feb4e	941291	eligible	ASV_fc4a499f109e3c9c	7	3346458	GCF_003019655.1.fna.gz
GCF_034347405.1	3048607	3048607	Pseudomonas sp. CCC3.1	na	Complete Genome	5869888	airway_prioritized	0	biological	https://ftp.ncbi.nlm.nih.gov/genomes/all/GCF/034/347/405/GCF_034347405.1_ASM3434740v1/GCF_034347405.1_ASM3434740v1_genomic.fna.gz	https://ftp.ncbi.nlm.nih.gov/genomes/all/GCF/034/347/405/GCF_034347405.1_ASM3434740v1/md5checksums.txt	Bacteria	Pseudomonadota	Gammaproteobacteria	Pseudomonadales	Pseudomonadaceae	Pseudomonas	Pseudomonas sp. CCC3.1	e3d1dc00fc245c7b73dcab947a17e652	60d4de3e7268688f7af770576784e4c9f6d9e151d82bab4261f7b26b3b46f768	1733335	eligible	ASV_457014d598c85599	7	5869888	GCF_034347405.1.fna.gz
GCF_041199995.1	3239303	3239303	Leptotrichia mesophila	reference genome	Complete Genome	2394387	airway_prioritized	0	biological	https://ftp.ncbi.nlm.nih.gov/genomes/all/GCF/041/199/995/GCF_041199995.1_ASM4119999v1/GCF_041199995.1_ASM4119999v1_genomic.fna.gz	https://ftp.ncbi.nlm.nih.gov/genomes/all/GCF/041/199/995/GCF_041199995.1_ASM4119999v1/md5checksums.txt	Bacteria	Fusobacteriota	Fusobacteriia	Fusobacteriales	Leptotrichiaceae	Leptotrichia	Leptotrichia mesophila	c7db1ac3007f827463511f5b08774744	10fff2ad067b7173f03e2ae7c8773f9b03e96a6c83fa4192d470120b7b392acf	682391	eligible	ASV_a515bf28579a337e	5	2394387	GCF_041199995.1.fna.gz
GCF_002165375.2	2004650	2004650	Acinetobacter chinensis	reference genome	Complete Genome	3737289	airway_prioritized	0	biological	https://ftp.ncbi.nlm.nih.gov/genomes/all/GCF/002/165/375/GCF_002165375.2_ASM216537v2/GCF_002165375.2_ASM216537v2_genomic.fna.gz	https://ftp.ncbi.nlm.nih.gov/genomes/all/GCF/002/165/375/GCF_002165375.2_ASM216537v2/md5checksums.txt	Bacteria	Pseudomonadota	Gammaproteobacteria	Moraxellales	Moraxellaceae	Acinetobacter	Acinetobacter chinensis	f82e939254b5623e779688345576059d	a7e704fb13bb9831c9b883546560bfa75e34b8e2b4e3099631b8b5521d482286	1100537	eligible	ASV_d6dfa318576cb66e	7	3737289	GCF_002165375.2.fna.gz
GCF_047837985.1	3392035	3392035	Neisseria sp. CCUG12390	na	Complete Genome	2557671	airway_prioritized	0	biological	https://ftp.ncbi.nlm.nih.gov/genomes/all/GCF/047/837/985/GCF_047837985.1_ASM4783798v1/GCF_047837985.1_ASM4783798v1_genomic.fna.gz	https://ftp.ncbi.nlm.nih.gov/genomes/all/GCF/047/837/985/GCF_047837985.1_ASM4783798v1/md5checksums.txt	Bacteria	Pseudomonadota	Betaproteobacteria	Neisseriales	Neisseriaceae	Neisseria	Neisseria sp. CCUG12390	54314b1924f3331826e4462d3041c428	06a78d3842c5137ae19833cb440d1b0960f30aa62fc30be24a1eb273426768fd	742448	eligible	ASV_f754359faee7165d	4	2557671	GCF_047837985.1.fna.gz
GCF_059704375.1	3697579	3697579	Haemophilus sp. THUN1690	na	Complete Genome	1868971	airway_prioritized	0	biological	https://ftp.ncbi.nlm.nih.gov/genomes/all/GCF/059/704/375/GCF_059704375.1_ASM5970437v1/GCF_059704375.1_ASM5970437v1_genomic.fna.gz	https://ftp.ncbi.nlm.nih.gov/genomes/all/GCF/059/704/375/GCF_059704375.1_ASM5970437v1/md5checksums.txt	Bacteria	Pseudomonadota	Gammaproteobacteria	Pasteurellales	Pasteurellaceae	Haemophilus	Haemophilus sp. THUN1690	b459c0c280e2c51e7330ae8c7932b39f	da8537a3c88b006edd1baf880f6f645dc769535dd645c5a9ab0f0a63e283b74f	551762	eligible	ASV_60d3f66b2ba6cf57	6	1868971	GCF_059704375.1.fna.gz
GCF_000164695.2	762948	2047	Rothia dentocariosa ATCC 17931	reference genome	Complete Genome	2506025	airway_prioritized	0	biological	https://ftp.ncbi.nlm.nih.gov/genomes/all/GCF/000/164/695/GCF_000164695.2_ASM16469v2/GCF_000164695.2_ASM16469v2_genomic.fna.gz	https://ftp.ncbi.nlm.nih.gov/genomes/all/GCF/000/164/695/GCF_000164695.2_ASM16469v2/md5checksums.txt	Bacteria	Actinomycetota	Actinomycetes	Micrococcales	Micrococcaceae	Rothia	Rothia dentocariosa	72ae1ad00d6edf4a4a49156265383caf	32cf5f6b63caab916d1763731797b7d2ddbe48c28c0ef1d6eeeabff3e5588fb0	749490	eligible	ASV_1c3dbf3a8b9c57ec	3	2506025	GCF_000164695.2.fna.gz
GCF_003285065.1	171279	171279	Mycoplasmopsis anatis	reference genome	Complete Genome	956094	airway_prioritized	0	biological	https://ftp.ncbi.nlm.nih.gov/genomes/all/GCF/003/285/065/GCF_003285065.1_ASM328506v1/GCF_003285065.1_ASM328506v1_genomic.fna.gz	https://ftp.ncbi.nlm.nih.gov/genomes/all/GCF/003/285/065/GCF_003285065.1_ASM328506v1/md5checksums.txt	Bacteria	Mycoplasmatota		Mycoplasmoidales	Metamycoplasmataceae	Mycoplasmopsis	Mycoplasmopsis anatis	a8248429a0e72b668b6715794fa6f64f	f3f15985546a549d8f678445f30f85f4f4c93ca450781b208d1e17601dffcc26	268982	eligible	ASV_cb08809a4e0cb023	2	956094	GCF_003285065.1.fna.gz
GCF_030549615.1	3055080	3055080	Stenotrophomonas pigmentata	reference genome	Complete Genome	4681496	airway_prioritized	0	biological	https://ftp.ncbi.nlm.nih.gov/genomes/all/GCF/030/549/615/GCF_030549615.1_ASM3054961v1/GCF_030549615.1_ASM3054961v1_genomic.fna.gz	https://ftp.ncbi.nlm.nih.gov/genomes/all/GCF/030/549/615/GCF_030549615.1_ASM3054961v1/md5checksums.txt	Bacteria	Pseudomonadota	Gammaproteobacteria	Lysobacterales	Lysobacteraceae	Stenotrophomonas	Stenotrophomonas pigmentata	37dde4cc4d41b2df34d9ba68a6dede0f	0ef1aca63d7c060257bc3d8fd0f5eb2781fdc6236cba70baa3f89d6b5910d7ad	1350673	eligible	ASV_e47b34fa6279f524	4	4681496	GCF_030549615.1.fna.gz
GCF_040364225.1	1755241	1755241	Anaerococcus nagyae	reference genome	Complete Genome	1891834	airway_prioritized	0	biological	https://ftp.ncbi.nlm.nih.gov/genomes/all/GCF/040/364/225/GCF_040364225.1_ASM4036422v1/GCF_040364225.1_ASM4036422v1_genomic.fna.gz	https://ftp.ncbi.nlm.nih.gov/genomes/all/GCF/040/364/225/GCF_040364225.1_ASM4036422v1/md5checksums.txt	Bacteria	Bacillota	Tissierellia	Tissierellales	Peptoniphilaceae	Anaerococcus	Anaerococcus nagyae	80843b806081fa621706aea22a031c18	dd5cd9a257bff316ba4e53a5ed7dd6caf2b73195654ac3109ba66c61113cd5b6	542802	eligible	ASV_da861f0a3750ac1d	4	1891834	GCF_040364225.1.fna.gz
GCF_046717785.1	3391423	3391423	Corynebacterium sp. LaCa116	na	Complete Genome	2767387	airway_prioritized	0	biological	https://ftp.ncbi.nlm.nih.gov/genomes/all/GCF/046/717/785/GCF_046717785.1_LaCa116_v1/GCF_046717785.1_LaCa116_v1_genomic.fna.gz	https://ftp.ncbi.nlm.nih.gov/genomes/all/GCF/046/717/785/GCF_046717785.1_LaCa116_v1/md5checksums.txt	Bacteria	Actinomycetota	Actinomycetes	Mycobacteriales	Corynebacteriaceae	Corynebacterium	Corynebacterium sp. LaCa116	79a672bc5b87fdbec3d84044f7e38695	a671fa90c9f5b2f4cb94ce372eb6002231a3bc4915982c0cd19a8e5dee3e0a24	812110	eligible	ASV_b1f4dae6a3f17ca9	4	2767387	GCF_046717785.1.fna.gz
GCF_016127995.1	52773	52773	Schaalia meyeri	reference genome	Complete Genome	2033037	airway_prioritized	0	biological	https://ftp.ncbi.nlm.nih.gov/genomes/all/GCF/016/127/995/GCF_016127995.1_ASM1612799v1/GCF_016127995.1_ASM1612799v1_genomic.fna.gz	https://ftp.ncbi.nlm.nih.gov/genomes/all/GCF/016/127/995/GCF_016127995.1_ASM1612799v1/md5checksums.txt	Bacteria	Actinomycetota	Actinomycetes	Actinomycetales	Actinomycetaceae	Schaalia	Schaalia meyeri	618ca57a5d48bed46e474f39803cfafd	2d2be82b57c93f13ecdf113796f121c02de559bb957580f830f267768dc87462	592736	eligible	ASV_fc8f2353c6c767b7	3	2033037	GCF_016127995.1.fna.gz
GCF_000196015.1	266264	119219	Cupriavidus metallidurans CH34	na	Complete Genome	6913352	airway_prioritized	0	biological	https://ftp.ncbi.nlm.nih.gov/genomes/all/GCF/000/196/015/GCF_000196015.1_ASM19601v1/GCF_000196015.1_ASM19601v1_genomic.fna.gz	https://ftp.ncbi.nlm.nih.gov/genomes/all/GCF/000/196/015/GCF_000196015.1_ASM19601v1/md5checksums.txt	Bacteria	Pseudomonadota	Betaproteobacteria	Burkholderiales	Burkholderiaceae	Cupriavidus	Cupriavidus metallidurans	6c9aa47596737d6e2778ee9d08dd4a9b	1cd62b31fc9912bd00783c8a6114911a327ffa9a73b56504a791f6206e431343	2016056	eligible	ASV_93aa6b1681a463f3	4	6913352	GCF_000196015.1.fna.gz
GCF_019974135.1	2755559	2755559	Actinomyces capricornis	reference genome	Complete Genome	3170963	airway_prioritized	0	biological	https://ftp.ncbi.nlm.nih.gov/genomes/all/GCF/019/974/135/GCF_019974135.1_ASM1997413v1/GCF_019974135.1_ASM1997413v1_genomic.fna.gz	https://ftp.ncbi.nlm.nih.gov/genomes/all/GCF/019/974/135/GCF_019974135.1_ASM1997413v1/md5checksums.txt	Bacteria	Actinomycetota	Actinomycetes	Actinomycetales	Actinomycetaceae	Actinomyces	Actinomyces capricornis	14d0048b052d51741a5d7d93e48f8972	c7c9b6777f1fef003ed6ad88d2467dea5320c71470c07f25b361817b14438746	887796	eligible	ASV_6e311d200306109e	3	3170963	GCF_019974135.1.fna.gz
GCF_002998835.1	1316593	1316593	Capnocytophaga sp. oral taxon 864	na	Complete Genome	2682541	airway_prioritized	0	biological	https://ftp.ncbi.nlm.nih.gov/genomes/all/GCF/002/998/835/GCF_002998835.1_ASM299883v1/GCF_002998835.1_ASM299883v1_genomic.fna.gz	https://ftp.ncbi.nlm.nih.gov/genomes/all/GCF/002/998/835/GCF_002998835.1_ASM299883v1/md5checksums.txt	Bacteria	Bacteroidota	Flavobacteriia	Flavobacteriales	Flavobacteriaceae	Capnocytophaga	Capnocytophaga sp. oral taxon 864	0bb8babad1f1062cc62fa6e0383b6ca8	b3bc31b98713026fd11d867affd029a38600d051d2f60198921ce8a0a4313d1f	790542	eligible	ASV_1ab89d0cc4f7d628	4	2682541	GCF_002998835.1.fna.gz
GCF_054642735.1	3679867	3679867	Bordetella sp. 2513F2	na	Complete Genome	4407220	airway_prioritized	0	biological	https://ftp.ncbi.nlm.nih.gov/genomes/all/GCF/054/642/735/GCF_054642735.1_ASM5464273v1/GCF_054642735.1_ASM5464273v1_genomic.fna.gz	https://ftp.ncbi.nlm.nih.gov/genomes/all/GCF/054/642/735/GCF_054642735.1_ASM5464273v1/md5checksums.txt	Bacteria	Pseudomonadota	Betaproteobacteria	Burkholderiales	Alcaligenaceae	Bordetella	Bordetella sp. 2513F2	4143d193a496c419a062b0c92320e372	e73ad506f5bb1fcb899f9db23e5374c5cf68c6acdd462f09be6114e0d2e9a70f	1253885	eligible	ASV_186b582f85c1f366	3	4407220	GCF_054642735.1.fna.gz
GCF_055384205.1	266762	266762	Porphyromonas gingivicanis	reference genome	Complete Genome	2085170	airway_prioritized	0	biological	https://ftp.ncbi.nlm.nih.gov/genomes/all/GCF/055/384/205/GCF_055384205.1_ASM5538420v1/GCF_055384205.1_ASM5538420v1_genomic.fna.gz	https://ftp.ncbi.nlm.nih.gov/genomes/all/GCF/055/384/205/GCF_055384205.1_ASM5538420v1/md5checksums.txt	Bacteria	Bacteroidota	Bacteroidia	Bacteroidales	Porphyromonadaceae	Porphyromonas	Porphyromonas gingivicanis	c97ccb15c22f6836f8a4f13d03710e08	b9532a272c8ab78c4439fcaa472a7df2d9838ab99352ab04d094d1929beb1959	616998	eligible	ASV_e3aaae9099304e8a	3	2085170	GCF_055384205.1.fna.gz
GCF_022369435.1	1032242	1032242	Campylobacter molothri	na	Complete Genome	1516908	airway_prioritized	0	biological	https://ftp.ncbi.nlm.nih.gov/genomes/all/GCF/022/369/435/GCF_022369435.1_ASM2236943v1/GCF_022369435.1_ASM2236943v1_genomic.fna.gz	https://ftp.ncbi.nlm.nih.gov/genomes/all/GCF/022/369/435/GCF_022369435.1_ASM2236943v1/md5checksums.txt	Bacteria	Campylobacterota	Epsilonproteobacteria	Campylobacterales	Campylobacteraceae	Campylobacter	Campylobacter molothri	a5287917e39ecd7ab3eb63d4e12fd621	6b4c42250af8cd83dc09135e4c9218f9f34fbe9db54ca3ddfa97e26fe70b4588	428775	eligible	ASV_3cd2f0c94a4b3a0d	3	1516908	GCF_022369435.1.fna.gz
GCF_024181665.1	2749432	2749432	Treponema sp. B152	na	Complete Genome	2758702	airway_prioritized	0	biological	https://ftp.ncbi.nlm.nih.gov/genomes/all/GCF/024/181/665/GCF_024181665.1_ASM2418166v1/GCF_024181665.1_ASM2418166v1_genomic.fna.gz	https://ftp.ncbi.nlm.nih.gov/genomes/all/GCF/024/181/665/GCF_024181665.1_ASM2418166v1/md5checksums.txt	Bacteria	Spirochaetota	Spirochaetia	Treponematales	Treponemataceae	Treponema	Treponema sp. B152	76dd46cfcecc022d22d566f447428e8c	1dbef291e62de5645c5df51995361805ae545623a06a250f455ccd8324984c4d	807314	eligible	ASV_366acc28b4ce8d2e	2	2758702	GCF_024181665.1.fna.gz
GCF_023921225.1	96232	96232	Legionella lytica	reference genome	Complete Genome	3707997	airway_prioritized	0	biological	https://ftp.ncbi.nlm.nih.gov/genomes/all/GCF/023/921/225/GCF_023921225.1_ASM2392122v1/GCF_023921225.1_ASM2392122v1_genomic.fna.gz	https://ftp.ncbi.nlm.nih.gov/genomes/all/GCF/023/921/225/GCF_023921225.1_ASM2392122v1/md5checksums.txt	Bacteria	Pseudomonadota	Gammaproteobacteria	Legionellales	Legionellaceae	Legionella	Legionella lytica	207acd7fb1d51ff166ff3b39e04e45e0	dca688309cd98219890654f06b9c57e802bad5f593c5dc9eae95378c5093c2b8	1103011	eligible	ASV_acd626bfecf051f0	4	3707997	GCF_023921225.1.fna.gz
GCF_051549845.1	3447505	3447505	Mycoplasma sp. 125	na	Complete Genome	840473	airway_prioritized	0	biological	https://ftp.ncbi.nlm.nih.gov/genomes/all/GCF/051/549/845/GCF_051549845.1_ASM5154984v1/GCF_051549845.1_ASM5154984v1_genomic.fna.gz	https://ftp.ncbi.nlm.nih.gov/genomes/all/GCF/051/549/845/GCF_051549845.1_ASM5154984v1/md5checksums.txt	Bacteria	Mycoplasmatota	Mollicutes	Mycoplasmatales	Mycoplasmataceae	Mycoplasma	Mycoplasma sp. 125	5b0c1ccaa456668cd11e507c60cd1ab6	6ae0980a3fc540d04909420eb0a4c8f2763ea351c259cd359b336103c816f1d5	238532	eligible	ASV_c662ddbe03ac9e21	2	840473	GCF_051549845.1.fna.gz
GCF_010729305.1	216929	216929	Mycolicibacterium psychrotolerans	reference genome	Complete Genome	5732362	airway_prioritized	0	biological	https://ftp.ncbi.nlm.nih.gov/genomes/all/GCF/010/729/305/GCF_010729305.1_ASM1072930v1/GCF_010729305.1_ASM1072930v1_genomic.fna.gz	https://ftp.ncbi.nlm.nih.gov/genomes/all/GCF/010/729/305/GCF_010729305.1_ASM1072930v1/md5checksums.txt	Bacteria	Actinomycetota	Actinomycetes	Mycobacteriales	Mycobacteriaceae	Mycolicibacterium	Mycolicibacterium psychrotolerans	b998ea35739ca31a34e2c19823348ee8	04066f0c8c7e3b1bdcf741b46941a4050117103077c8fd61f95afcce848266c4	1628044	eligible	ASV_471091e5f04997c1	2	5732362	GCF_010729305.1.fna.gz
GCF_900637665.1	1241982	1241982	Chryseobacterium nakagawai	reference genome	Complete Genome	5602501	airway_prioritized	0	biological	https://ftp.ncbi.nlm.nih.gov/genomes/all/GCF/900/637/665/GCF_900637665.1_52437_G01/GCF_900637665.1_52437_G01_genomic.fna.gz	https://ftp.ncbi.nlm.nih.gov/genomes/all/GCF/900/637/665/GCF_900637665.1_52437_G01/md5checksums.txt	Bacteria	Bacteroidota	Flavobacteriia	Flavobacteriales	Weeksellaceae	Chryseobacterium	Chryseobacterium nakagawai	dbdf8afe795aa6736dc218d0e251cd8b	44b080954d8f9d0780d6a805979f165f4ef730f5d3031ff77c117568b6f83015	1637422	eligible	ASV_f60875638d6e8bd4	8	5602501	GCF_900637665.1.fna.gz
GCF_035920445.1	2975998	2975998	Nocardia sp. NBC_01730	na	Complete Genome	8676891	airway_prioritized	0	biological	https://ftp.ncbi.nlm.nih.gov/genomes/all/GCF/035/920/445/GCF_035920445.1_ASM3592044v1/GCF_035920445.1_ASM3592044v1_genomic.fna.gz	https://ftp.ncbi.nlm.nih.gov/genomes/all/GCF/035/920/445/GCF_035920445.1_ASM3592044v1/md5checksums.txt	Bacteria	Actinomycetota	Actinomycetes	Mycobacteriales	Nocardiaceae	Nocardia	Nocardia sp. NBC_01730	fd7cfa7562f4eb72055d4c0be4a1ad8c	c7eb503d83d982d8b767e3ba3286beee2297400e03a901f9948189db243ed259	2485347	eligible	ASV_96f61d01a466b235	3	8676891	GCF_035920445.1.fna.gz
GCF_050994935.1	143387	859	Fusobacterium necrophorum subsp. funduliforme	reference genome	Complete Genome	2190104	airway_prioritized	0	biological	https://ftp.ncbi.nlm.nih.gov/genomes/all/GCF/050/994/935/GCF_050994935.1_ASM5099493v1/GCF_050994935.1_ASM5099493v1_genomic.fna.gz	https://ftp.ncbi.nlm.nih.gov/genomes/all/GCF/050/994/935/GCF_050994935.1_ASM5099493v1/md5checksums.txt	Bacteria	Fusobacteriota	Fusobacteriia	Fusobacteriales	Fusobacteriaceae	Fusobacterium	Fusobacterium necrophorum	37d6bf7aed88410ffafd48564b23c82a	2af3561caa52edcffae4d0793f2c28c2f78790b4007d46a387591cefc9a043da	632692	eligible	ASV_36f324658d3de034	6	2190104	GCF_050994935.1.fna.gz
GCF_003718735.1	2044912	2044912	Staphylococcus debuckii	reference genome	Complete Genome	2691850	airway_prioritized	0	biological	https://ftp.ncbi.nlm.nih.gov/genomes/all/GCF/003/718/735/GCF_003718735.1_ASM371873v1/GCF_003718735.1_ASM371873v1_genomic.fna.gz	https://ftp.ncbi.nlm.nih.gov/genomes/all/GCF/003/718/735/GCF_003718735.1_ASM371873v1/md5checksums.txt	Bacteria	Bacillota	Bacilli	Caryophanales	Staphylococcaceae	Staphylococcus	Staphylococcus debuckii	8794d11e0f529245ce39bceb26287ae6	e5e8756234f62a643488e83c12333318be5677e09550dfdb918dd29ba4f32879	794118	eligible	ASV_247a0c093d898cb0	6	2691850	GCF_003718735.1.fna.gz
GCF_059941585.1	3752386	3752386	Acinetobacter sp. PVC-3-16	na	Complete Genome	4003220	airway_prioritized	0	biological	https://ftp.ncbi.nlm.nih.gov/genomes/all/GCF/059/941/585/GCF_059941585.1_ASM5994158v1/GCF_059941585.1_ASM5994158v1_genomic.fna.gz	https://ftp.ncbi.nlm.nih.gov/genomes/all/GCF/059/941/585/GCF_059941585.1_ASM5994158v1/md5checksums.txt	Bacteria	Pseudomonadota	Gammaproteobacteria	Moraxellales	Moraxellaceae	Acinetobacter	Acinetobacter sp. PVC-3-16	910c562fb429721354133200ea32fbc3	2b5dbed6cdbc5901b476911e7d26c6baf53fad2b5280298cd188ec7dd7f2b836	1182534	eligible	ASV_723a382a55d84d51	6	4003220	GCF_059941585.1.fna.gz
GCF_028776105.2	2995413	2995413	Neisseria leonii	reference genome	Complete Genome	2206085	airway_prioritized	0	biological	https://ftp.ncbi.nlm.nih.gov/genomes/all/GCF/028/776/105/GCF_028776105.2_ASM2877610v2/GCF_028776105.2_ASM2877610v2_genomic.fna.gz	https://ftp.ncbi.nlm.nih.gov/genomes/all/GCF/028/776/105/GCF_028776105.2_ASM2877610v2/md5checksums.txt	Bacteria	Pseudomonadota	Betaproteobacteria	Neisseriales	Neisseriaceae	Neisseria	Neisseria leonii	69d3a4ba53c566a29c4d7131eec256b3	b9ae1ed05d6b557f320321e27066ace4eb4b0ccda3831fb76be4c213577bfb8c	637081	eligible	ASV_c503ee4aa3332fd7	4	2206085	GCF_028776105.2.fna.gz
GCF_014705925.2	396015	396015	Rothia terrae	reference genome	Complete Genome	2660019	airway_prioritized	0	biological	https://ftp.ncbi.nlm.nih.gov/genomes/all/GCF/014/705/925/GCF_014705925.2_ASM1470592v2/GCF_014705925.2_ASM1470592v2_genomic.fna.gz	https://ftp.ncbi.nlm.nih.gov/genomes/all/GCF/014/705/925/GCF_014705925.2_ASM1470592v2/md5checksums.txt	Bacteria	Actinomycetota	Actinomycetes	Micrococcales	Micrococcaceae	Rothia	Rothia terrae	24f7f1e01337883c727d6be3db8acb7d	1ff2d159b83b6e6d047b223c954d9a9fee8769dda0d098791d3c22e1ae57a4ca	794360	eligible	ASV_c757455431439713	3	2660019	GCF_014705925.2.fna.gz
GCF_016889985.1	2778078	2778078	Corynebacterium sp. FDAARGOS 1242	na	Complete Genome	2774993	airway_prioritized	0	biological	https://ftp.ncbi.nlm.nih.gov/genomes/all/GCF/016/889/985/GCF_016889985.1_ASM1688998v1/GCF_016889985.1_ASM1688998v1_genomic.fna.gz	https://ftp.ncbi.nlm.nih.gov/genomes/all/GCF/016/889/985/GCF_016889985.1_ASM1688998v1/md5checksums.txt	Bacteria	Actinomycetota	Actinomycetes	Mycobacteriales	Corynebacteriaceae	Corynebacterium	Corynebacterium sp. FDAARGOS 1242	dc70dc9b7533d91ef143579f8158e5d1	c787f313d9e89ab4440b5895519dc56d7501d87b49020bea05422372c9070cbb	823294	eligible	ASV_40c64532970e0911	4	2774993	GCF_016889985.1.fna.gz
GCF_001278845.1	712122	712122	Actinomyces sp. oral taxon 414	na	Complete Genome	3836419	airway_prioritized	0	biological	https://ftp.ncbi.nlm.nih.gov/genomes/all/GCF/001/278/845/GCF_001278845.1_ASM127884v1/GCF_001278845.1_ASM127884v1_genomic.fna.gz	https://ftp.ncbi.nlm.nih.gov/genomes/all/GCF/001/278/845/GCF_001278845.1_ASM127884v1/md5checksums.txt	Bacteria	Actinomycetota	Actinomycetes	Actinomycetales	Actinomycetaceae	Actinomyces	Actinomyces sp. oral taxon 414	94547eba4eaf94f9f679d175f89a5391	a000e2df34de25ce2cdee636c6d4f02bb929338611d2230626cd77b4284be872	1069029	eligible	ASV_1e97890f3ad50054	3	3836419	GCF_001278845.1.fna.gz
GCF_002209445.1	2708117	2708117	Capnocytophaga endodontalis	reference genome	Complete Genome	3412686	airway_prioritized	0	biological	https://ftp.ncbi.nlm.nih.gov/genomes/all/GCF/002/209/445/GCF_002209445.1_ASM220944v1/GCF_002209445.1_ASM220944v1_genomic.fna.gz	https://ftp.ncbi.nlm.nih.gov/genomes/all/GCF/002/209/445/GCF_002209445.1_ASM220944v1/md5checksums.txt	Bacteria	Bacteroidota	Flavobacteriia	Flavobacteriales	Flavobacteriaceae	Capnocytophaga	Capnocytophaga endodontalis	5eb5dc59bf6be79286b67c95a8e84fe9	771b0e64726c8ddada5381ceac71b2c7a2d2dbf8798a67f9ae895fbd1cb98dc3	997485	eligible	ASV_f22335fd41463eb2	4	3412686	GCF_002209445.1.fna.gz
GCF_900187095.1	66969	66969	Legionella waltersii	reference genome	Complete Genome	3735697	airway_prioritized	0	biological	https://ftp.ncbi.nlm.nih.gov/genomes/all/GCF/900/187/095/GCF_900187095.1_51699_A01/GCF_900187095.1_51699_A01_genomic.fna.gz	https://ftp.ncbi.nlm.nih.gov/genomes/all/GCF/900/187/095/GCF_900187095.1_51699_A01/md5checksums.txt	Bacteria	Pseudomonadota	Gammaproteobacteria	Legionellales	Legionellaceae	Legionella	Legionella waltersii	55c82808c914f1c4612984585ac79227	ac8e981fbde900a0cffe96d8843ddbc779127a5f7712a077ea565b56894d2bba	1100920	eligible	ASV_c011f6508f0ead52	3	3735697	GCF_900187095.1.fna.gz
GCF_013348745.1	2742195	2742195	Mycoplasma sp. OR1901	na	Complete Genome	962938	airway_prioritized	0	biological	https://ftp.ncbi.nlm.nih.gov/genomes/all/GCF/013/348/745/GCF_013348745.1_ASM1334874v1/GCF_013348745.1_ASM1334874v1_genomic.fna.gz	https://ftp.ncbi.nlm.nih.gov/genomes/all/GCF/013/348/745/GCF_013348745.1_ASM1334874v1/md5checksums.txt	Bacteria	Mycoplasmatota	Mollicutes	Mycoplasmatales	Mycoplasmataceae	Mycoplasma	Mycoplasma sp. OR1901	a6f8c5952769c9a97046ddbfa0737404	d05fa4b8b2e1baf70ad634ec0fd48d83fd92fc7d061ca06476d73fb6a05344cd	270891	eligible	ASV_4751f6715b6483b9	3	962938	GCF_013348745.1.fna.gz
GCF_018127785.1	1236518	589437	Prevotella scopos JCM 17725	reference genome	Complete Genome	3304345	airway_prioritized	0	biological	https://ftp.ncbi.nlm.nih.gov/genomes/all/GCF/018/127/785/GCF_018127785.1_ASM1812778v1/GCF_018127785.1_ASM1812778v1_genomic.fna.gz	https://ftp.ncbi.nlm.nih.gov/genomes/all/GCF/018/127/785/GCF_018127785.1_ASM1812778v1/md5checksums.txt	Bacteria	Bacteroidota	Bacteroidia	Bacteroidales	Prevotellaceae	Prevotella	Prevotella scopos	10dc9863929313fca6737d7796e6aa00	cce7535c86771209d97e7b9f37e6ce171f835f0554b40cd72f49fd4e973d2cb0	980318	eligible	ASV_6bbae8721f673d96	4	3304345	GCF_018127785.1.fna.gz
GCF_036346875.1	2975992	2975992	Nocardia sp. NBC_00508	na	Complete Genome	7722612	airway_prioritized	0	biological	https://ftp.ncbi.nlm.nih.gov/genomes/all/GCF/036/346/875/GCF_036346875.1_ASM3634687v1/GCF_036346875.1_ASM3634687v1_genomic.fna.gz	https://ftp.ncbi.nlm.nih.gov/genomes/all/GCF/036/346/875/GCF_036346875.1_ASM3634687v1/md5checksums.txt	Bacteria	Actinomycetota	Actinomycetes	Mycobacteriales	Nocardiaceae	Nocardia	Nocardia sp. NBC_00508	ca45d0b21713fbd2bfc53530442e88a9	97a9b4912ad3bdd2ac7cc7b0fe5641f8fee18999c43cb8303c017c0f3c0964bf	2210578	eligible	ASV_14a227c86dc3b22c	3	7722612	GCF_036346875.1.fna.gz
GCF_980469465.1	3450758	3450758	Aggregatibacter holmi	na	Complete Genome	2250664	airway_prioritized	0	biological	https://ftp.ncbi.nlm.nih.gov/genomes/all/GCF/980/469/465/GCF_980469465.1_Aggregatibacter_holmi_HK961/GCF_980469465.1_Aggregatibacter_holmi_HK961_genomic.fna.gz	https://ftp.ncbi.nlm.nih.gov/genomes/all/GCF/980/469/465/GCF_980469465.1_Aggregatibacter_holmi_HK961/md5checksums.txt	Bacteria	Pseudomonadota	Gammaproteobacteria	Pasteurellales	Pasteurellaceae	Aggregatibacter	Aggregatibacter holmi	c7de92d4bdb7106aad3bea897aefd02a	791ce0a8a5d2547754775ba9af4644502c4589648020f0e00b5f97baa51f434a	666133	eligible	ASV_56607a6207f296f8	6	2250664	GCF_980469465.1.fna.gz
GCF_022870885.1	1931275	1931275	Neisseria dumasiana	reference genome	Complete Genome	2679563	airway_prioritized	0	biological	https://ftp.ncbi.nlm.nih.gov/genomes/all/GCF/022/870/885/GCF_022870885.1_ASM2287088v1/GCF_022870885.1_ASM2287088v1_genomic.fna.gz	https://ftp.ncbi.nlm.nih.gov/genomes/all/GCF/022/870/885/GCF_022870885.1_ASM2287088v1/md5checksums.txt	Bacteria	Pseudomonadota	Betaproteobacteria	Neisseriales	Neisseriaceae	Neisseria	Neisseria dumasiana	0ba970b445cbcd645f1cb1f373744863	391b8bb808265e2589a2fe78b63fc2b2e539615bcd55c9da75fca7be2aa760a7	781941	eligible	ASV_3011f690d9a1cf89	4	2679563	GCF_022870885.1.fna.gz
GCF_014217215.1	85336	85336	Rothia nasimurium	na	Complete Genome	2526221	airway_prioritized	0	biological	https://ftp.ncbi.nlm.nih.gov/genomes/all/GCF/014/217/215/GCF_014217215.1_ASM1421721v1/GCF_014217215.1_ASM1421721v1_genomic.fna.gz	https://ftp.ncbi.nlm.nih.gov/genomes/all/GCF/014/217/215/GCF_014217215.1_ASM1421721v1/md5checksums.txt	Bacteria	Actinomycetota	Actinomycetes	Micrococcales	Micrococcaceae	Rothia	Rothia nasimurium	8e0fffed7f7a6d6d136eae0c7215c953	525a328fd0c50f8b405ce5fc3dc5df95a698bba5b52ad825b59b0ed3beec9eb6	743622	eligible	ASV_86eb72d54a84c9e8	3	2526221	GCF_014217215.1.fna.gz
GCF_001553195.1	1117644	29555	Mycoplasmopsis canis PG 14	reference genome	Complete Genome	897443	airway_prioritized	0	biological	https://ftp.ncbi.nlm.nih.gov/genomes/all/GCF/001/553/195/GCF_001553195.1_ASM155319v1/GCF_001553195.1_ASM155319v1_genomic.fna.gz	https://ftp.ncbi.nlm.nih.gov/genomes/all/GCF/001/553/195/GCF_001553195.1_ASM155319v1/md5checksums.txt	Bacteria	Mycoplasmatota		Mycoplasmoidales	Metamycoplasmataceae	Mycoplasmopsis	Mycoplasmopsis canis	2e27f05e8d4c1e9baf9cfff7062f3bcb	08398fe8c7beee49b813939f9273bd4ec566db59d665279ea64f60c6c5c36cb1	254246	eligible	ASV_c2c1e2e393c5edff	3	897443	GCF_001553195.1.fna.gz
GCF_029581575.1	2904120	2904120	Moraxella nasibovis	reference genome	Complete Genome	2227058	airway_prioritized	0	biological	https://ftp.ncbi.nlm.nih.gov/genomes/all/GCF/029/581/575/GCF_029581575.1_ASM2958157v1/GCF_029581575.1_ASM2958157v1_genomic.fna.gz	https://ftp.ncbi.nlm.nih.gov/genomes/all/GCF/029/581/575/GCF_029581575.1_ASM2958157v1/md5checksums.txt	Bacteria	Pseudomonadota	Gammaproteobacteria	Moraxellales	Moraxellaceae	Moraxella	Moraxella nasibovis	085abc114cad00d410e2a8fe06ffbe7e	3130fb5a8f6560497c9f0c9f318776023dbf770c2b7a0be7c762708ad2a9150d	646262	eligible	ASV_d9d13e095cc0bb5c	4	2227058	GCF_029581575.1.fna.gz
GCF_013364355.1	2742129	2742129	Stenotrophomonas sp. NA06056	na	Complete Genome	4519894	airway_prioritized	0	biological	https://ftp.ncbi.nlm.nih.gov/genomes/all/GCF/013/364/355/GCF_013364355.1_ASM1336435v1/GCF_013364355.1_ASM1336435v1_genomic.fna.gz	https://ftp.ncbi.nlm.nih.gov/genomes/all/GCF/013/364/355/GCF_013364355.1_ASM1336435v1/md5checksums.txt	Bacteria	Pseudomonadota	Gammaproteobacteria	Lysobacterales	Lysobacteraceae	Stenotrophomonas	Stenotrophomonas sp. NA06056	c293bf70825b527a6da6a1ec1472a27b	14a166423699e9eef4221ccdf9896b0e579d9875b1214e77141d31e22b27568a	1286101	eligible	ASV_73e3b5d9d299a48d	4	4519894	GCF_013364355.1.fna.gz
GCF_900475375.1	238	238	Elizabethkingia meningoseptica	reference genome	Complete Genome	3874791	airway_prioritized	0	biological	https://ftp.ncbi.nlm.nih.gov/genomes/all/GCF/900/475/375/GCF_900475375.1_42685_B01/GCF_900475375.1_42685_B01_genomic.fna.gz	https://ftp.ncbi.nlm.nih.gov/genomes/all/GCF/900/475/375/GCF_900475375.1_42685_B01/md5checksums.txt	Bacteria	Bacteroidota	Flavobacteriia	Flavobacteriales	Weeksellaceae	Elizabethkingia	Elizabethkingia meningoseptica	15969f276bb0c154e6e692523bca3583	7ca737ac68da3bd4ec63d5ca001f1df87fa3c6784a87bac5c32f8996d16c2a8e	1137087	eligible	ASV_3a44dd3d7fd544cd	4	3874791	GCF_900475375.1.fna.gz
GCF_900187205.1	93222	93222	Pandoraea sputorum	reference genome	Complete Genome	5743123	airway_prioritized	0	biological	https://ftp.ncbi.nlm.nih.gov/genomes/all/GCF/900/187/205/GCF_900187205.1_52191_D01/GCF_900187205.1_52191_D01_genomic.fna.gz	https://ftp.ncbi.nlm.nih.gov/genomes/all/GCF/900/187/205/GCF_900187205.1_52191_D01/md5checksums.txt	Bacteria	Pseudomonadota	Betaproteobacteria	Burkholderiales	Burkholderiaceae	Pandoraea	Pandoraea sputorum	ab511fc1993c63037fe2873fbb1ad894	d5dac50523bc72ef25861490fda0bb3903b4091074d6b386ba55e0f41c8348b5	1674439	eligible	ASV_42b0622506de2bfa	4	5743123	GCF_900187205.1.fna.gz
GCF_002302475.1	28189	28189	Capnocytophaga cynodegmi	reference genome	Complete Genome	2640475	airway_prioritized	0	biological	https://ftp.ncbi.nlm.nih.gov/genomes/all/GCF/002/302/475/GCF_002302475.1_ASM230247v1/GCF_002302475.1_ASM230247v1_genomic.fna.gz	https://ftp.ncbi.nlm.nih.gov/genomes/all/GCF/002/302/475/GCF_002302475.1_ASM230247v1/md5checksums.txt	Bacteria	Bacteroidota	Flavobacteriia	Flavobacteriales	Flavobacteriaceae	Capnocytophaga	Capnocytophaga cynodegmi	9df9db9622db65befa20cf0c49d2ca69	63a799b0a7f78f72094c5973b47816efd20075b96186aac51d4c3ff26cd199dd	769151	eligible	ASV_548fae5cf9778602	3	2640475	GCF_002302475.1.fna.gz
GCF_900475675.1	150055	150055	Streptococcus lutetiensis	reference genome	Complete Genome	1793521	airway_prioritized	0	biological	https://ftp.ncbi.nlm.nih.gov/genomes/all/GCF/900/475/675/GCF_900475675.1_45473_D02/GCF_900475675.1_45473_D02_genomic.fna.gz	https://ftp.ncbi.nlm.nih.gov/genomes/all/GCF/900/475/675/GCF_900475675.1_45473_D02/md5checksums.txt	Bacteria	Bacillota	Bacilli	Lactobacillales	Streptococcaceae	Streptococcus	Streptococcus lutetiensis	9a90ba6d36746ec5180ba1329dce1888	37a3486570303f299c19f2e68972a4e749c0587b1e9b0625140c2ace71130ae4	525490	eligible	ASV_5e6388823b80ea01	7	1793521	GCF_900475675.1.fna.gz
GCF_010365865.1	69710	69710	Treponema vincentii	na	Complete Genome	2980180	airway_prioritized	0	biological	https://ftp.ncbi.nlm.nih.gov/genomes/all/GCF/010/365/865/GCF_010365865.1_ASM1036586v1/GCF_010365865.1_ASM1036586v1_genomic.fna.gz	https://ftp.ncbi.nlm.nih.gov/genomes/all/GCF/010/365/865/GCF_010365865.1_ASM1036586v1/md5checksums.txt	Bacteria	Spirochaetota	Spirochaetia	Treponematales	Treponemataceae	Treponema	Treponema vincentii	5e56f9a7704656c7ac2a4b303f3450d5	cce1eb878c7ac209e12b0259bae62f5809ee2a67a09a21215600896726873ade	880284	eligible	ASV_c0762fb328b6d0c1	2	2980180	GCF_010365865.1.fna.gz
GCF_900186965.1	452	452	Legionella spiritensis	reference genome	Complete Genome	3348070	airway_prioritized	0	biological	https://ftp.ncbi.nlm.nih.gov/genomes/all/GCF/900/186/965/GCF_900186965.1_50592_C01/GCF_900186965.1_50592_C01_genomic.fna.gz	https://ftp.ncbi.nlm.nih.gov/genomes/all/GCF/900/186/965/GCF_900186965.1_50592_C01/md5checksums.txt	Bacteria	Pseudomonadota	Gammaproteobacteria	Legionellales	Legionellaceae	Legionella	Legionella spiritensis	c7c9445f6583efad25504c6f7530ed93	dd7399b5d0725e3d7902c55e020b65a7a761050747d4fadc621fc8610195646d	995672	eligible	ASV_55ab985ceea973ba	3	3348070	GCF_900186965.1.fna.gz
GCF_054958165.1	912594	912594	Mycolicibacterium iranicum	na	Complete Genome	6436590	airway_prioritized	0	biological	https://ftp.ncbi.nlm.nih.gov/genomes/all/GCF/054/958/165/GCF_054958165.1_ASM5495816v1/GCF_054958165.1_ASM5495816v1_genomic.fna.gz	https://ftp.ncbi.nlm.nih.gov/genomes/all/GCF/054/958/165/GCF_054958165.1_ASM5495816v1/md5checksums.txt	Bacteria	Actinomycetota	Actinomycetes	Mycobacteriales	Mycobacteriaceae	Mycolicibacterium	Mycolicibacterium iranicum	8ab5f50bb40737c3c4ed3a48b572426b	f072992c1dfe1c2e77196439175b65e414f35de5c1ddba20067c596b489ad253	1854475	eligible	ASV_2cfdb0123c83155c	2	6436590	GCF_054958165.1.fna.gz
GCF_055390445.1	28129	28129	Prevotella denticola	reference genome	Complete Genome	3170192	airway_prioritized	0	biological	https://ftp.ncbi.nlm.nih.gov/genomes/all/GCF/055/390/445/GCF_055390445.1_ASM5539044v1/GCF_055390445.1_ASM5539044v1_genomic.fna.gz	https://ftp.ncbi.nlm.nih.gov/genomes/all/GCF/055/390/445/GCF_055390445.1_ASM5539044v1/md5checksums.txt	Bacteria	Bacteroidota	Bacteroidia	Bacteroidales	Prevotellaceae	Prevotella	Prevotella denticola	f3082be6e4826a80b1236f137d11506a	6bf58925c1c33d503c62c8d4854086d2daeccc5a4126113f35c3e0790ebdfde6	943187	eligible	ASV_cb39ccea371bbcc0	4	3170192	GCF_055390445.1.fna.gz
GCF_030012525.1	3042315	3042315	Chryseobacterium gotjawalense	reference genome	Complete Genome	3266523	airway_prioritized	0	biological	https://ftp.ncbi.nlm.nih.gov/genomes/all/GCF/030/012/525/GCF_030012525.1_ASM3001252v1/GCF_030012525.1_ASM3001252v1_genomic.fna.gz	https://ftp.ncbi.nlm.nih.gov/genomes/all/GCF/030/012/525/GCF_030012525.1_ASM3001252v1/md5checksums.txt	Bacteria	Bacteroidota	Flavobacteriia	Flavobacteriales	Weeksellaceae	Chryseobacterium	Chryseobacterium gotjawalense	46874d9aba06a1d1062f7e2e9bc58b1d	1673c7f77f78042d5fc11ab7dc3450da4790b92913839ed74a6c8c212c40c764	953392	eligible	ASV_b316b3aa8e5a0402	4	3266523	GCF_030012525.1.fna.gz
GCF_963264975.1	860	860	Fusobacterium periodonticum	reference genome	Complete Genome	2603905	airway_prioritized	0	biological	https://ftp.ncbi.nlm.nih.gov/genomes/all/GCF/963/264/975/GCF_963264975.1_NZ_220527_assembly_043/GCF_963264975.1_NZ_220527_assembly_043_genomic.fna.gz	https://ftp.ncbi.nlm.nih.gov/genomes/all/GCF/963/264/975/GCF_963264975.1_NZ_220527_assembly_043/md5checksums.txt	Bacteria	Fusobacteriota	Fusobacteriia	Fusobacteriales	Fusobacteriaceae	Fusobacterium	Fusobacterium periodonticum	80a84f1510940d3ba1c2a95f38eb6213	d59ca26aa87ec2e9ab902037e4a7a691cd0d3c8dc2a802c4358953ba1e5e75e3	728846	eligible	ASV_e1317dd8e6a4efda	5	2603905	GCF_963264975.1.fna.gz
GCF_050990555.1	3228746	3228746	Pseudomonas sp. PSE1(2024)	na	Complete Genome	6488056	airway_prioritized	0	biological	https://ftp.ncbi.nlm.nih.gov/genomes/all/GCF/050/990/555/GCF_050990555.1_ASM5099055v1/GCF_050990555.1_ASM5099055v1_genomic.fna.gz	https://ftp.ncbi.nlm.nih.gov/genomes/all/GCF/050/990/555/GCF_050990555.1_ASM5099055v1/md5checksums.txt	Bacteria	Pseudomonadota	Gammaproteobacteria	Pseudomonadales	Pseudomonadaceae	Pseudomonas	Pseudomonas sp. PSE1(2024)	9ab7a5f6a419347fd7f3099fb726c702	110579c0f0a238e3918aedd816aaca0e4fd5dee84b5be07470468ff99d6ba2fb	1894531	eligible	ASV_abb141b9fd64a317	6	6488056	GCF_050990555.1.fna.gz
GCF_001553645.1	1785996	1785996	Leptotrichia sp. oral taxon 847	na	Complete Genome	2194935	airway_prioritized	0	biological	https://ftp.ncbi.nlm.nih.gov/genomes/all/GCF/001/553/645/GCF_001553645.1_ASM155364v1/GCF_001553645.1_ASM155364v1_genomic.fna.gz	https://ftp.ncbi.nlm.nih.gov/genomes/all/GCF/001/553/645/GCF_001553645.1_ASM155364v1/md5checksums.txt	Bacteria	Fusobacteriota	Fusobacteriia	Fusobacteriales	Leptotrichiaceae	Leptotrichia	Leptotrichia sp. oral taxon 847	e02162e1faefdbd33a95f95351d58d2b	2c90e8400ef89cb7c9ccb1622f8e521ed427661b220c86181e9256dfc3c57178	619980	eligible	ASV_73a22c29af470776	5	2194935	GCF_001553645.1.fna.gz
GCF_052232265.1	592378	592378	Rothia koreensis	reference genome	Complete Genome	2908889	airway_prioritized	0	biological	https://ftp.ncbi.nlm.nih.gov/genomes/all/GCF/052/232/265/GCF_052232265.1_ASM5223226v1/GCF_052232265.1_ASM5223226v1_genomic.fna.gz	https://ftp.ncbi.nlm.nih.gov/genomes/all/GCF/052/232/265/GCF_052232265.1_ASM5223226v1/md5checksums.txt	Bacteria	Actinomycetota	Actinomycetes	Micrococcales	Micrococcaceae	Rothia	Rothia koreensis	54bfc28f8991c2b2b777cd9240c8e3d6	50e3446b1569da095d73e7a7ab2e412d53a593b08c6f843683660d4bf5d64390	841369	eligible	ASV_89e36d797cdd2d56	3	2908889	GCF_052232265.1.fna.gz
GCF_039693965.1	2780077	2780077	Moraxella sp. K1664	na	Complete Genome	2780008	airway_prioritized	0	biological	https://ftp.ncbi.nlm.nih.gov/genomes/all/GCF/039/693/965/GCF_039693965.1_ASM3969396v1/GCF_039693965.1_ASM3969396v1_genomic.fna.gz	https://ftp.ncbi.nlm.nih.gov/genomes/all/GCF/039/693/965/GCF_039693965.1_ASM3969396v1/md5checksums.txt	Bacteria	Pseudomonadota	Gammaproteobacteria	Moraxellales	Moraxellaceae	Moraxella	Moraxella sp. K1664	55539e31eacdf814c209d8348296d722	166dd68766d29eeaf380f689b9e47f9eba65e7252a1338c45fd6881f5a0005a0	804321	eligible	ASV_4de4da19393711d2	4	2780008	GCF_039693965.1.fna.gz
GCF_058137965.1	2838528	2838528	Candidatus Corynebacterium faecigallinarum	reference genome	Complete Genome	3270918	airway_prioritized	0	biological	https://ftp.ncbi.nlm.nih.gov/genomes/all/GCF/058/137/965/GCF_058137965.1_ASM5813796v1/GCF_058137965.1_ASM5813796v1_genomic.fna.gz	https://ftp.ncbi.nlm.nih.gov/genomes/all/GCF/058/137/965/GCF_058137965.1_ASM5813796v1/md5checksums.txt	Bacteria	Actinomycetota	Actinomycetes	Mycobacteriales	Corynebacteriaceae	Corynebacterium	Candidatus Corynebacterium faecigallinarum	0bae611551aeb4db1d2c594a5f6df970	8f89f14b762576aa81456fe51b83b98b689ac70080cf9fa62058565f2331920e	935945	eligible	ASV_d7b5b35eb5a59024	5	3270918	GCF_058137965.1.fna.gz
GCF_001888805.2	1914861	1914861	Enterobacter sp. SA187	na	Complete Genome	4429597	airway_prioritized	0	biological	https://ftp.ncbi.nlm.nih.gov/genomes/all/GCF/001/888/805/GCF_001888805.2_ASM188880v2/GCF_001888805.2_ASM188880v2_genomic.fna.gz	https://ftp.ncbi.nlm.nih.gov/genomes/all/GCF/001/888/805/GCF_001888805.2_ASM188880v2/md5checksums.txt	Bacteria	Pseudomonadota	Gammaproteobacteria	Enterobacterales	Enterobacteriaceae	Enterobacter	Enterobacter sp. SA187	8519d152acfd659b6b7f7965c8f65230	129657df73c669855d57157258267e38cd017161eaf6ae1b8e62dd55f04b8548	1306506	eligible	ASV_e1ca718557079f04	7	4429597	GCF_001888805.2.fna.gz
GCF_013347325.1	82541	82541	Cupriavidus gilardii	reference genome	Complete Genome	5760010	airway_prioritized	0	biological	https://ftp.ncbi.nlm.nih.gov/genomes/all/GCF/013/347/325/GCF_013347325.1_ASM1334732v1/GCF_013347325.1_ASM1334732v1_genomic.fna.gz	https://ftp.ncbi.nlm.nih.gov/genomes/all/GCF/013/347/325/GCF_013347325.1_ASM1334732v1/md5checksums.txt	Bacteria	Pseudomonadota	Betaproteobacteria	Burkholderiales	Burkholderiaceae	Cupriavidus	Cupriavidus gilardii	7f29aa64f2ed6c5c581b320df44ea61e	e795933da400e4a5b0afef916162f0896dbe6c7c22366b295761bed2d4383c3a	1636259	eligible	ASV_9eea6f595fbd5707	4	5760010	GCF_013347325.1.fna.gz
GCF_015711475.1	2763540	2763540	Actinomyces trachealis	reference genome	Complete Genome	2526250	airway_prioritized	0	biological	https://ftp.ncbi.nlm.nih.gov/genomes/all/GCF/015/711/475/GCF_015711475.1_ASM1571147v2/GCF_015711475.1_ASM1571147v2_genomic.fna.gz	https://ftp.ncbi.nlm.nih.gov/genomes/all/GCF/015/711/475/GCF_015711475.1_ASM1571147v2/md5checksums.txt	Bacteria	Actinomycetota	Actinomycetes	Actinomycetales	Actinomycetaceae	Actinomyces	Actinomyces trachealis	05cbf1daa6b5b2940668b6c7e69bb8db	6971760666e8979033a287c8ebd79acd587e39d30efb25c96c321f3dccfd1f72	735893	eligible	ASV_c4e71940bee472ce	3	2526250	GCF_015711475.1.fna.gz
GCF_002302515.1	1945658	1945658	Capnocytophaga sp. H4358	na	Complete Genome	2633192	airway_prioritized	0	biological	https://ftp.ncbi.nlm.nih.gov/genomes/all/GCF/002/302/515/GCF_002302515.1_ASM230251v1/GCF_002302515.1_ASM230251v1_genomic.fna.gz	https://ftp.ncbi.nlm.nih.gov/genomes/all/GCF/002/302/515/GCF_002302515.1_ASM230251v1/md5checksums.txt	Bacteria	Bacteroidota	Flavobacteriia	Flavobacteriales	Flavobacteriaceae	Capnocytophaga	Capnocytophaga sp. H4358	a34bb7d2e92ebe37f8f169d471106e47	4ac8733209e538643bd15a3c1953668d0a3110f88794243792020835ce25c876	770340	eligible	ASV_afd5a3b687dd5726	3	2633192	GCF_002302515.1.fna.gz
GCF_006711645.1	1259973	1259973	Klebsiella electrica	reference genome	Complete Genome	5785203	airway_prioritized	0	biological	https://ftp.ncbi.nlm.nih.gov/genomes/all/GCF/006/711/645/GCF_006711645.1_ASM671164v1/GCF_006711645.1_ASM671164v1_genomic.fna.gz	https://ftp.ncbi.nlm.nih.gov/genomes/all/GCF/006/711/645/GCF_006711645.1_ASM671164v1/md5checksums.txt	Bacteria	Pseudomonadota	Gammaproteobacteria	Enterobacterales	Enterobacteriaceae	Klebsiella	Klebsiella electrica	2f431dbedc01a1a5590038775348c5a8	865bb8ba1802a469e29e43219915371b5301c1ebf8d56361ca642e02ea49d8f5	1712066	eligible	ASV_9bb1fe23c509c83b	8	5785203	GCF_006711645.1.fna.gz
GCF_900476255.1	393921	393921	Porphyromonas crevioricanis	reference genome	Complete Genome	2133352	airway_prioritized	0	biological	https://ftp.ncbi.nlm.nih.gov/genomes/all/GCF/900/476/255/GCF_900476255.1_53750_A02/GCF_900476255.1_53750_A02_genomic.fna.gz	https://ftp.ncbi.nlm.nih.gov/genomes/all/GCF/900/476/255/GCF_900476255.1_53750_A02/md5checksums.txt	Bacteria	Bacteroidota	Bacteroidia	Bacteroidales	Porphyromonadaceae	Porphyromonas	Porphyromonas crevioricanis	af9511a3b0574d0454b8571c951a4358	9deb8726f8dc4c11fa716113333da6a26e926e2104f057e20c6fa65997c86b86	635973	eligible	ASV_c44875da7d672784	4	2133352	GCF_900476255.1.fna.gz
GCF_002139855.1	1660073	1660073	Campylobacter porcelli	reference genome	Complete Genome	1640613	airway_prioritized	0	biological	https://ftp.ncbi.nlm.nih.gov/genomes/all/GCF/002/139/855/GCF_002139855.1_ASM213985v1/GCF_002139855.1_ASM213985v1_genomic.fna.gz	https://ftp.ncbi.nlm.nih.gov/genomes/all/GCF/002/139/855/GCF_002139855.1_ASM213985v1/md5checksums.txt	Bacteria	Campylobacterota	Epsilonproteobacteria	Campylobacterales	Campylobacteraceae	Campylobacter	Campylobacter porcelli	7325de745847d956b45659dd21245046	630356574da0c6b97241bd8235830964910f3c3ca2a5985c8470af40df8ca1ea	470414	eligible	ASV_ae4846473e7ecce6	3	1640613	GCF_002139855.1.fna.gz
GCF_000217655.1	545776	53435	Treponema paraluiscuniculi Cuniculi A	reference genome	Complete Genome	1133390	airway_prioritized	0	biological	https://ftp.ncbi.nlm.nih.gov/genomes/all/GCF/000/217/655/GCF_000217655.1_ASM21765v1/GCF_000217655.1_ASM21765v1_genomic.fna.gz	https://ftp.ncbi.nlm.nih.gov/genomes/all/GCF/000/217/655/GCF_000217655.1_ASM21765v1/md5checksums.txt	Bacteria	Spirochaetota	Spirochaetia	Treponematales	Treponemataceae	Treponema	Treponema paraluiscuniculi	6fcd7f8f0a4e0203f18e1cd251cc9ec7	8e3e17dcb61cc5be37db8e5c9bb4326342bc758ef1e3f7d9ccfe3db139404201	339022	eligible	ASV_330c132de97eedcf	2	1133390	GCF_000217655.1.fna.gz
GCF_002848365.2	28087	28087	Legionella sainthelensi	reference genome	Complete Genome	4597280	airway_prioritized	0	biological	https://ftp.ncbi.nlm.nih.gov/genomes/all/GCF/002/848/365/GCF_002848365.2_ASM284836v2/GCF_002848365.2_ASM284836v2_genomic.fna.gz	https://ftp.ncbi.nlm.nih.gov/genomes/all/GCF/002/848/365/GCF_002848365.2_ASM284836v2/md5checksums.txt	Bacteria	Pseudomonadota	Gammaproteobacteria	Legionellales	Legionellaceae	Legionella	Legionella sainthelensi	355f2bfc6033e65bee39968cc1b10606	9f74b087d9712a79f47ba32746a77a11d7b5f92af214889aebf3631ad091cb74	1360780	eligible	ASV_988de6beb4811edd	4	4597280	GCF_002848365.2.fna.gz
GCF_048074655.1	3398774	3398774	Mycoplasma haliaeeti	na	Complete Genome	887399	airway_prioritized	0	biological	https://ftp.ncbi.nlm.nih.gov/genomes/all/GCF/048/074/655/GCF_048074655.1_ASM4807465v1/GCF_048074655.1_ASM4807465v1_genomic.fna.gz	https://ftp.ncbi.nlm.nih.gov/genomes/all/GCF/048/074/655/GCF_048074655.1_ASM4807465v1/md5checksums.txt	Bacteria	Mycoplasmatota	Mollicutes	Mycoplasmatales	Mycoplasmataceae	Mycoplasma	Mycoplasma haliaeeti	097d8d8f2045e3eaeccc548cbc263cfd	47a43036be732649a21b007c4f5331e792598f8af3feaf66585cadf0bf52105d	253936	eligible	ASV_348030d50aa22d2d	3	887399	GCF_048074655.1.fna.gz
GCF_000144405.1	553174	28132	Prevotella melaninogenica ATCC 25845	reference genome	Complete Genome	3168282	airway_prioritized	0	biological	https://ftp.ncbi.nlm.nih.gov/genomes/all/GCF/000/144/405/GCF_000144405.1_ASM14440v1/GCF_000144405.1_ASM14440v1_genomic.fna.gz	https://ftp.ncbi.nlm.nih.gov/genomes/all/GCF/000/144/405/GCF_000144405.1_ASM14440v1/md5checksums.txt	Bacteria	Bacteroidota	Bacteroidia	Bacteroidales	Prevotellaceae	Prevotella	Prevotella melaninogenica	be883cb2b789ca0736fb2472e1e65e81	fd48c772d6403f933ff7e2032719a2b62d76d248fe997ff35d793ab76d62f7ae	940221	eligible	ASV_951d48c7b3951c1e	4	3168282	GCF_000144405.1.fna.gz
GCF_900636535.1	250	250	Chryseobacterium gleum	na	Complete Genome	5606922	airway_prioritized	0	biological	https://ftp.ncbi.nlm.nih.gov/genomes/all/GCF/900/636/535/GCF_900636535.1_42727_A01/GCF_900636535.1_42727_A01_genomic.fna.gz	https://ftp.ncbi.nlm.nih.gov/genomes/all/GCF/900/636/535/GCF_900636535.1_42727_A01/md5checksums.txt	Bacteria	Bacteroidota	Flavobacteriia	Flavobacteriales	Weeksellaceae	Chryseobacterium	Chryseobacterium gleum	07f18c2c825e41b4b677a76617747309	db48a13473f848a9b6a2d255460412e5d7830a67a27a46fa3f540f2bfae193bc	1643488	eligible	ASV_5a1e89cc98f27951	6	5606922	GCF_900636535.1.fna.gz
GCF_050942175.1	3239982	3239982	Nocardia sp. CA-151230	na	Complete Genome	9215515	airway_prioritized	0	biological	https://ftp.ncbi.nlm.nih.gov/genomes/all/GCF/050/942/175/GCF_050942175.1_MDNA_WGS_317_assembly/GCF_050942175.1_MDNA_WGS_317_assembly_genomic.fna.gz	https://ftp.ncbi.nlm.nih.gov/genomes/all/GCF/050/942/175/GCF_050942175.1_MDNA_WGS_317_assembly/md5checksums.txt	Bacteria	Actinomycetota	Actinomycetes	Mycobacteriales	Nocardiaceae	Nocardia	Nocardia sp. CA-151230	d152c9fc1d7a50ec356539a35af15053	b7f65126600a350b5140ffa28972e4f67c8a3937e76c43985b77c62e297c7d1a	2633975	eligible	ASV_23825f9553a3f1fa	4	9215515	GCF_050942175.1.fna.gz
GCF_003019315.1	469616	850	Fusobacterium mortiferum ATCC 9817	reference genome	Complete Genome	2716766	airway_prioritized	0	biological	https://ftp.ncbi.nlm.nih.gov/genomes/all/GCF/003/019/315/GCF_003019315.1_ASM301931v1/GCF_003019315.1_ASM301931v1_genomic.fna.gz	https://ftp.ncbi.nlm.nih.gov/genomes/all/GCF/003/019/315/GCF_003019315.1_ASM301931v1/md5checksums.txt	Bacteria	Fusobacteriota	Fusobacteriia	Fusobacteriales	Fusobacteriaceae	Fusobacterium	Fusobacterium mortiferum	c7716118451df84731fc6772320073d9	912fcf946cab8891a2c275ce270c93276a7f6eecc38b8303ddd4b002da5b38f8	761621	eligible	ASV_5613aebe431bd4ad	8	2716766	GCF_003019315.1.fna.gz
GCF_059587225.1	3569178	3569178	Pseudomonas sp. ZC-XH25	na	Complete Genome	5757187	airway_prioritized	0	biological	https://ftp.ncbi.nlm.nih.gov/genomes/all/GCF/059/587/225/GCF_059587225.1_ASM5958722v1/GCF_059587225.1_ASM5958722v1_genomic.fna.gz	https://ftp.ncbi.nlm.nih.gov/genomes/all/GCF/059/587/225/GCF_059587225.1_ASM5958722v1/md5checksums.txt	Bacteria	Pseudomonadota	Gammaproteobacteria	Pseudomonadales	Pseudomonadaceae	Pseudomonas	Pseudomonas sp. ZC-XH25	8f3d4098c32b4d82cc817f182f911d47	6fd3901fe7aa1e365e3f0f16da0b62277575add89fc6a7e68e8c0831959b7c09	1680925	eligible	ASV_1d07d14c184ef5d7	7	5757187	GCF_059587225.1.fna.gz
GCF_900636765.1	493	493	Neisseria canis	reference genome	Complete Genome	2569389	airway_prioritized	0	biological	https://ftp.ncbi.nlm.nih.gov/genomes/all/GCF/900/636/765/GCF_900636765.1_44503_A02/GCF_900636765.1_44503_A02_genomic.fna.gz	https://ftp.ncbi.nlm.nih.gov/genomes/all/GCF/900/636/765/GCF_900636765.1_44503_A02/md5checksums.txt	Bacteria	Pseudomonadota	Betaproteobacteria	Neisseriales	Neisseriaceae	Neisseria	Neisseria canis	bdebee9cea7038e4bb40b50ead17ee64	4fc4ef6317b9272cf220e3690dad150bbd33152d11f6690d7e802b52ba7e4b5d	746957	eligible	ASV_dc6680b147540077	4	2569389	GCF_900636765.1.fna.gz
GCF_030064065.1	3047030	3047030	Rothia sp. SD9660Na	na	Complete Genome	2387041	airway_prioritized	0	biological	https://ftp.ncbi.nlm.nih.gov/genomes/all/GCF/030/064/065/GCF_030064065.1_ASM3006406v1/GCF_030064065.1_ASM3006406v1_genomic.fna.gz	https://ftp.ncbi.nlm.nih.gov/genomes/all/GCF/030/064/065/GCF_030064065.1_ASM3006406v1/md5checksums.txt	Bacteria	Actinomycetota	Actinomycetes	Micrococcales	Micrococcaceae	Rothia	Rothia sp. SD9660Na	5fc6577899c89e2304c503c6681ee6d5	b2cc9c9edce55d0c0894ae186cd222dd94a3fcdca752ddfe053cc2f50106a416	707676	eligible	ASV_a4f5f94d48fed663	3	2387041	GCF_030064065.1.fna.gz
GCF_900637105.1	34061	34061	Moraxella cuniculi	reference genome	Complete Genome	2202865	airway_prioritized	0	biological	https://ftp.ncbi.nlm.nih.gov/genomes/all/GCF/900/637/105/GCF_900637105.1_48290_D02/GCF_900637105.1_48290_D02_genomic.fna.gz	https://ftp.ncbi.nlm.nih.gov/genomes/all/GCF/900/637/105/GCF_900637105.1_48290_D02/md5checksums.txt	Bacteria	Pseudomonadota	Gammaproteobacteria	Moraxellales	Moraxellaceae	Moraxella	Moraxella cuniculi	23bb83f601c50bed7709080fbfa2abe8	d63c263a4f72154bc97902ffd58d18dbdc17275fc56a72785d3acc471b5b85e6	638974	eligible	ASV_b9114c6cf5c62012	4	2202865	GCF_900637105.1.fna.gz
GCF_001278825.1	1705617	1705617	Capnocytophaga sp. oral taxon 323	na	Complete Genome	2614527	airway_prioritized	0	biological	https://ftp.ncbi.nlm.nih.gov/genomes/all/GCF/001/278/825/GCF_001278825.1_ASM127882v1/GCF_001278825.1_ASM127882v1_genomic.fna.gz	https://ftp.ncbi.nlm.nih.gov/genomes/all/GCF/001/278/825/GCF_001278825.1_ASM127882v1/md5checksums.txt	Bacteria	Bacteroidota	Flavobacteriia	Flavobacteriales	Flavobacteriaceae	Capnocytophaga	Capnocytophaga sp. oral taxon 323	cd28238f25b7b8f509d6a56ce4f18915	3169c374fbd9fd26c0b6111ffbf6f277c641a0b5fdeeb6602777bf3d7c7b7cad	768777	eligible	ASV_058680afe458c139	4	2614527	GCF_001278825.1.fna.gz
GCF_021325795.2	2843195	2843195	Bordetella sp. LUAb4	na	Complete Genome	6678458	airway_prioritized	0	biological	https://ftp.ncbi.nlm.nih.gov/genomes/all/GCF/021/325/795/GCF_021325795.2_ASM2132579v2/GCF_021325795.2_ASM2132579v2_genomic.fna.gz	https://ftp.ncbi.nlm.nih.gov/genomes/all/GCF/021/325/795/GCF_021325795.2_ASM2132579v2/md5checksums.txt	Bacteria	Pseudomonadota	Betaproteobacteria	Burkholderiales	Alcaligenaceae	Bordetella	Bordetella sp. LUAb4	376092695690a365c37e7a06494fb620	7f5df7f575a830866edf606482ac9de96f79d7cbf1d4ffcca749f4fcd77e7e72	1938123	eligible	ASV_87dedca31d455917	3	6678458	GCF_021325795.2.fna.gz
GCF_000221985.1	1054460	257758	Streptococcus pseudopneumoniae IS7493	reference genome	Complete Genome	2195458	airway_prioritized	0	biological	https://ftp.ncbi.nlm.nih.gov/genomes/all/GCF/000/221/985/GCF_000221985.1_ASM22198v1/GCF_000221985.1_ASM22198v1_genomic.fna.gz	https://ftp.ncbi.nlm.nih.gov/genomes/all/GCF/000/221/985/GCF_000221985.1_ASM22198v1/md5checksums.txt	Bacteria	Bacillota	Bacilli	Lactobacillales	Streptococcaceae	Streptococcus	Streptococcus pseudopneumoniae	1ecbf6002c940c5c9f6b558a768eb906	73f3feceb736852e754cb382b95d85c6129b58f0cf66bfdeec9d98aa51acf271	649082	eligible	ASV_4bd56e924818a804	1	2195458	GCF_000221985.1.fna.gz
GCF_001557535.2	1795043	1795043	Burkholderia sp. PAMC 26561	na	Complete Genome	9055344	airway_prioritized	0	biological	https://ftp.ncbi.nlm.nih.gov/genomes/all/GCF/001/557/535/GCF_001557535.2_ASM155753v2/GCF_001557535.2_ASM155753v2_genomic.fna.gz	https://ftp.ncbi.nlm.nih.gov/genomes/all/GCF/001/557/535/GCF_001557535.2_ASM155753v2/md5checksums.txt	Bacteria	Pseudomonadota	Betaproteobacteria	Burkholderiales	Burkholderiaceae	Burkholderia	Burkholderia sp. PAMC 26561	65a83ec6b96841c9c186cb61eff08a7b	0895e4ce14bf6a4c8ba9b1adf22af2bc61a365e7e3e32ecc56f9176005fd6dd8	2666602	eligible	ASV_25ac865975180897	4	9055344	GCF_001557535.2.fna.gz
GCF_000184435.1	278137	1804	Mycolicibacterium gilvum Spyr1	reference genome	Complete Genome	5783292	airway_prioritized	0	biological	https://ftp.ncbi.nlm.nih.gov/genomes/all/GCF/000/184/435/GCF_000184435.1_ASM18443v1/GCF_000184435.1_ASM18443v1_genomic.fna.gz	https://ftp.ncbi.nlm.nih.gov/genomes/all/GCF/000/184/435/GCF_000184435.1_ASM18443v1/md5checksums.txt	Bacteria	Actinomycetota	Actinomycetes	Mycobacteriales	Mycobacteriaceae	Mycolicibacterium	Mycolicibacterium gilvum	b41f8d1cdf2b0ccb8b1af68cd63d82ec	7b8f9f85f9e0c6044edfa082958e1a9e2e99f9ffce464a7f4533f261da53eaf4	1646590	eligible	ASV_e71041aef0a8826a	2	5783292	GCF_000184435.1.fna.gz
GCF_030219305.1	28125	28125	Prevotella bivia	na	Complete Genome	2427673	airway_prioritized	0	biological	https://ftp.ncbi.nlm.nih.gov/genomes/all/GCF/030/219/305/GCF_030219305.1_ASM3021930v1/GCF_030219305.1_ASM3021930v1_genomic.fna.gz	https://ftp.ncbi.nlm.nih.gov/genomes/all/GCF/030/219/305/GCF_030219305.1_ASM3021930v1/md5checksums.txt	Bacteria	Bacteroidota	Bacteroidia	Bacteroidales	Prevotellaceae	Prevotella	Prevotella bivia	d057f980d7d658114f23dd88cb688f03	1f6c90ddf043bc171c854dac2b06a9205ee1fe8d4094d79f64bcc45e5dd98656	719083	eligible	ASV_1398ed088ef99476	4	2427673	GCF_030219305.1.fna.gz
GCF_050955695.1	3239979	3239979	Nocardia sp. CA-136227	na	Complete Genome	7670242	airway_prioritized	0	biological	https://ftp.ncbi.nlm.nih.gov/genomes/all/GCF/050/955/695/GCF_050955695.1_MDNA_WGS_300_assembly/GCF_050955695.1_MDNA_WGS_300_assembly_genomic.fna.gz	https://ftp.ncbi.nlm.nih.gov/genomes/all/GCF/050/955/695/GCF_050955695.1_MDNA_WGS_300_assembly/md5checksums.txt	Bacteria	Actinomycetota	Actinomycetes	Mycobacteriales	Nocardiaceae	Nocardia	Nocardia sp. CA-136227	81479984f9c38d14abda5ac2ac1fa1ca	b2b6235056c90aedff38519846f00446ba3fc8570a9f0c97d582a9039da9a284	2182094	eligible	ASV_7241884b58272b92	4	7670242	GCF_050955695.1.fna.gz
GCF_003019295.1	190304	851	Fusobacterium nucleatum subsp. nucleatum ATCC 25586	reference genome	Complete Genome	2180101	airway_prioritized	0	biological	https://ftp.ncbi.nlm.nih.gov/genomes/all/GCF/003/019/295/GCF_003019295.1_ASM301929v1/GCF_003019295.1_ASM301929v1_genomic.fna.gz	https://ftp.ncbi.nlm.nih.gov/genomes/all/GCF/003/019/295/GCF_003019295.1_ASM301929v1/md5checksums.txt	Bacteria	Fusobacteriota	Fusobacteriia	Fusobacteriales	Fusobacteriaceae	Fusobacterium	Fusobacterium nucleatum	be6d322a04c4b60b3974aa8896634516	5f063b7e9548ecdcb073e4613faccef33b401b0b4cd1d8c0501724ae95771890	608729	eligible	ASV_2acb4710c828d339	5	2180101	GCF_003019295.1.fna.gz
GCF_030644325.1	3058373	3058373	Leptotrichia sp. HMT-225	na	Complete Genome	2452811	airway_prioritized	0	biological	https://ftp.ncbi.nlm.nih.gov/genomes/all/GCF/030/644/325/GCF_030644325.1_ASM3064432v1/GCF_030644325.1_ASM3064432v1_genomic.fna.gz	https://ftp.ncbi.nlm.nih.gov/genomes/all/GCF/030/644/325/GCF_030644325.1_ASM3064432v1/md5checksums.txt	Bacteria	Fusobacteriota	Fusobacteriia	Fusobacteriales	Leptotrichiaceae	Leptotrichia	Leptotrichia sp. HMT-225	c88b3b231c2bfda3600b0d812b52b1c2	8f231ff01d50e970daa13225cd4d77697ff5b421ad567502f5b9cc156ebabfb7	697579	eligible	ASV_e7af1d49f93b19da	5	2452811	GCF_030644325.1.fna.gz
GCF_055523375.1	1226327	1226327	Acinetobacter kookii	na	Complete Genome	3281503	airway_prioritized	0	biological	https://ftp.ncbi.nlm.nih.gov/genomes/all/GCF/055/523/375/GCF_055523375.1_ASM5552337v1/GCF_055523375.1_ASM5552337v1_genomic.fna.gz	https://ftp.ncbi.nlm.nih.gov/genomes/all/GCF/055/523/375/GCF_055523375.1_ASM5552337v1/md5checksums.txt	Bacteria	Pseudomonadota	Gammaproteobacteria	Moraxellales	Moraxellaceae	Acinetobacter	Acinetobacter kookii	69dea5ef18165a8e75453676fd99c7fa	11effcb36d9d0a2aef8df75366a0665514454b8171cbfb69c3a205e8ad84a722	974356	eligible	ASV_3102b3cae3ecfc5a	7	3281503	GCF_055523375.1.fna.gz
GCF_016924835.1	2810516	2810516	Rothia sp. ZJ932	na	Complete Genome	2264101	airway_prioritized	0	biological	https://ftp.ncbi.nlm.nih.gov/genomes/all/GCF/016/924/835/GCF_016924835.1_ASM1692483v1/GCF_016924835.1_ASM1692483v1_genomic.fna.gz	https://ftp.ncbi.nlm.nih.gov/genomes/all/GCF/016/924/835/GCF_016924835.1_ASM1692483v1/md5checksums.txt	Bacteria	Actinomycetota	Actinomycetes	Micrococcales	Micrococcaceae	Rothia	Rothia sp. ZJ932	8fdf52edd16803cc8d655ba359c96db0	59d7878c1869cbf6bed020de4da96bbd77fc86aa89b05e672fe4cfe995a53922	676035	eligible	ASV_e5c0d2fe4f66dc8e	4	2264101	GCF_016924835.1.fna.gz
GCF_034647055.2	33923	33923	Mycoplasmopsis felis	reference genome	Complete Genome	918089	airway_prioritized	0	biological	https://ftp.ncbi.nlm.nih.gov/genomes/all/GCF/034/647/055/GCF_034647055.2_ASM3464705v2/GCF_034647055.2_ASM3464705v2_genomic.fna.gz	https://ftp.ncbi.nlm.nih.gov/genomes/all/GCF/034/647/055/GCF_034647055.2_ASM3464705v2/md5checksums.txt	Bacteria	Mycoplasmatota		Mycoplasmoidales	Metamycoplasmataceae	Mycoplasmopsis	Mycoplasmopsis felis	00f58551117d96bcdae61dd6032a77c1	4610d16b522ea167016a7cfef727eadd94944fcbe41a5d89d589d53c7dcc8fba	255054	eligible	ASV_fec057a413498f84	3	918089	GCF_034647055.2.fna.gz
GCF_022701215.1	2904121	2904121	Moraxella nasovis	reference genome	Complete Genome	2028236	airway_prioritized	0	biological	https://ftp.ncbi.nlm.nih.gov/genomes/all/GCF/022/701/215/GCF_022701215.1_ASM2270121v1/GCF_022701215.1_ASM2270121v1_genomic.fna.gz	https://ftp.ncbi.nlm.nih.gov/genomes/all/GCF/022/701/215/GCF_022701215.1_ASM2270121v1/md5checksums.txt	Bacteria	Pseudomonadota	Gammaproteobacteria	Moraxellales	Moraxellaceae	Moraxella	Moraxella nasovis	d32312113288f3a941a5da69799e90cc	4645ac0237c4c9201ae602bdb1658e8607048f48f5c8ea2f203a8b6d17199a0f	592741	eligible	ASV_d172ea6fccf53141	4	2028236	GCF_022701215.1.fna.gz
GCF_043187515.1	3115617	3115617	Anaerococcus cruorum	na	Complete Genome	1589799	airway_prioritized	1	biological	https://ftp.ncbi.nlm.nih.gov/genomes/all/GCF/043/187/515/GCF_043187515.1_ASM4318751v1/GCF_043187515.1_ASM4318751v1_genomic.fna.gz	https://ftp.ncbi.nlm.nih.gov/genomes/all/GCF/043/187/515/GCF_043187515.1_ASM4318751v1/md5checksums.txt	Bacteria	Bacillota	Tissierellia	Tissierellales	Peptoniphilaceae	Anaerococcus	Anaerococcus cruorum	0c8b341366c630f0b2d583929a4b6be2	d3959f93a0874e18f59450f46bbcba1e6611a5e540ae009a73710e99dc1afb39	458998	eligible	ASV_147cff40c9d11647	4	1589799	GCF_043187515.1.fna.gz
GCF_001017775.3	445709	445709	Pandoraea thiooxydans	reference genome	Complete Genome	4464186	airway_prioritized	0	biological	https://ftp.ncbi.nlm.nih.gov/genomes/all/GCF/001/017/775/GCF_001017775.3_ASM101777v3/GCF_001017775.3_ASM101777v3_genomic.fna.gz	https://ftp.ncbi.nlm.nih.gov/genomes/all/GCF/001/017/775/GCF_001017775.3_ASM101777v3/md5checksums.txt	Bacteria	Pseudomonadota	Betaproteobacteria	Burkholderiales	Burkholderiaceae	Pandoraea	Pandoraea thiooxydans	39a7c8c8eac792fedfad0e59578a0f1b	0b694f65cf26abf6c22c8527db840197dffea03eee193b9eb1f65f304f552475	1298506	eligible	ASV_085e200c39c87d12	2	4464186	GCF_001017775.3.fna.gz
GCF_003111765.1	2079536	2079536	Actinomyces sp. Z16	na	Complete Genome	3761642	airway_prioritized	0	biological	https://ftp.ncbi.nlm.nih.gov/genomes/all/GCF/003/111/765/GCF_003111765.1_ASM311176v1/GCF_003111765.1_ASM311176v1_genomic.fna.gz	https://ftp.ncbi.nlm.nih.gov/genomes/all/GCF/003/111/765/GCF_003111765.1_ASM311176v1/md5checksums.txt	Bacteria	Actinomycetota	Actinomycetes	Actinomycetales	Actinomycetaceae	Actinomyces	Actinomyces sp. Z16	8972adeba79963832c7512e31170d399	2a5b53fe5f0a00707e5e2cc8d75f920425858a411589b7f71304d5cc0bee2ca5	1077634	eligible	ASV_8b2b3f8e9fe6a48a	3	3761642	GCF_003111765.1.fna.gz
GCF_003086355.1	2173853	2173853	Streptococcus chenjunshii	reference genome	Complete Genome	2443046	airway_prioritized	0	biological	https://ftp.ncbi.nlm.nih.gov/genomes/all/GCF/003/086/355/GCF_003086355.1_ASM308635v2/GCF_003086355.1_ASM308635v2_genomic.fna.gz	https://ftp.ncbi.nlm.nih.gov/genomes/all/GCF/003/086/355/GCF_003086355.1_ASM308635v2/md5checksums.txt	Bacteria	Bacillota	Bacilli	Lactobacillales	Streptococcaceae	Streptococcus	Streptococcus chenjunshii	b3e740bd1f10dd017be15b2bb338afc0	abdbae401a278a82d533229e5bcd2a2ee04a880fc65ae78b12cfa0eed329de78	720207	eligible	ASV_b61f3997069da2c2	5	2443046	GCF_003086355.1.fna.gz
GCF_008245025.1	488545	201	Campylobacter lari subsp. concheus	reference genome	Complete Genome	1488515	airway_prioritized	0	biological	https://ftp.ncbi.nlm.nih.gov/genomes/all/GCF/008/245/025/GCF_008245025.1_ASM824502v1/GCF_008245025.1_ASM824502v1_genomic.fna.gz	https://ftp.ncbi.nlm.nih.gov/genomes/all/GCF/008/245/025/GCF_008245025.1_ASM824502v1/md5checksums.txt	Bacteria	Campylobacterota	Epsilonproteobacteria	Campylobacterales	Campylobacteraceae	Campylobacter	Campylobacter lari	94099ec4a4fb1c77fc98729e27741cce	251fa51c696a0921f14f5297cd66de8fdb2ba7ffc749f92bf37de16427a159bb	421309	eligible	ASV_3e6c5fda65fa092c	3	1488515	GCF_008245025.1.fna.gz
GCF_050320395.1	3116654	3116654	Treponema sp. HNW	na	Complete Genome	2809884	airway_prioritized	0	biological	https://ftp.ncbi.nlm.nih.gov/genomes/all/GCF/050/320/395/GCF_050320395.1_Tpes01/GCF_050320395.1_Tpes01_genomic.fna.gz	https://ftp.ncbi.nlm.nih.gov/genomes/all/GCF/050/320/395/GCF_050320395.1_Tpes01/md5checksums.txt	Bacteria	Spirochaetota	Spirochaetia	Treponematales	Treponemataceae	Treponema	Treponema sp. HNW	74fb75b0533a4026e2e855f98698dc18	7e51cde03f76f75040ce14f8bee1ea92e3dc1732cdf33808a73216038e018bf6	824377	eligible	ASV_b5fd84f9baf71a11	2	2809884	GCF_050320395.1.fna.gz
GCF_029026145.1	1071983	1071983	Legionella cardiaca	reference genome	Complete Genome	3477232	airway_prioritized	0	biological	https://ftp.ncbi.nlm.nih.gov/genomes/all/GCF/029/026/145/GCF_029026145.1_ASM2902614v1/GCF_029026145.1_ASM2902614v1_genomic.fna.gz	https://ftp.ncbi.nlm.nih.gov/genomes/all/GCF/029/026/145/GCF_029026145.1_ASM2902614v1/md5checksums.txt	Bacteria	Pseudomonadota	Gammaproteobacteria	Legionellales	Legionellaceae	Legionella	Legionella cardiaca	7632ff0e71fc39379301d678af60a04f	b791f9216fd58308e487d5e00d2053638b5870de2cf06ad3ad53385998859ee1	1031236	eligible	ASV_a12dc0f343dcf190	4	3477232	GCF_029026145.1.fna.gz
GCF_006228185.1	353852	353852	Mycoplasma nasistruthionis	reference genome	Complete Genome	803230	airway_prioritized	0	biological	https://ftp.ncbi.nlm.nih.gov/genomes/all/GCF/006/228/185/GCF_006228185.1_ASM622818v1/GCF_006228185.1_ASM622818v1_genomic.fna.gz	https://ftp.ncbi.nlm.nih.gov/genomes/all/GCF/006/228/185/GCF_006228185.1_ASM622818v1/md5checksums.txt	Bacteria	Mycoplasmatota	Mollicutes	Mycoplasmatales	Mycoplasmataceae	Mycoplasma	Mycoplasma nasistruthionis	2732a3dddedbdb93e5fd879f49fa67fc	3cbce697e9f31d27148c5d13fb780f0b0bb1851bd031208a689fc5ad570f5e5b	228343	eligible	ASV_0330ada3d49353f4	3	803230	GCF_006228185.1.fna.gz
GCF_052567005.1	3457578	3457578	Mycolicibacterium sp. Dal123E01	na	Complete Genome	6083269	airway_prioritized	0	biological	https://ftp.ncbi.nlm.nih.gov/genomes/all/GCF/052/567/005/GCF_052567005.1_Dal123E01/GCF_052567005.1_Dal123E01_genomic.fna.gz	https://ftp.ncbi.nlm.nih.gov/genomes/all/GCF/052/567/005/GCF_052567005.1_Dal123E01/md5checksums.txt	Bacteria	Actinomycetota	Actinomycetes	Mycobacteriales	Mycobacteriaceae	Mycolicibacterium	Mycolicibacterium sp. Dal123E01	4ec36ec1d783845aac66ced84b42c23f	65a31bceca1f395d9a2a6b4a8ec5952dbb05d30dff597cbfbf7c8cb6b584fbd5	1755184	eligible	ASV_9aab5ac640715df5	2	6083269	GCF_052567005.1.fna.gz
GCF_001262015.1	1236517	589436	Prevotella fusca JCM 17724	reference genome	Complete Genome	3261806	airway_prioritized	0	biological	https://ftp.ncbi.nlm.nih.gov/genomes/all/GCF/001/262/015/GCF_001262015.1_ASM126201v1/GCF_001262015.1_ASM126201v1_genomic.fna.gz	https://ftp.ncbi.nlm.nih.gov/genomes/all/GCF/001/262/015/GCF_001262015.1_ASM126201v1/md5checksums.txt	Bacteria	Bacteroidota	Bacteroidia	Bacteroidales	Prevotellaceae	Prevotella	Prevotella fusca	d0c00d4ee8c0ff1846c60d944973779d	b7d784ce8719fb5cb2d73bfb5c8137762d463997fe1d0dcbb909aa113762f095	966233	eligible	ASV_bfa7dc245ea82b86	4	3261806	GCF_001262015.1.fna.gz
GCF_977089955.1	3473536	3473536	Nocardia sp. X0981	na	Complete Genome	6373519	airway_prioritized	0	biological	https://ftp.ncbi.nlm.nih.gov/genomes/all/GCF/977/089/955/GCF_977089955.1_K28X0981/GCF_977089955.1_K28X0981_genomic.fna.gz	https://ftp.ncbi.nlm.nih.gov/genomes/all/GCF/977/089/955/GCF_977089955.1_K28X0981/md5checksums.txt	Bacteria	Actinomycetota	Actinomycetes	Mycobacteriales	Nocardiaceae	Nocardia	Nocardia sp. X0981	c33c2b3aac4ae63bef0ae178611dddb6	df6225ffbaaef99d4b12fc2b1a337eb8cc531a0c09a9b6a536ddc79145ba6ddf	1815334	eligible	ASV_fb4fb0a3aabad045	2	6373519	GCF_977089955.1.fna.gz
GCF_003019695.1	469615	849	Fusobacterium gonidiaformans ATCC 25563	reference genome	Complete Genome	1678881	airway_prioritized	0	biological	https://ftp.ncbi.nlm.nih.gov/genomes/all/GCF/003/019/695/GCF_003019695.1_ASM301969v1/GCF_003019695.1_ASM301969v1_genomic.fna.gz	https://ftp.ncbi.nlm.nih.gov/genomes/all/GCF/003/019/695/GCF_003019695.1_ASM301969v1/md5checksums.txt	Bacteria	Fusobacteriota	Fusobacteriia	Fusobacteriales	Fusobacteriaceae	Fusobacterium	Fusobacterium gonidiaformans	0f1e77d27ffc83c463caeab7cefc9f6c	855900aeec2666aa0a893a88b858ff04418cf36ce6f7071ffaaa505d2715bdf7	480309	eligible	ASV_ae08d22c8756876d	6	1678881	GCF_003019695.1.fna.gz
GCF_023824315.1	2943497	2943497	Acinetobacter tibetensis	reference genome	Complete Genome	3390424	airway_prioritized	0	biological	https://ftp.ncbi.nlm.nih.gov/genomes/all/GCF/023/824/315/GCF_023824315.1_ASM2382431v1/GCF_023824315.1_ASM2382431v1_genomic.fna.gz	https://ftp.ncbi.nlm.nih.gov/genomes/all/GCF/023/824/315/GCF_023824315.1_ASM2382431v1/md5checksums.txt	Bacteria	Pseudomonadota	Gammaproteobacteria	Moraxellales	Moraxellaceae	Acinetobacter	Acinetobacter tibetensis	0a2e5a752c8b19c864d0f46036c4905d	8c1d053e4ba0106e5a191d011d68f1745af8d2da5677d21ae5d749ff43bdfd31	1004696	eligible	ASV_eb34816fadc9ca72	7	3390424	GCF_023824315.1.fna.gz
GCF_001900245.1	48003	48003	Mycoplasmopsis pullorum	na	Complete Genome	1007172	airway_prioritized	0	biological	https://ftp.ncbi.nlm.nih.gov/genomes/all/GCF/001/900/245/GCF_001900245.1_ASM190024v1/GCF_001900245.1_ASM190024v1_genomic.fna.gz	https://ftp.ncbi.nlm.nih.gov/genomes/all/GCF/001/900/245/GCF_001900245.1_ASM190024v1/md5checksums.txt	Bacteria	Mycoplasmatota		Mycoplasmoidales	Metamycoplasmataceae	Mycoplasmopsis	Mycoplasmopsis pullorum	e4edc7051662dbaa37a7ecae8e8c8d46	6457bfabbcd04db9c3ec0943bffb716da26178cf2bd8855eb01e34e50f4dde8c	287069	eligible	ASV_3378e0b486a0dbdb	2	1007172	GCF_001900245.1.fna.gz
GCF_024296905.1	2961618	2961618	Moraxella sp. FZLJ2107	na	Complete Genome	2422986	airway_prioritized	0	biological	https://ftp.ncbi.nlm.nih.gov/genomes/all/GCF/024/296/905/GCF_024296905.1_ASM2429690v1/GCF_024296905.1_ASM2429690v1_genomic.fna.gz	https://ftp.ncbi.nlm.nih.gov/genomes/all/GCF/024/296/905/GCF_024296905.1_ASM2429690v1/md5checksums.txt	Bacteria	Pseudomonadota	Gammaproteobacteria	Moraxellales	Moraxellaceae	Moraxella	Moraxella sp. FZLJ2107	404c488c1237d37ad05a674fb5a8f8d4	3dc003c2b13ae4b300d8be9a42d49789f87be0a65b10fc749c922e1e5aa4d441	703941	eligible	ASV_b503cf5f48d05216	4	2422986	GCF_024296905.1.fna.gz
GCF_011612265.2	43768	43768	Corynebacterium matruchotii	na	Complete Genome	2866540	airway_prioritized	0	biological	https://ftp.ncbi.nlm.nih.gov/genomes/all/GCF/011/612/265/GCF_011612265.2_ASM1161226v2/GCF_011612265.2_ASM1161226v2_genomic.fna.gz	https://ftp.ncbi.nlm.nih.gov/genomes/all/GCF/011/612/265/GCF_011612265.2_ASM1161226v2/md5checksums.txt	Bacteria	Actinomycetota	Actinomycetes	Mycobacteriales	Corynebacteriaceae	Corynebacterium	Corynebacterium matruchotii	18e5651e3c54d7b0ac55227d3b0b74c8	350afac75bf27494c11c1e19f1e26ce7f0200779eceeb58f1bb1d1d3fbf25dc7	850334	eligible	ASV_2d0e838bfa88fb06	4	2866540	GCF_011612265.2.fna.gz
GCF_000815105.2	93221	93221	Pandoraea pulmonicola	reference genome	Complete Genome	5867621	airway_prioritized	0	biological	https://ftp.ncbi.nlm.nih.gov/genomes/all/GCF/000/815/105/GCF_000815105.2_ASM81510v2/GCF_000815105.2_ASM81510v2_genomic.fna.gz	https://ftp.ncbi.nlm.nih.gov/genomes/all/GCF/000/815/105/GCF_000815105.2_ASM81510v2/md5checksums.txt	Bacteria	Pseudomonadota	Betaproteobacteria	Burkholderiales	Burkholderiaceae	Pandoraea	Pandoraea pulmonicola	2213b1c946c6b2758255fff535addcff	831f9dd1fcb44a9f239db1d037a2eb22233d8f5c7997f1223133ab1e6665cfa8	1699840	eligible	ASV_4f1a7e044ae1c5f4	4	5867621	GCF_000815105.2.fna.gz
GCF_001854305.1	876364	876364	Cupriavidus sp. USMAA2-4	na	Complete Genome	8698226	airway_prioritized	0	biological	https://ftp.ncbi.nlm.nih.gov/genomes/all/GCF/001/854/305/GCF_001854305.1_ASM185430v1/GCF_001854305.1_ASM185430v1_genomic.fna.gz	https://ftp.ncbi.nlm.nih.gov/genomes/all/GCF/001/854/305/GCF_001854305.1_ASM185430v1/md5checksums.txt	Bacteria	Pseudomonadota	Betaproteobacteria	Burkholderiales	Burkholderiaceae	Cupriavidus	Cupriavidus sp. USMAA2-4	ad483979d536724ad0fe69fd96c9b8cb	06dae4ceb75978e22c8a0d316eac3d88e5e6feef29be4e3c6bcf974d8bf0cd9b	2474397	eligible	ASV_361302e1c092d855	7	8698226	GCF_001854305.1.fna.gz
GCF_002302415.1	1017	1017	Capnocytophaga gingivalis	reference genome	Complete Genome	2838633	airway_prioritized	0	biological	https://ftp.ncbi.nlm.nih.gov/genomes/all/GCF/002/302/415/GCF_002302415.1_ASM230241v1/GCF_002302415.1_ASM230241v1_genomic.fna.gz	https://ftp.ncbi.nlm.nih.gov/genomes/all/GCF/002/302/415/GCF_002302415.1_ASM230241v1/md5checksums.txt	Bacteria	Bacteroidota	Flavobacteriia	Flavobacteriales	Flavobacteriaceae	Capnocytophaga	Capnocytophaga gingivalis	b8506417c88cbcb246233a18b12bbf8b	ed0267c9551218f5edadd7fabc27a301c83527da6cf2ae39f9d7363a61fb47e9	833337	eligible	ASV_d510ea25ea7bf798	3	2838633	GCF_002302415.1.fna.gz
GCF_048986975.1	1337	1337	Streptococcus hyointestinalis	na	Complete Genome	2061409	airway_prioritized	0	biological	https://ftp.ncbi.nlm.nih.gov/genomes/all/GCF/048/986/975/GCF_048986975.1_ASM4898697v1/GCF_048986975.1_ASM4898697v1_genomic.fna.gz	https://ftp.ncbi.nlm.nih.gov/genomes/all/GCF/048/986/975/GCF_048986975.1_ASM4898697v1/md5checksums.txt	Bacteria	Bacillota	Bacilli	Lactobacillales	Streptococcaceae	Streptococcus	Streptococcus hyointestinalis	08f0349e30d2076b87e4b5c547ab0b52	ba30d996d9ce6508e8602712e01a881dfbceb8dae656c3e37d9d8446ea06f34c	602514	eligible	ASV_5d2a340c5b029a34	6	2061409	GCF_048986975.1.fna.gz
GCF_001718415.1	1207504	1207504	Burkholderia pseudomultivorans	na	Complete Genome	7956789	airway_prioritized	0	biological	https://ftp.ncbi.nlm.nih.gov/genomes/all/GCF/001/718/415/GCF_001718415.1_ASM171841v1/GCF_001718415.1_ASM171841v1_genomic.fna.gz	https://ftp.ncbi.nlm.nih.gov/genomes/all/GCF/001/718/415/GCF_001718415.1_ASM171841v1/md5checksums.txt	Bacteria	Pseudomonadota	Betaproteobacteria	Burkholderiales	Burkholderiaceae	Burkholderia	Burkholderia pseudomultivorans	4aea735341b641182dd47254d75ce41c	ac550db0bec35ed9b8d8a5d506ae81ebc97aebda7e118452394c3d547bf19233	2237440	eligible	ASV_399827a7610d353b	6	7956789	GCF_001718415.1.fna.gz
GCF_002240035.1	1867846	1867846	Legionella clemsonensis	reference genome	Complete Genome	3272100	airway_prioritized	0	biological	https://ftp.ncbi.nlm.nih.gov/genomes/all/GCF/002/240/035/GCF_002240035.1_ASM224003v1/GCF_002240035.1_ASM224003v1_genomic.fna.gz	https://ftp.ncbi.nlm.nih.gov/genomes/all/GCF/002/240/035/GCF_002240035.1_ASM224003v1/md5checksums.txt	Bacteria	Pseudomonadota	Gammaproteobacteria	Legionellales	Legionellaceae	Legionella	Legionella clemsonensis	ee928e088fc1b63f56dc682a488886e5	d4fc6754309f423390558e62b1a40e2fac2f67a93227bdad4267bbfe7c7067e9	972536	eligible	ASV_56fe1a27ec9b50d1	4	3272100	GCF_002240035.1.fna.gz
GCF_055381405.1	3236793	3236793	Prevotella mikamonis	reference genome	Complete Genome	2948037	airway_prioritized	0	biological	https://ftp.ncbi.nlm.nih.gov/genomes/all/GCF/055/381/405/GCF_055381405.1_ASM5538140v1/GCF_055381405.1_ASM5538140v1_genomic.fna.gz	https://ftp.ncbi.nlm.nih.gov/genomes/all/GCF/055/381/405/GCF_055381405.1_ASM5538140v1/md5checksums.txt	Bacteria	Bacteroidota	Bacteroidia	Bacteroidales	Prevotellaceae	Prevotella	Prevotella mikamonis	03d130d390f6e69c50d332ddf59b8bad	a5affb5106147e5a1fca8abaa5740efb32d7406b84885dcaaa6a5fb305a11c43	880873	eligible	ASV_a6ebad67164730db	4	2948037	GCF_055381405.1.fna.gz
GCF_045040005.1	2903595	2903595	Nocardia sp. NBC_01377	na	Complete Genome	9632804	airway_prioritized	0	biological	https://ftp.ncbi.nlm.nih.gov/genomes/all/GCF/045/040/005/GCF_045040005.1_ASM4504000v1/GCF_045040005.1_ASM4504000v1_genomic.fna.gz	https://ftp.ncbi.nlm.nih.gov/genomes/all/GCF/045/040/005/GCF_045040005.1_ASM4504000v1/md5checksums.txt	Bacteria	Actinomycetota	Actinomycetes	Mycobacteriales	Nocardiaceae	Nocardia	Nocardia sp. NBC_01377	eedaf854d57841c7d0f3ce822f50e32a	8d168b73cccd2b111ca55ce3df216d85c6fae1896b2ddccbaac553b46b755c92	2745376	eligible	ASV_ead536d13c7386e3	3	9632804	GCF_045040005.1.fna.gz
GCF_050219445.1	2744227	2744227	Fusobacterium sp. SB021	na	Complete Genome	2459333	airway_prioritized	0	biological	https://ftp.ncbi.nlm.nih.gov/genomes/all/GCF/050/219/445/GCF_050219445.1_ASM5021944v1/GCF_050219445.1_ASM5021944v1_genomic.fna.gz	https://ftp.ncbi.nlm.nih.gov/genomes/all/GCF/050/219/445/GCF_050219445.1_ASM5021944v1/md5checksums.txt	Bacteria	Fusobacteriota	Fusobacteriia	Fusobacteriales	Fusobacteriaceae	Fusobacterium	Fusobacterium sp. SB021	165674f8b724add50f9cbf4e2d8cad04	aa4c452fdc40316f03e26fecdf6e287c26c1734ec6d7a939fb5325fa4748440d	694335	eligible	ASV_4f435fe48592877b	6	2459333	GCF_050219445.1.fna.gz
GCF_045276205.1	51362	51362	Mycoplasmopsis adleri	reference genome	Complete Genome	1130687	airway_prioritized	0	biological	https://ftp.ncbi.nlm.nih.gov/genomes/all/GCF/045/276/205/GCF_045276205.1_ASM4527620v1/GCF_045276205.1_ASM4527620v1_genomic.fna.gz	https://ftp.ncbi.nlm.nih.gov/genomes/all/GCF/045/276/205/GCF_045276205.1_ASM4527620v1/md5checksums.txt	Bacteria	Mycoplasmatota		Mycoplasmoidales	Metamycoplasmataceae	Mycoplasmopsis	Mycoplasmopsis adleri	de320d020b87f9f40016a6c836b59822	cf3d845032425dfa60668a00b174d6b06361593c83d071fb589c95a266b728c0	305269	eligible	ASV_bcbe963770fa22a6	2	1130687	GCF_045276205.1.fna.gz
GCF_030177935.1	2904119	2904119	Moraxella haemolytica	reference genome	Complete Genome	2123211	airway_prioritized	0	biological	https://ftp.ncbi.nlm.nih.gov/genomes/all/GCF/030/177/935/GCF_030177935.1_ASM3017793v1/GCF_030177935.1_ASM3017793v1_genomic.fna.gz	https://ftp.ncbi.nlm.nih.gov/genomes/all/GCF/030/177/935/GCF_030177935.1_ASM3017793v1/md5checksums.txt	Bacteria	Pseudomonadota	Gammaproteobacteria	Moraxellales	Moraxellaceae	Moraxella	Moraxella haemolytica	3dd211f2ce2f84ac1c39f29ce422eba2	79709a267a7142592f84b8a07a9f9023c584a85e208cba183889dee6971833f2	619134	eligible	ASV_bb908749cb63d5ac	4	2123211	GCF_030177935.1.fna.gz
GCF_000819445.1	1223515	1223514	Corynebacterium humireducens NBRC 106098 = DSM 45392	reference genome	Complete Genome	2681312	airway_prioritized	0	biological	https://ftp.ncbi.nlm.nih.gov/genomes/all/GCF/000/819/445/GCF_000819445.1_ASM81944v1/GCF_000819445.1_ASM81944v1_genomic.fna.gz	https://ftp.ncbi.nlm.nih.gov/genomes/all/GCF/000/819/445/GCF_000819445.1_ASM81944v1/md5checksums.txt	Bacteria	Actinomycetota	Actinomycetes	Mycobacteriales	Corynebacteriaceae	Corynebacterium	Corynebacterium humireducens	eea2b09db7895ded47b7853438d3197d	4ec84029769548999770ebe854ae739a37dc3d9ccd1c18b5c77a741a85756b06	759624	eligible	ASV_08b2243a1519c8f0	4	2681312	GCF_000819445.1.fna.gz
GCF_900637165.1	52771	52771	Actinomyces howellii	reference genome	Complete Genome	3148934	airway_prioritized	0	biological	https://ftp.ncbi.nlm.nih.gov/genomes/all/GCF/900/637/165/GCF_900637165.1_49699_G02/GCF_900637165.1_49699_G02_genomic.fna.gz	https://ftp.ncbi.nlm.nih.gov/genomes/all/GCF/900/637/165/GCF_900637165.1_49699_G02/md5checksums.txt	Bacteria	Actinomycetota	Actinomycetes	Actinomycetales	Actinomycetaceae	Actinomyces	Actinomyces howellii	0c7732f858b8899afe8907072185e5b0	e8173cb8f3afdf050171c0d3de2c5a19e733e5fe439d34cd1a2a13ad5c59d78f	874852	eligible	ASV_1d36402e799945e7	3	3148934	GCF_900637165.1.fna.gz
GCF_002302495.1	1019	1019	Capnocytophaga sputigena	reference genome	Complete Genome	2855148	airway_prioritized	0	biological	https://ftp.ncbi.nlm.nih.gov/genomes/all/GCF/002/302/495/GCF_002302495.1_ASM230249v1/GCF_002302495.1_ASM230249v1_genomic.fna.gz	https://ftp.ncbi.nlm.nih.gov/genomes/all/GCF/002/302/495/GCF_002302495.1_ASM230249v1/md5checksums.txt	Bacteria	Bacteroidota	Flavobacteriia	Flavobacteriales	Flavobacteriaceae	Capnocytophaga	Capnocytophaga sputigena	9511ba4149d0be10799dac8c468969b9	dbf238557f5308b50c6957c440b891fb9775bac59b4f6778bf9eafa42cc1a3ab	838535	eligible	ASV_372ed01386959e7f	4	2855148	GCF_002302495.1.fna.gz
GCF_002021985.1	1874362	1965231	Campylobacter pinnipediorum subsp. caledonicus	reference genome	Complete Genome	1705426	airway_prioritized	0	biological	https://ftp.ncbi.nlm.nih.gov/genomes/all/GCF/002/021/985/GCF_002021985.1_ASM202198v1/GCF_002021985.1_ASM202198v1_genomic.fna.gz	https://ftp.ncbi.nlm.nih.gov/genomes/all/GCF/002/021/985/GCF_002021985.1_ASM202198v1/md5checksums.txt	Bacteria	Campylobacterota	Epsilonproteobacteria	Campylobacterales	Campylobacteraceae	Campylobacter	Campylobacter pinnipediorum	803a93f97aee6a08a50447c8e11b7d35	b9a1defc7770a5bdca6e300b8e5262e0bb0e609edb4fb44152d15f188aca8f92	484255	eligible	ASV_0e2876f70013d178	3	1705426	GCF_002021985.1.fna.gz
GCF_011764505.1	2708020	2708020	Legionella antarctica	reference genome	Complete Genome	3927137	airway_prioritized	0	biological	https://ftp.ncbi.nlm.nih.gov/genomes/all/GCF/011/764/505/GCF_011764505.1_ASM1176450v1/GCF_011764505.1_ASM1176450v1_genomic.fna.gz	https://ftp.ncbi.nlm.nih.gov/genomes/all/GCF/011/764/505/GCF_011764505.1_ASM1176450v1/md5checksums.txt	Bacteria	Pseudomonadota	Gammaproteobacteria	Legionellales	Legionellaceae	Legionella	Legionella antarctica	784bbdcc3a8d4cd6848654b7d1c56c62	ed5152dde59b1f528087d9a3e95fed2c0ba6d099b614f43045c75590bf577688	1145775	eligible	ASV_f1c660633a29eb7d	3	3927137	GCF_011764505.1.fna.gz
GCF_024918975.1	51364	51364	Mycoplasma cottewii	reference genome	Complete Genome	1016659	airway_prioritized	0	biological	https://ftp.ncbi.nlm.nih.gov/genomes/all/GCF/024/918/975/GCF_024918975.1_ASM2491897v1/GCF_024918975.1_ASM2491897v1_genomic.fna.gz	https://ftp.ncbi.nlm.nih.gov/genomes/all/GCF/024/918/975/GCF_024918975.1_ASM2491897v1/md5checksums.txt	Bacteria	Mycoplasmatota	Mollicutes	Mycoplasmatales	Mycoplasmataceae	Mycoplasma	Mycoplasma cottewii	fd1ba7f1d89a4a09d794654ca999df37	ce8a136e30d1414176b9bce35cc67d5f54669745a34bd1191f889ee68d78ff71	279409	eligible	ASV_f3ea92acc3c6b3c4	2	1016659	GCF_024918975.1.fna.gz
GCF_002849795.1	1177574	1177574	Prevotella jejuni	reference genome	Complete Genome	3913006	airway_prioritized	0	biological	https://ftp.ncbi.nlm.nih.gov/genomes/all/GCF/002/849/795/GCF_002849795.1_ASM284979v1/GCF_002849795.1_ASM284979v1_genomic.fna.gz	https://ftp.ncbi.nlm.nih.gov/genomes/all/GCF/002/849/795/GCF_002849795.1_ASM284979v1/md5checksums.txt	Bacteria	Bacteroidota	Bacteroidia	Bacteroidales	Prevotellaceae	Prevotella	Prevotella jejuni	89b097eef5f6f52414a9bce9a2b4f57f	aab7a115a778f0577685f23894e3a59c060f359763fe9c44b9289c2e345783a2	1154537	eligible	ASV_691560e30f312743	4	3913006	GCF_002849795.1.fna.gz
GCF_021183645.1	2749991	2749991	Nocardia gipuzkoensis	reference genome	Complete Genome	8118644	airway_prioritized	0	biological	https://ftp.ncbi.nlm.nih.gov/genomes/all/GCF/021/183/645/GCF_021183645.1_ASM2118364v1/GCF_021183645.1_ASM2118364v1_genomic.fna.gz	https://ftp.ncbi.nlm.nih.gov/genomes/all/GCF/021/183/645/GCF_021183645.1_ASM2118364v1/md5checksums.txt	Bacteria	Actinomycetota	Actinomycetes	Mycobacteriales	Nocardiaceae	Nocardia	Nocardia gipuzkoensis	c80a6db6de253a7f2dbb2a1deb2dbe72	99e6735ccea6501bf81648a23dc40d99e1645fc6227d2f55912a4442d68eb090	2313557	eligible	ASV_76a52046ab78a00f	3	8118644	GCF_021183645.1.fna.gz
GCF_025837155.1	2962597	2962597	Pseudomonas sp. Z8(2022)	na	Complete Genome	4468130	airway_prioritized	0	biological	https://ftp.ncbi.nlm.nih.gov/genomes/all/GCF/025/837/155/GCF_025837155.1_ASM2583715v1/GCF_025837155.1_ASM2583715v1_genomic.fna.gz	https://ftp.ncbi.nlm.nih.gov/genomes/all/GCF/025/837/155/GCF_025837155.1_ASM2583715v1/md5checksums.txt	Bacteria	Pseudomonadota	Gammaproteobacteria	Pseudomonadales	Pseudomonadaceae	Pseudomonas	Pseudomonas sp. Z8(2022)	69129244fafa0afdc63426cb72b363f4	76ffc9a49f12a44657f0f7d1dc15724d48080ffd16269c3bd237cfce46fb748d	1294723	eligible	ASV_a067f3bb4904a00b	4	4468130	GCF_025837155.1.fna.gz
GCF_900660685.1	114881	114881	Mycoplasmopsis columbina	reference genome	Complete Genome	776661	airway_prioritized	0	biological	https://ftp.ncbi.nlm.nih.gov/genomes/all/GCF/900/660/685/GCF_900660685.1_57572_G01-3/GCF_900660685.1_57572_G01-3_genomic.fna.gz	https://ftp.ncbi.nlm.nih.gov/genomes/all/GCF/900/660/685/GCF_900660685.1_57572_G01-3/md5checksums.txt	Bacteria	Mycoplasmatota		Mycoplasmoidales	Metamycoplasmataceae	Mycoplasmopsis	Mycoplasmopsis columbina	dab3702a094659406fd0637b5266fdca	a7fd248e2c2d81a86a1bcd8e97a722ee79b68b8d992bae9e3313c4d15b62b870	218203	eligible	ASV_87ac5f176ea21df7	2	776661	GCF_900660685.1.fna.gz
GCF_001553565.1	111015	111015	Actinomyces radicidentis	reference genome	Complete Genome	3051613	airway_prioritized	0	biological	https://ftp.ncbi.nlm.nih.gov/genomes/all/GCF/001/553/565/GCF_001553565.1_ASM155356v1/GCF_001553565.1_ASM155356v1_genomic.fna.gz	https://ftp.ncbi.nlm.nih.gov/genomes/all/GCF/001/553/565/GCF_001553565.1_ASM155356v1/md5checksums.txt	Bacteria	Actinomycetota	Actinomycetes	Actinomycetales	Actinomycetaceae	Actinomyces	Actinomyces radicidentis	622004b63926c943da0cb9a482483c47	7207edad87ba750c78b871768a8e83e49f627e8071934368d5bd0013d5ddef0c	839062	eligible	ASV_db72d0f56f1dc90b	3	3051613	GCF_001553565.1.fna.gz
GCF_041530365.1	3238809	3238809	Capnocytophaga sp. ARDL2	na	Complete Genome	2508668	airway_prioritized	0	biological	https://ftp.ncbi.nlm.nih.gov/genomes/all/GCF/041/530/365/GCF_041530365.1_ASM4153036v1/GCF_041530365.1_ASM4153036v1_genomic.fna.gz	https://ftp.ncbi.nlm.nih.gov/genomes/all/GCF/041/530/365/GCF_041530365.1_ASM4153036v1/md5checksums.txt	Bacteria	Bacteroidota	Flavobacteriia	Flavobacteriales	Flavobacteriaceae	Capnocytophaga	Capnocytophaga sp. ARDL2	6568efeb75e8054cee3522aadaffab02	4c05bb3c07dc50c73628b027c50807188fca3a54be7ec48b0402537a48101ccb	719959	eligible	ASV_65dc909f5efa5d85	5	2508668	GCF_041530365.1.fna.gz
GCF_002073795.1	1319	1319	Streptococcus sp. 'group B'	na	Complete Genome	2178261	airway_prioritized	0	biological	https://ftp.ncbi.nlm.nih.gov/genomes/all/GCF/002/073/795/GCF_002073795.1_ASM207379v2/GCF_002073795.1_ASM207379v2_genomic.fna.gz	https://ftp.ncbi.nlm.nih.gov/genomes/all/GCF/002/073/795/GCF_002073795.1_ASM207379v2/md5checksums.txt	Bacteria	Bacillota	Bacilli	Lactobacillales	Streptococcaceae	Streptococcus	Streptococcus sp. 'group B'	0c9c9a08cbc17e87013656ab249676ee	771da11790c135f6c032c2787df715539369155e7e82a6f1a0605d292a9769e7	640090	eligible	ASV_6b3765b6b6b5b4c6	7	2178261	GCF_002073795.1.fna.gz
GCF_004803855.2	1660080	1660080	Campylobacter sp. RM16192	na	Complete Genome	1877784	airway_prioritized	0	biological	https://ftp.ncbi.nlm.nih.gov/genomes/all/GCF/004/803/855/GCF_004803855.2_ASM480385v2/GCF_004803855.2_ASM480385v2_genomic.fna.gz	https://ftp.ncbi.nlm.nih.gov/genomes/all/GCF/004/803/855/GCF_004803855.2_ASM480385v2/md5checksums.txt	Bacteria	Campylobacterota	Epsilonproteobacteria	Campylobacterales	Campylobacteraceae	Campylobacter	Campylobacter sp. RM16192	076778dbb68343f9cbc2b89a19444350	d5d808e6f27aa4729a67026b54959f059d788799ac2949e6db5ef689a31ecd7a	547293	eligible	ASV_93b51f0cc1b106d1	3	1877784	GCF_004803855.2.fna.gz
GCF_048541585.1	3402688	3402688	Legionella sp. D16C41	na	Complete Genome	3858999	airway_prioritized	0	biological	https://ftp.ncbi.nlm.nih.gov/genomes/all/GCF/048/541/585/GCF_048541585.1_ASM4854158v1/GCF_048541585.1_ASM4854158v1_genomic.fna.gz	https://ftp.ncbi.nlm.nih.gov/genomes/all/GCF/048/541/585/GCF_048541585.1_ASM4854158v1/md5checksums.txt	Bacteria	Pseudomonadota	Gammaproteobacteria	Legionellales	Legionellaceae	Legionella	Legionella sp. D16C41	08570c3fd203e7727276a8e5e626f3ac	3c14a24f1010a7ee4ec118bc97d5234b31bdc39df5c085b5e75fbda8ecebaff5	1131446	eligible	ASV_c12ef356ef18bc34	3	3858999	GCF_048541585.1.fna.gz
GCF_003815615.1	1493872	1493872	Chryseobacterium shandongense	reference genome	Complete Genome	4390955	airway_prioritized	0	biological	https://ftp.ncbi.nlm.nih.gov/genomes/all/GCF/003/815/615/GCF_003815615.1_ASM381561v1/GCF_003815615.1_ASM381561v1_genomic.fna.gz	https://ftp.ncbi.nlm.nih.gov/genomes/all/GCF/003/815/615/GCF_003815615.1_ASM381561v1/md5checksums.txt	Bacteria	Bacteroidota	Flavobacteriia	Flavobacteriales	Weeksellaceae	Chryseobacterium	Chryseobacterium shandongense	513429391d63697a84c4df3fe159d7b1	eae5d17b7fec9f96ae7974d0308fb977a79391a303847889e4dfcbd2a0b68aba	1287261	eligible	ASV_c0bcfd45c06e9b87	5	4390955	GCF_003815615.1.fna.gz
GCF_004634405.1	1047172	1047172	Nocardia sp. CS682	na	Complete Genome	8919230	airway_prioritized	0	biological	https://ftp.ncbi.nlm.nih.gov/genomes/all/GCF/004/634/405/GCF_004634405.1_ASM463440v1/GCF_004634405.1_ASM463440v1_genomic.fna.gz	https://ftp.ncbi.nlm.nih.gov/genomes/all/GCF/004/634/405/GCF_004634405.1_ASM463440v1/md5checksums.txt	Bacteria	Actinomycetota	Actinomycetes	Mycobacteriales	Nocardiaceae	Nocardia	Nocardia sp. CS682	6ea07af35bba5f6962e1e9ff99bf58fc	c59d4cf1a4c044d35aa0cc1735b1d4d2162a6ff6e4d233529c8135e161c3b18c	2557365	eligible	ASV_7032c48367ab2aae	3	8919230	GCF_004634405.1.fna.gz
GCF_056818205.1	1852365	1852365	Fusobacterium massiliense	na	Complete Genome	2022057	airway_prioritized	0	biological	https://ftp.ncbi.nlm.nih.gov/genomes/all/GCF/056/818/205/GCF_056818205.1_ASM5681820v1/GCF_056818205.1_ASM5681820v1_genomic.fna.gz	https://ftp.ncbi.nlm.nih.gov/genomes/all/GCF/056/818/205/GCF_056818205.1_ASM5681820v1/md5checksums.txt	Bacteria	Fusobacteriota	Fusobacteriia	Fusobacteriales	Fusobacteriaceae	Fusobacterium	Fusobacterium massiliense	3d3e45a69c798b14435aaf0b4deaa4be	866ae4f80ba46cc4e9f997dc9535d11cce33268cad688cf4541ba801773baf44	563392	eligible	ASV_04e7c927c4d6ac04	5	2022057	GCF_056818205.1.fna.gz
GCF_014297595.2	1815583	1815583	Neisseria musculi	reference genome	Complete Genome	2933059	airway_prioritized	0	biological	https://ftp.ncbi.nlm.nih.gov/genomes/all/GCF/014/297/595/GCF_014297595.2_ASM1429759v2/GCF_014297595.2_ASM1429759v2_genomic.fna.gz	https://ftp.ncbi.nlm.nih.gov/genomes/all/GCF/014/297/595/GCF_014297595.2_ASM1429759v2/md5checksums.txt	Bacteria	Pseudomonadota	Betaproteobacteria	Neisseriales	Neisseriaceae	Neisseria	Neisseria musculi	1041d6ea81d84a03f89d185044c39380	4b3024123412dcffcc2c305648ac88eca11f454906f34d3d18651ca6a037f5a1	851826	eligible	ASV_87aae45aac81c3f7	4	2933059	GCF_014297595.2.fna.gz
GCF_045276895.1	2117	2117	Mycoplasmopsis lipophila	reference genome	Complete Genome	811471	airway_prioritized	0	biological	https://ftp.ncbi.nlm.nih.gov/genomes/all/GCF/045/276/895/GCF_045276895.1_ASM4527689v1/GCF_045276895.1_ASM4527689v1_genomic.fna.gz	https://ftp.ncbi.nlm.nih.gov/genomes/all/GCF/045/276/895/GCF_045276895.1_ASM4527689v1/md5checksums.txt	Bacteria	Mycoplasmatota		Mycoplasmoidales	Metamycoplasmataceae	Mycoplasmopsis	Mycoplasmopsis lipophila	5c9ef1803a0fe1e0672ff814181ce835	15541ad60b4edb4de5665e3031106b77ba53e2398987529e523d49694e31bdda	222146	eligible	ASV_405a172ed4e4e4d4	1	811471	GCF_045276895.1.fna.gz
GCF_044740715.1	3344666	3344666	Moraxella veridica	reference genome	Complete Genome	2201752	airway_prioritized	0	biological	https://ftp.ncbi.nlm.nih.gov/genomes/all/GCF/044/740/715/GCF_044740715.1_ATCC_Mveri_1.0/GCF_044740715.1_ATCC_Mveri_1.0_genomic.fna.gz	https://ftp.ncbi.nlm.nih.gov/genomes/all/GCF/044/740/715/GCF_044740715.1_ATCC_Mveri_1.0/md5checksums.txt	Bacteria	Pseudomonadota	Gammaproteobacteria	Moraxellales	Moraxellaceae	Moraxella	Moraxella veridica	59fb09b11ee1e1ab52233e44ba41d13e	e9f886794c94f782e3fe847188dd555053075dae42d4adbc6922029a481785f2	647604	eligible	ASV_99a2d4c8144c3479	4	2201752	GCF_044740715.1.fna.gz
GCF_009930875.1	2057798	2057798	Actinomyces sp. 432	na	Complete Genome	3141809	airway_prioritized	0	biological	https://ftp.ncbi.nlm.nih.gov/genomes/all/GCF/009/930/875/GCF_009930875.1_ASM993087v1/GCF_009930875.1_ASM993087v1_genomic.fna.gz	https://ftp.ncbi.nlm.nih.gov/genomes/all/GCF/009/930/875/GCF_009930875.1_ASM993087v1/md5checksums.txt	Bacteria	Actinomycetota	Actinomycetes	Actinomycetales	Actinomycetaceae	Actinomyces	Actinomyces sp. 432	12bb03de838b343e9d41f34596a3b5ea	d1a6c52926a90aaff1f27996ef2f8e6ed5bd68f778b56b9d29fe1a27da30da30	900756	eligible	ASV_82b5e0ae60900cef	3	3141809	GCF_009930875.1.fna.gz
GCF_008727815.1	2610896	2610896	Streptococcus sp. LPB0220	na	Complete Genome	2133380	airway_prioritized	0	biological	https://ftp.ncbi.nlm.nih.gov/genomes/all/GCF/008/727/815/GCF_008727815.1_ASM872781v1/GCF_008727815.1_ASM872781v1_genomic.fna.gz	https://ftp.ncbi.nlm.nih.gov/genomes/all/GCF/008/727/815/GCF_008727815.1_ASM872781v1/md5checksums.txt	Bacteria	Bacillota	Bacilli	Lactobacillales	Streptococcaceae	Streptococcus	Streptococcus sp. LPB0220	54d117571f8c79f14d340b44749d8854	6f645ee820d6464a0ba5da4babd7c2989eb3119b538a766697b02a632de84ace	632993	eligible	ASV_a74e84f820fdfef8	4	2133380	GCF_008727815.1.fna.gz
GCF_001687475.2	1813019	1813019	Campylobacter hepaticus	reference genome	Complete Genome	1520669	airway_prioritized	0	biological	https://ftp.ncbi.nlm.nih.gov/genomes/all/GCF/001/687/475/GCF_001687475.2_ASM168747v2/GCF_001687475.2_ASM168747v2_genomic.fna.gz	https://ftp.ncbi.nlm.nih.gov/genomes/all/GCF/001/687/475/GCF_001687475.2_ASM168747v2/md5checksums.txt	Bacteria	Campylobacterota	Epsilonproteobacteria	Campylobacterales	Campylobacteraceae	Campylobacter	Campylobacter hepaticus	17996d851a5d238b85a11eb2bb2149b3	34de2cbfa11416a6064cfb55035b5beae10a80ab420d6e7b191bb790fa5a9613	426817	eligible	ASV_0bd7f82208ee2b71	3	1520669	GCF_001687475.2.fna.gz
GCF_036250655.1	165	165	Treponema saccharophilum	reference genome	Complete Genome	3459320	airway_prioritized	0	biological	https://ftp.ncbi.nlm.nih.gov/genomes/all/GCF/036/250/655/GCF_036250655.1_ASM3625065v1/GCF_036250655.1_ASM3625065v1_genomic.fna.gz	https://ftp.ncbi.nlm.nih.gov/genomes/all/GCF/036/250/655/GCF_036250655.1_ASM3625065v1/md5checksums.txt	Bacteria	Spirochaetota	Spirochaetia	Treponematales	Treponemataceae	Treponema	Treponema saccharophilum	2a27286877db3e94c49bfd0bc149774c	2ccabed9b67231bd1322f64e2902ac65649b9135d3bb135de0b71d71d855e718	1001463	eligible	ASV_7d830969f944db52	1	3459320	GCF_036250655.1.fna.gz
GCF_001941585.1	446	446	Legionella pneumophila	reference genome	Complete Genome	3409143	airway_prioritized	0	biological	https://ftp.ncbi.nlm.nih.gov/genomes/all/GCF/001/941/585/GCF_001941585.1_ASM194158v1/GCF_001941585.1_ASM194158v1_genomic.fna.gz	https://ftp.ncbi.nlm.nih.gov/genomes/all/GCF/001/941/585/GCF_001941585.1_ASM194158v1/md5checksums.txt	Bacteria	Pseudomonadota	Gammaproteobacteria	Legionellales	Legionellaceae	Legionella	Legionella pneumophila	1f3bf3ee9957c76cf68b65fd21fae243	0952ea1066f3caaae92a41712076595246420fd5d54e8f85969146837234c494	1008304	eligible	ASV_3acf9bf66dfdbcb2	3	3409143	GCF_001941585.1.fna.gz
GCF_049942695.1	525886	525886	Mycoplasma hafezii	reference genome	Complete Genome	954558	airway_prioritized	0	biological	https://ftp.ncbi.nlm.nih.gov/genomes/all/GCF/049/942/695/GCF_049942695.1_ASM4994269v1/GCF_049942695.1_ASM4994269v1_genomic.fna.gz	https://ftp.ncbi.nlm.nih.gov/genomes/all/GCF/049/942/695/GCF_049942695.1_ASM4994269v1/md5checksums.txt	Bacteria	Mycoplasmatota	Mollicutes	Mycoplasmatales	Mycoplasmataceae	Mycoplasma	Mycoplasma hafezii	8e16eb344688a73e518922a73b08fffd	84ee2270ef439ccda61bb738031a0a48047245a0870bb02cdeb9730342f10562	270588	eligible	ASV_dd43dbabd4dd70f0	3	954558	GCF_049942695.1.fna.gz
GCF_050942345.1	189540	189540	Nocardia pseudovaccinii	reference genome	Complete Genome	9865557	airway_prioritized	0	biological	https://ftp.ncbi.nlm.nih.gov/genomes/all/GCF/050/942/345/GCF_050942345.1_MDNA_WGS_307_assembly/GCF_050942345.1_MDNA_WGS_307_assembly_genomic.fna.gz	https://ftp.ncbi.nlm.nih.gov/genomes/all/GCF/050/942/345/GCF_050942345.1_MDNA_WGS_307_assembly/md5checksums.txt	Bacteria	Actinomycetota	Actinomycetes	Mycobacteriales	Nocardiaceae	Nocardia	Nocardia pseudovaccinii	85c3aabf158a977aa64d0ac21c6fd5fa	57343415e9886cd52b255061e75512b78233134f3a61f6f566ce34130c0a6726	2844052	eligible	ASV_58754b39d4754dc3	3	9865557	GCF_050942345.1.fna.gz
GCF_034555895.2	761804	761804	Mycobacterium europaeum	reference genome	Complete Genome	6268691	airway_prioritized	0	biological	https://ftp.ncbi.nlm.nih.gov/genomes/all/GCF/034/555/895/GCF_034555895.2_ASM3455589v2/GCF_034555895.2_ASM3455589v2_genomic.fna.gz	https://ftp.ncbi.nlm.nih.gov/genomes/all/GCF/034/555/895/GCF_034555895.2_ASM3455589v2/md5checksums.txt	Bacteria	Actinomycetota	Actinomycetes	Mycobacteriales	Mycobacteriaceae	Mycobacterium	Mycobacterium europaeum	4422fae16d5afbf29486908be890ba40	1fa43fd7ecbbc76c50a46fdf8851febc5256074229abcf0e0f0801b9ebd2b6b8	1787948	eligible	ASV_68e6d59a47bc5231	1	6268691	GCF_034555895.2.fna.gz
GCF_015218165.1	2006115	2006115	Acinetobacter piscicola	na	Complete Genome	4280081	airway_prioritized	0	biological	https://ftp.ncbi.nlm.nih.gov/genomes/all/GCF/015/218/165/GCF_015218165.1_ASM1521816v1/GCF_015218165.1_ASM1521816v1_genomic.fna.gz	https://ftp.ncbi.nlm.nih.gov/genomes/all/GCF/015/218/165/GCF_015218165.1_ASM1521816v1/md5checksums.txt	Bacteria	Pseudomonadota	Gammaproteobacteria	Moraxellales	Moraxellaceae	Acinetobacter	Acinetobacter piscicola	588a5702ac2ca02b8b4353ddd22cbc85	6f5f1d50c732d48b1ab6cbe712cbad0995585b8479e4c1f22c2c7d914f077c63	1255731	eligible	ASV_1a9fa0879d88171a	7	4280081	GCF_015218165.1.fna.gz
GCF_900660575.1	2107	2107	Mycoplasmopsis pulmonis	reference genome	Complete Genome	962791	airway_prioritized	0	biological	https://ftp.ncbi.nlm.nih.gov/genomes/all/GCF/900/660/575/GCF_900660575.1_51342_D01-3/GCF_900660575.1_51342_D01-3_genomic.fna.gz	https://ftp.ncbi.nlm.nih.gov/genomes/all/GCF/900/660/575/GCF_900660575.1_51342_D01-3/md5checksums.txt	Bacteria	Mycoplasmatota		Mycoplasmoidales	Metamycoplasmataceae	Mycoplasmopsis	Mycoplasmopsis pulmonis	1cc803540711a66350bb0a201a94823f	a59ff596456b445e547493471d50c6c5eb820e0526d00155d16e976516ba70ef	265462	eligible	ASV_5222f31656f89eb5	1	962791	GCF_900660575.1.fna.gz
GCF_030408855.1	187491	187491	Corynebacterium glaucum	reference genome	Complete Genome	2529320	airway_prioritized	0	biological	https://ftp.ncbi.nlm.nih.gov/genomes/all/GCF/030/408/855/GCF_030408855.1_ASM3040885v1/GCF_030408855.1_ASM3040885v1_genomic.fna.gz	https://ftp.ncbi.nlm.nih.gov/genomes/all/GCF/030/408/855/GCF_030408855.1_ASM3040885v1/md5checksums.txt	Bacteria	Actinomycetota	Actinomycetes	Mycobacteriales	Corynebacteriaceae	Corynebacterium	Corynebacterium glaucum	8b397ec0b132eab6a4603044c51c1009	aa19e3afbe59d20a3c0e8ac2654606aa2fa054f95e90e1638db58355c9e17cfd	743118	eligible	ASV_c30f9204bc4b3d5d	4	2529320	GCF_030408855.1.fna.gz
GCF_029278605.1	3032282	3032282	Cupriavidus sp. WKF15	na	Complete Genome	7376596	airway_prioritized	0	biological	https://ftp.ncbi.nlm.nih.gov/genomes/all/GCF/029/278/605/GCF_029278605.1_ASM2927860v1/GCF_029278605.1_ASM2927860v1_genomic.fna.gz	https://ftp.ncbi.nlm.nih.gov/genomes/all/GCF/029/278/605/GCF_029278605.1_ASM2927860v1/md5checksums.txt	Bacteria	Pseudomonadota	Betaproteobacteria	Burkholderiales	Burkholderiaceae	Cupriavidus	Cupriavidus sp. WKF15	ebdd230af96309551835d7ee50871e89	355e6c8fd46efba68647de4c13b676a6852ef309952f9d784e2d5bd51ac7174c	2137280	eligible	ASV_8db8b0fb598cb1ad	6	7376596	GCF_029278605.1.fna.gz
GCF_013177655.1	449520	449520	Campylobacter canadensis	reference genome	Complete Genome	1923009	airway_prioritized	0	biological	https://ftp.ncbi.nlm.nih.gov/genomes/all/GCF/013/177/655/GCF_013177655.1_ASM1317765v1/GCF_013177655.1_ASM1317765v1_genomic.fna.gz	https://ftp.ncbi.nlm.nih.gov/genomes/all/GCF/013/177/655/GCF_013177655.1_ASM1317765v1/md5checksums.txt	Bacteria	Campylobacterota	Epsilonproteobacteria	Campylobacterales	Campylobacteraceae	Campylobacter	Campylobacter canadensis	86cd495dd5dcc924050c01faf635ee75	332e6be58c268fdd5ef4d3326fb755e5d7f21f5e081f7903c2d590601acfb34b	528908	eligible	ASV_341dc114c32749dc	4	1923009	GCF_013177655.1.fna.gz
GCF_024181385.1	2563671	2563671	Treponema sp. OMZ 798	na	Complete Genome	2892562	airway_prioritized	0	biological	https://ftp.ncbi.nlm.nih.gov/genomes/all/GCF/024/181/385/GCF_024181385.1_ASM2418138v1/GCF_024181385.1_ASM2418138v1_genomic.fna.gz	https://ftp.ncbi.nlm.nih.gov/genomes/all/GCF/024/181/385/GCF_024181385.1_ASM2418138v1/md5checksums.txt	Bacteria	Spirochaetota	Spirochaetia	Treponematales	Treponemataceae	Treponema	Treponema sp. OMZ 798	8130c05e7416c22c8eaed6264a1607d1	ae4208610ccbd839d3d0b6db24ca4a9021299a85af20025f25c28f85f5374843	842656	eligible	ASV_daae3d2bb462f0da	2	2892562	GCF_024181385.1.fna.gz
GCF_051353065.1	3440155	3440155	Mycoplasma sp. 480	na	Complete Genome	1002506	airway_prioritized	0	biological	https://ftp.ncbi.nlm.nih.gov/genomes/all/GCF/051/353/065/GCF_051353065.1_ASM5135306v1/GCF_051353065.1_ASM5135306v1_genomic.fna.gz	https://ftp.ncbi.nlm.nih.gov/genomes/all/GCF/051/353/065/GCF_051353065.1_ASM5135306v1/md5checksums.txt	Bacteria	Mycoplasmatota	Mollicutes	Mycoplasmatales	Mycoplasmataceae	Mycoplasma	Mycoplasma sp. 480	f5f12a9683f70d039d57818c2d015dff	610066c88696e302db769ca7854fb2613c18c7c55151716b51dc562191a4a3a9	274477	eligible	ASV_88026d5b7ac97b44	2	1002506	GCF_051353065.1.fna.gz
GCF_055383335.1	187102	187102	Mycolicibacterium pyrenivorans	reference genome	Complete Genome	6903827	airway_prioritized	0	biological	https://ftp.ncbi.nlm.nih.gov/genomes/all/GCF/055/383/335/GCF_055383335.1_ASM5538333v1/GCF_055383335.1_ASM5538333v1_genomic.fna.gz	https://ftp.ncbi.nlm.nih.gov/genomes/all/GCF/055/383/335/GCF_055383335.1_ASM5538333v1/md5checksums.txt	Bacteria	Actinomycetota	Actinomycetes	Mycobacteriales	Mycobacteriaceae	Mycolicibacterium	Mycolicibacterium pyrenivorans	df0ee0a2430a6adaf8daae09cb36f0fa	7cb118c5c9637a93ab86d9f2d2eb79ed269c9cd872c862a5a8dc15fa1f6c3d16	1971490	eligible	ASV_87807d84a3f2ea66	2	6903827	GCF_055383335.1.fna.gz
GCF_023204875.1	2937774	2937774	Prevotella sp. E15-22	na	Complete Genome	3335334	airway_prioritized	0	biological	https://ftp.ncbi.nlm.nih.gov/genomes/all/GCF/023/204/875/GCF_023204875.1_ASM2320487v1/GCF_023204875.1_ASM2320487v1_genomic.fna.gz	https://ftp.ncbi.nlm.nih.gov/genomes/all/GCF/023/204/875/GCF_023204875.1_ASM2320487v1/md5checksums.txt	Bacteria	Bacteroidota	Bacteroidia	Bacteroidales	Prevotellaceae	Prevotella	Prevotella sp. E15-22	01c0d8c8fc77a1a30ba06f2eecd8da50	c8f19d5e201b660b2bd3cfc90626e788afef01dab009a7f6bf8942dfa43ec0ce	994289	eligible	ASV_91fdd3de7da09fd6	4	3335334	GCF_023204875.1.fna.gz
GCF_047221375.1	1033900	1033900	Chryseobacterium sp. PMSZPI	na	Complete Genome	4741859	airway_prioritized	0	biological	https://ftp.ncbi.nlm.nih.gov/genomes/all/GCF/047/221/375/GCF_047221375.1_ASM4722137v1/GCF_047221375.1_ASM4722137v1_genomic.fna.gz	https://ftp.ncbi.nlm.nih.gov/genomes/all/GCF/047/221/375/GCF_047221375.1_ASM4722137v1/md5checksums.txt	Bacteria	Bacteroidota	Flavobacteriia	Flavobacteriales	Weeksellaceae	Chryseobacterium	Chryseobacterium sp. PMSZPI	7a85b2d7d3e1649b8089f1315750b91d	ef0075c9ac36c618790cc81ea4a3a8e436d21c53ffd84d9f48d9821d34ca2d17	1381429	eligible	ASV_f10786b8db14795c	6	4741859	GCF_047221375.1.fna.gz
GCF_050955855.1	3239975	3239975	Nocardia sp. CA-128927	na	Complete Genome	10513683	airway_prioritized	0	biological	https://ftp.ncbi.nlm.nih.gov/genomes/all/GCF/050/955/855/GCF_050955855.1_MDNA_WGS_293_assembly/GCF_050955855.1_MDNA_WGS_293_assembly_genomic.fna.gz	https://ftp.ncbi.nlm.nih.gov/genomes/all/GCF/050/955/855/GCF_050955855.1_MDNA_WGS_293_assembly/md5checksums.txt	Bacteria	Actinomycetota	Actinomycetes	Mycobacteriales	Nocardiaceae	Nocardia	Nocardia sp. CA-128927	c10bbc2e0b0625e2a84697e7d92d6595	fc9e1b173e1ec6a5123d7ec3c3c035771c0438d2c7838f72511a7585b2beec90	3022564	eligible	ASV_dd7e03edd762d26e	3	10513683	GCF_050955855.1.fna.gz
GCF_010728725.1	43348	43348	Mycobacterium branderi	reference genome	Complete Genome	5979623	airway_prioritized	0	biological	https://ftp.ncbi.nlm.nih.gov/genomes/all/GCF/010/728/725/GCF_010728725.1_ASM1072872v1/GCF_010728725.1_ASM1072872v1_genomic.fna.gz	https://ftp.ncbi.nlm.nih.gov/genomes/all/GCF/010/728/725/GCF_010728725.1_ASM1072872v1/md5checksums.txt	Bacteria	Actinomycetota	Actinomycetes	Mycobacteriales	Mycobacteriaceae	Mycobacterium	Mycobacterium branderi	08b2b23e31e66f6a9bf539dc5221d24b	647def5ea1caf9e7b7ae88f0560ef62355c1a0d555b9fa34703c7d453c9a1398	1720382	eligible	ASV_34cd06a842333833	2	5979623	GCF_010728725.1.fna.gz
GCF_058731965.1	40542	40542	Leptotrichia buccalis	na	Complete Genome	2441216	airway_prioritized	1	biological	https://ftp.ncbi.nlm.nih.gov/genomes/all/GCF/058/731/965/GCF_058731965.1_ASM5873196v1/GCF_058731965.1_ASM5873196v1_genomic.fna.gz	https://ftp.ncbi.nlm.nih.gov/genomes/all/GCF/058/731/965/GCF_058731965.1_ASM5873196v1/md5checksums.txt	Bacteria	Fusobacteriota	Fusobacteriia	Fusobacteriales	Leptotrichiaceae	Leptotrichia	Leptotrichia buccalis	064eeaed1d5a7bd811ebfd5b3f919336	14b53870d857cfbeb5d54acd3892127aac628b633c2797dbf8f9c3ee5e7af18c	694878	eligible	ASV_a757d22ad533ab4b	5	2441216	GCF_058731965.1.fna.gz
GCF_052544965.1	3459034	3459034	Acinetobacter sp. WZC-1	na	Complete Genome	3133866	airway_prioritized	0	biological	https://ftp.ncbi.nlm.nih.gov/genomes/all/GCF/052/544/965/GCF_052544965.1_ASM5254496v1/GCF_052544965.1_ASM5254496v1_genomic.fna.gz	https://ftp.ncbi.nlm.nih.gov/genomes/all/GCF/052/544/965/GCF_052544965.1_ASM5254496v1/md5checksums.txt	Bacteria	Pseudomonadota	Gammaproteobacteria	Moraxellales	Moraxellaceae	Acinetobacter	Acinetobacter sp. WZC-1	c2ea332d48abc5855aad210b9de07b7a	906c9239722e94a1ba2209c705c730c7906688c22df4a9388465ef218c025648	922625	eligible	ASV_4932b7b00afadca1	5	3133866	GCF_052544965.1.fna.gz
GCF_003355195.1	489	489	Neisseria polysaccharea	na	Complete Genome	2024930	airway_prioritized	0	biological	https://ftp.ncbi.nlm.nih.gov/genomes/all/GCF/003/355/195/GCF_003355195.1_ASM335519v1/GCF_003355195.1_ASM335519v1_genomic.fna.gz	https://ftp.ncbi.nlm.nih.gov/genomes/all/GCF/003/355/195/GCF_003355195.1_ASM335519v1/md5checksums.txt	Bacteria	Pseudomonadota	Betaproteobacteria	Neisseriales	Neisseriaceae	Neisseria	Neisseria polysaccharea	c44b6eb61717ac461f7491ad858f6670	383fcd5d36bdd5ea78f0f655c6111fe8c940bc08724aa58bd8c1d0ade8c61508	591418	eligible	ASV_02b2f67567f290e6	4	2024930	GCF_003355195.1.fna.gz
GCF_900186995.1	249188	249188	Haemophilus pittmaniae	reference genome	Complete Genome	2181355	airway_prioritized	0	biological	https://ftp.ncbi.nlm.nih.gov/genomes/all/GCF/900/186/995/GCF_900186995.1_50465_A02/GCF_900186995.1_50465_A02_genomic.fna.gz	https://ftp.ncbi.nlm.nih.gov/genomes/all/GCF/900/186/995/GCF_900186995.1_50465_A02/md5checksums.txt	Bacteria	Pseudomonadota	Gammaproteobacteria	Pasteurellales	Pasteurellaceae	Haemophilus	Haemophilus pittmaniae	b9bd55772ec9a68c03e0d9b235c47991	87909e5157f7520c377102e8fc23acfc847da8fd9bae84d391bb56c93c86960d	646732	eligible	ASV_fabac36a501b56af	6	2181355	GCF_900186995.1.fna.gz
GCF_034424565.1	90239	90239	Moraxella canis	reference genome	Complete Genome	2187333	airway_prioritized	0	biological	https://ftp.ncbi.nlm.nih.gov/genomes/all/GCF/034/424/565/GCF_034424565.1_ASM3442456v1/GCF_034424565.1_ASM3442456v1_genomic.fna.gz	https://ftp.ncbi.nlm.nih.gov/genomes/all/GCF/034/424/565/GCF_034424565.1_ASM3442456v1/md5checksums.txt	Bacteria	Pseudomonadota	Gammaproteobacteria	Moraxellales	Moraxellaceae	Moraxella	Moraxella canis	073e41ef5022108a26da85fe00b99291	07a1dbc3cf9b2a21c7dfd92e02864143be7163d89b37af29fd86883812ab182a	638803	eligible	ASV_95d3cc68fcf917e3	4	2187333	GCF_034424565.1.fna.gz
GCF_016626125.1	2789424	2789424	Actinomyces sp. HMT897	na	Complete Genome	3281265	airway_prioritized	0	biological	https://ftp.ncbi.nlm.nih.gov/genomes/all/GCF/016/626/125/GCF_016626125.1_ASM1662612v1/GCF_016626125.1_ASM1662612v1_genomic.fna.gz	https://ftp.ncbi.nlm.nih.gov/genomes/all/GCF/016/626/125/GCF_016626125.1_ASM1662612v1/md5checksums.txt	Bacteria	Actinomycetota	Actinomycetes	Actinomycetales	Actinomycetaceae	Actinomyces	Actinomyces sp. HMT897	5766ebcf8bfda422aa891f9d4f01ebd8	53685d1b75c5e6452425973cac7f50485cd144a7783a4533f216564f8d0d2377	916069	eligible	ASV_932bb459bf5d9e94	3	3281265	GCF_016626125.1.fna.gz
GCF_019046945.1	1302	1302	Streptococcus gordonii	reference genome	Complete Genome	2187618	airway_prioritized	0	biological	https://ftp.ncbi.nlm.nih.gov/genomes/all/GCF/019/046/945/GCF_019046945.1_ASM1904694v1/GCF_019046945.1_ASM1904694v1_genomic.fna.gz	https://ftp.ncbi.nlm.nih.gov/genomes/all/GCF/019/046/945/GCF_019046945.1_ASM1904694v1/md5checksums.txt	Bacteria	Bacillota	Bacilli	Lactobacillales	Streptococcaceae	Streptococcus	Streptococcus gordonii	738125399b78bf8cf8b50fc10c04e2e5	b8794afbd5947da953d78b53d32ff23ddfa39b5e204661d06722b1e14bc72558	646865	eligible	ASV_1ec0fe6eee6f3bde	4	2187618	GCF_019046945.1.fna.gz
GCF_000959365.1	441162	342113	Burkholderia oklahomensis C6786	reference genome	Complete Genome	7135022	airway_prioritized	0	biological	https://ftp.ncbi.nlm.nih.gov/genomes/all/GCF/000/959/365/GCF_000959365.1_ASM95936v1/GCF_000959365.1_ASM95936v1_genomic.fna.gz	https://ftp.ncbi.nlm.nih.gov/genomes/all/GCF/000/959/365/GCF_000959365.1_ASM95936v1/md5checksums.txt	Bacteria	Pseudomonadota	Betaproteobacteria	Burkholderiales	Burkholderiaceae	Burkholderia	Burkholderia oklahomensis	a157f5314ff76afc3dbea8f740ff77a0	a784148bec653473c62bd982580fe5d6fa662ecbfc88f406451367bf9a27e3f9	2002669	eligible	ASV_4236128394adb0a3	4	7135022	GCF_000959365.1.fna.gz
GCF_007361795.1	454	454	Legionella israelensis	reference genome	Complete Genome	3111640	airway_prioritized	0	biological	https://ftp.ncbi.nlm.nih.gov/genomes/all/GCF/007/361/795/GCF_007361795.1_ASM736179v1/GCF_007361795.1_ASM736179v1_genomic.fna.gz	https://ftp.ncbi.nlm.nih.gov/genomes/all/GCF/007/361/795/GCF_007361795.1_ASM736179v1/md5checksums.txt	Bacteria	Pseudomonadota	Gammaproteobacteria	Legionellales	Legionellaceae	Legionella	Legionella israelensis	dbefe9db058dd3f4cb0ea5a0a7066199	359320de5def2a7ef0c2e24cf61b9a716c2c7b8c4ee7622bd857e89e9a27d78e	923699	eligible	ASV_56161254bb1e6da7	3	3111640	GCF_007361795.1.fna.gz
GCF_024582775.1	2967300	2967300	Mycoplasma sp. 3686d	na	Complete Genome	969795	airway_prioritized	0	biological	https://ftp.ncbi.nlm.nih.gov/genomes/all/GCF/024/582/775/GCF_024582775.1_ASM2458277v1/GCF_024582775.1_ASM2458277v1_genomic.fna.gz	https://ftp.ncbi.nlm.nih.gov/genomes/all/GCF/024/582/775/GCF_024582775.1_ASM2458277v1/md5checksums.txt	Bacteria	Mycoplasmatota	Mollicutes	Mycoplasmatales	Mycoplasmataceae	Mycoplasma	Mycoplasma sp. 3686d	62f24b44289d06e56a8e22ec7d0066fc	40ddec93ed38b85a72f34dc4375bdafa6451af2f0d85fab63e1d07b148aa1b95	275504	eligible	ASV_598b99d93450b78f	3	969795	GCF_024582775.1.fna.gz
GCF_010728155.1	126673	126673	Mycolicibacterium doricum	reference genome	Complete Genome	4029398	airway_prioritized	0	biological	https://ftp.ncbi.nlm.nih.gov/genomes/all/GCF/010/728/155/GCF_010728155.1_ASM1072815v1/GCF_010728155.1_ASM1072815v1_genomic.fna.gz	https://ftp.ncbi.nlm.nih.gov/genomes/all/GCF/010/728/155/GCF_010728155.1_ASM1072815v1/md5checksums.txt	Bacteria	Actinomycetota	Actinomycetes	Mycobacteriales	Mycobacteriaceae	Mycolicibacterium	Mycolicibacterium doricum	1ec72a6c31b5f3f741c9d0a05ff5f92b	d4f7a3047c51134231d0319aee40f594e8b30dd5287b2a940d9da65a0bed5b33	1154390	eligible	ASV_51fbcc891e676ef5	1	4029398	GCF_010728155.1.fna.gz
GCF_018127805.1	712471	712471	Prevotella sp. oral taxon 475	na	Complete Genome	2560308	airway_prioritized	0	biological	https://ftp.ncbi.nlm.nih.gov/genomes/all/GCF/018/127/805/GCF_018127805.1_ASM1812780v1/GCF_018127805.1_ASM1812780v1_genomic.fna.gz	https://ftp.ncbi.nlm.nih.gov/genomes/all/GCF/018/127/805/GCF_018127805.1_ASM1812780v1/md5checksums.txt	Bacteria	Bacteroidota	Bacteroidia	Bacteroidales	Prevotellaceae	Prevotella	Prevotella sp. oral taxon 475	8fc341a0c791bed6b1634b04fdf8891b	1f546b610f7173412db7e33ee222f82f60fc71084e3fba4e6bc89c2de66d8295	762806	eligible	ASV_420f1b5808927ddd	4	2560308	GCF_018127805.1.fna.gz
GCF_003815995.1	246	246	Chryseobacterium balustinum	reference genome	Complete Genome	4974086	airway_prioritized	0	biological	https://ftp.ncbi.nlm.nih.gov/genomes/all/GCF/003/815/995/GCF_003815995.1_ASM381599v1/GCF_003815995.1_ASM381599v1_genomic.fna.gz	https://ftp.ncbi.nlm.nih.gov/genomes/all/GCF/003/815/995/GCF_003815995.1_ASM381599v1/md5checksums.txt	Bacteria	Bacteroidota	Flavobacteriia	Flavobacteriales	Weeksellaceae	Chryseobacterium	Chryseobacterium balustinum	5e851dc81d3016d4af8b3bf6a6a1594d	b6e81a41085e022e6b6cdd68aab83a071317f9c86dce1e1bdc0ebe42132f7565	1439231	eligible	ASV_ff092d4a0a55f514	8	4974086	GCF_003815995.1.fna.gz
GCF_036032445.1	2975991	2975991	Nocardia sp. NBC_00416	na	Complete Genome	7372728	airway_prioritized	0	biological	https://ftp.ncbi.nlm.nih.gov/genomes/all/GCF/036/032/445/GCF_036032445.1_ASM3603244v1/GCF_036032445.1_ASM3603244v1_genomic.fna.gz	https://ftp.ncbi.nlm.nih.gov/genomes/all/GCF/036/032/445/GCF_036032445.1_ASM3603244v1/md5checksums.txt	Bacteria	Actinomycetota	Actinomycetes	Mycobacteriales	Nocardiaceae	Nocardia	Nocardia sp. NBC_00416	890438b40cb5ef39838a76bdb5723c7c	1a185f8da1a728123eb43a74a04971522deef1b8fe320977a57344020d1f6aa1	2105767	eligible	ASV_b0cf4fb9e240b68e	2	7372728	GCF_036032445.1.fna.gz
GCF_007990385.1	157687	157687	Leptotrichia wadei	na	Complete Genome	2361227	airway_prioritized	1	biological	https://ftp.ncbi.nlm.nih.gov/genomes/all/GCF/007/990/385/GCF_007990385.1_ASM799038v1/GCF_007990385.1_ASM799038v1_genomic.fna.gz	https://ftp.ncbi.nlm.nih.gov/genomes/all/GCF/007/990/385/GCF_007990385.1_ASM799038v1/md5checksums.txt	Bacteria	Fusobacteriota	Fusobacteriia	Fusobacteriales	Leptotrichiaceae	Leptotrichia	Leptotrichia wadei	96f79612b90b7a2fd91eea0ca538b186	019ea87d617b7e9a991cc091a47d71226a82705285fc97ebd8a3804ed4cc59a8	666352	eligible	ASV_49095b4b80a2c5e4	5	2361227	GCF_007990385.1.fna.gz
GCF_024606005.1	2929515	2929515	Acinetobacter sp. YH12068_T	na	Complete Genome	3462138	airway_prioritized	0	biological	https://ftp.ncbi.nlm.nih.gov/genomes/all/GCF/024/606/005/GCF_024606005.1_ASM2460600v1/GCF_024606005.1_ASM2460600v1_genomic.fna.gz	https://ftp.ncbi.nlm.nih.gov/genomes/all/GCF/024/606/005/GCF_024606005.1_ASM2460600v1/md5checksums.txt	Bacteria	Pseudomonadota	Gammaproteobacteria	Moraxellales	Moraxellaceae	Acinetobacter	Acinetobacter sp. YH12068_T	459b4167b62975b2636bdd597ff8361d	6f8b5130b834434f8808f0828eebb2841033f0fb88eb85a19df613c7f8c8318f	1025197	eligible	ASV_ec460a9f69a56830	7	3462138	GCF_024606005.1.fna.gz
GCF_014055025.1	267212	267212	Neisseria bacilliformis	reference genome	Complete Genome	2492712	airway_prioritized	0	biological	https://ftp.ncbi.nlm.nih.gov/genomes/all/GCF/014/055/025/GCF_014055025.1_ASM1405502v1/GCF_014055025.1_ASM1405502v1_genomic.fna.gz	https://ftp.ncbi.nlm.nih.gov/genomes/all/GCF/014/055/025/GCF_014055025.1_ASM1405502v1/md5checksums.txt	Bacteria	Pseudomonadota	Betaproteobacteria	Neisseriales	Neisseriaceae	Neisseria	Neisseria bacilliformis	b7e26e7f7d991c13f8715e4de677c7e2	d82efcdf15b6918f2982dea5c58937ef2c23a141a2675e83952598ec7dee6c0b	711869	eligible	ASV_21ca77c2be357e47	4	2492712	GCF_014055025.1.fna.gz
GCF_900475885.1	197575	197575	Haemophilus aegyptius	reference genome	Complete Genome	1993258	airway_prioritized	0	biological	https://ftp.ncbi.nlm.nih.gov/genomes/all/GCF/900/475/885/GCF_900475885.1_49595_C01/GCF_900475885.1_49595_C01_genomic.fna.gz	https://ftp.ncbi.nlm.nih.gov/genomes/all/GCF/900/475/885/GCF_900475885.1_49595_C01/md5checksums.txt	Bacteria	Pseudomonadota	Gammaproteobacteria	Pasteurellales	Pasteurellaceae	Haemophilus	Haemophilus aegyptius	a1986bea023a84293abe9e5d5d115165	2256a8a32b9a764f66db6829b212f61fd6f1700756b3d9c436c4c58d0e722425	585741	eligible	ASV_56a1425a7c26a116	6	1993258	GCF_900475885.1.fna.gz
GCF_045276885.1	29558	29558	Mycoplasmopsis hyopharyngis	reference genome	Complete Genome	876322	airway_prioritized	0	biological	https://ftp.ncbi.nlm.nih.gov/genomes/all/GCF/045/276/885/GCF_045276885.1_ASM4527688v1/GCF_045276885.1_ASM4527688v1_genomic.fna.gz	https://ftp.ncbi.nlm.nih.gov/genomes/all/GCF/045/276/885/GCF_045276885.1_ASM4527688v1/md5checksums.txt	Bacteria	Mycoplasmatota		Mycoplasmoidales	Metamycoplasmataceae	Mycoplasmopsis	Mycoplasmopsis hyopharyngis	afc550525019817b1e90e53dfb0a8bf8	bb25d11fbb89ebbf57205514681d17a41413661b617c4278d263004a2a962cd4	244495	eligible	ASV_c63ada1a21b4137a	1	876322	GCF_045276885.1.fna.gz
GCF_016889425.1	43765	43765	Corynebacterium amycolatum	reference genome	Complete Genome	2474943	airway_prioritized	0	biological	https://ftp.ncbi.nlm.nih.gov/genomes/all/GCF/016/889/425/GCF_016889425.1_ASM1688942v1/GCF_016889425.1_ASM1688942v1_genomic.fna.gz	https://ftp.ncbi.nlm.nih.gov/genomes/all/GCF/016/889/425/GCF_016889425.1_ASM1688942v1/md5checksums.txt	Bacteria	Actinomycetota	Actinomycetes	Mycobacteriales	Corynebacteriaceae	Corynebacterium	Corynebacterium amycolatum	018af1f06a488a0fa5f112126e8a9ec4	1fe6878d67f6d0c19ce44af25be38712b911e27702319dd90e2eeb36ca9ef707	734344	eligible	ASV_3d77a1af3826c562	5	2474943	GCF_016889425.1.fna.gz
GCF_054131575.1	2937860	2937860	Enterobacter sp. SA197	na	Complete Genome	5015652	airway_prioritized	0	biological	https://ftp.ncbi.nlm.nih.gov/genomes/all/GCF/054/131/575/GCF_054131575.1_ASM5413157v1/GCF_054131575.1_ASM5413157v1_genomic.fna.gz	https://ftp.ncbi.nlm.nih.gov/genomes/all/GCF/054/131/575/GCF_054131575.1_ASM5413157v1/md5checksums.txt	Bacteria	Pseudomonadota	Gammaproteobacteria	Enterobacterales	Enterobacteriaceae	Enterobacter	Enterobacter sp. SA197	59f8a5a0f912d4a16a0814a663bc4941	83898b822a78b8ab4a50b25f5150d936059e945849f4dcddc95fbd367a9a3d6d	1489171	eligible	ASV_813b3e1b68df80f0	7	5015652	GCF_054131575.1.fna.gz
GCF_033106825.1	103621	103621	Actinomyces urogenitalis	na	Complete Genome	2652994	airway_prioritized	0	biological	https://ftp.ncbi.nlm.nih.gov/genomes/all/GCF/033/106/825/GCF_033106825.1_ASM3310682v1/GCF_033106825.1_ASM3310682v1_genomic.fna.gz	https://ftp.ncbi.nlm.nih.gov/genomes/all/GCF/033/106/825/GCF_033106825.1_ASM3310682v1/md5checksums.txt	Bacteria	Actinomycetota	Actinomycetes	Actinomycetales	Actinomycetaceae	Actinomyces	Actinomyces urogenitalis	c0ef7c454d534c025abcfda516db8f79	bfa480d40d2cfd95a76d4b131677f45d0563ce60f295fa8496ba6dc5781bb1ed	752910	eligible	ASV_a4f68b70a084e299	3	2652994	GCF_033106825.1.fna.gz
GCF_000783935.2	575	575	Klebsiella planticola	reference genome	Complete Genome	5823931	airway_prioritized	0	biological	https://ftp.ncbi.nlm.nih.gov/genomes/all/GCF/000/783/935/GCF_000783935.2_ASM78393v2/GCF_000783935.2_ASM78393v2_genomic.fna.gz	https://ftp.ncbi.nlm.nih.gov/genomes/all/GCF/000/783/935/GCF_000783935.2_ASM78393v2/md5checksums.txt	Bacteria	Pseudomonadota	Gammaproteobacteria	Enterobacterales	Enterobacteriaceae	Klebsiella	Klebsiella planticola	b16d33fd35cc478c5aad50b98a0833ce	055defd9a76d18440dafe8467409982d47433ee0f21208b7b678680966fbb25a	1723059	eligible	ASV_63897c4e29783f86	8	5823931	GCF_000783935.2.fna.gz
GCF_008803015.1	1341	1341	Streptococcus ratti	reference genome	Complete Genome	2096943	airway_prioritized	0	biological	https://ftp.ncbi.nlm.nih.gov/genomes/all/GCF/008/803/015/GCF_008803015.1_ASM880301v1/GCF_008803015.1_ASM880301v1_genomic.fna.gz	https://ftp.ncbi.nlm.nih.gov/genomes/all/GCF/008/803/015/GCF_008803015.1_ASM880301v1/md5checksums.txt	Bacteria	Bacillota	Bacilli	Lactobacillales	Streptococcaceae	Streptococcus	Streptococcus ratti	7a43975fe7e7449d1973f92e4d2f5ac3	bbb1422878400442b45ad4db86a5702d8a5e92ffb8b7b5e287f4ef8e143c597c	621497	eligible	ASV_d310a2c7e0a41265	5	2096943	GCF_008803015.1.fna.gz
GCF_004803815.1	204	204	Campylobacter showae	reference genome	Complete Genome	2097887	airway_prioritized	0	biological	https://ftp.ncbi.nlm.nih.gov/genomes/all/GCF/004/803/815/GCF_004803815.1_ASM480381v1/GCF_004803815.1_ASM480381v1_genomic.fna.gz	https://ftp.ncbi.nlm.nih.gov/genomes/all/GCF/004/803/815/GCF_004803815.1_ASM480381v1/md5checksums.txt	Bacteria	Campylobacterota	Epsilonproteobacteria	Campylobacterales	Campylobacteraceae	Campylobacter	Campylobacter showae	54acadf8b554625c425f1707ac3b4f27	25d0987a29384db87764578d5b92845674c91f4e12114141ab2752b145f238ed	611623	eligible	ASV_b890c4b111015dac	3	2097887	GCF_004803815.1.fna.gz
GCF_900637865.1	45056	45056	Legionella adelaidensis	na	Complete Genome	2094483	airway_prioritized	0	biological	https://ftp.ncbi.nlm.nih.gov/genomes/all/GCF/900/637/865/GCF_900637865.1_52683_G03/GCF_900637865.1_52683_G03_genomic.fna.gz	https://ftp.ncbi.nlm.nih.gov/genomes/all/GCF/900/637/865/GCF_900637865.1_52683_G03/md5checksums.txt	Bacteria	Pseudomonadota	Gammaproteobacteria	Legionellales	Legionellaceae	Legionella	Legionella adelaidensis	9973b440ce83c014184bc5958d4f23be	a3e5ac2fe434b3d069a02bebc800a68787ae33a0da6b39ac15bfdb15ce0fbf63	626416	eligible	ASV_39d74b17c63cb932	3	2094483	GCF_900637865.1.fna.gz
GCF_010726245.1	1799	1799	Mycolicibacterium aichiense	reference genome	Complete Genome	5925482	airway_prioritized	0	biological	https://ftp.ncbi.nlm.nih.gov/genomes/all/GCF/010/726/245/GCF_010726245.1_ASM1072624v1/GCF_010726245.1_ASM1072624v1_genomic.fna.gz	https://ftp.ncbi.nlm.nih.gov/genomes/all/GCF/010/726/245/GCF_010726245.1_ASM1072624v1/md5checksums.txt	Bacteria	Actinomycetota	Actinomycetes	Mycobacteriales	Mycobacteriaceae	Mycolicibacterium	Mycolicibacterium aichiense	b33a1228155f115b5b52098de91a2c94	b36f249f5614dca33e87d65d388fc6174ca5cbe1979f026acb61e05f83dde61f	1703363	eligible	ASV_0f05d08b502a4d57	2	5925482	GCF_010726245.1.fna.gz
GCF_017347605.1	2801997	2801997	Prevotella herbatica	reference genome	Complete Genome	3524789	airway_prioritized	0	biological	https://ftp.ncbi.nlm.nih.gov/genomes/all/GCF/017/347/605/GCF_017347605.1_ASM1734760v1/GCF_017347605.1_ASM1734760v1_genomic.fna.gz	https://ftp.ncbi.nlm.nih.gov/genomes/all/GCF/017/347/605/GCF_017347605.1_ASM1734760v1/md5checksums.txt	Bacteria	Bacteroidota	Bacteroidia	Bacteroidales	Prevotellaceae	Prevotella	Prevotella herbatica	ab9325351a73821f7cf6c178d24133e2	986d9c2e64c9c01b2c37ca5886723c8a1f01b53c0906aa518c94ddfdc5eac35e	1042508	eligible	ASV_3b4c2b5f232874a3	5	3524789	GCF_017347605.1.fna.gz
GCF_014466955.1	480035	480035	Nocardia wallacei	reference genome	Complete Genome	7892862	airway_prioritized	0	biological	https://ftp.ncbi.nlm.nih.gov/genomes/all/GCF/014/466/955/GCF_014466955.1_ASM1446695v1/GCF_014466955.1_ASM1446695v1_genomic.fna.gz	https://ftp.ncbi.nlm.nih.gov/genomes/all/GCF/014/466/955/GCF_014466955.1_ASM1446695v1/md5checksums.txt	Bacteria	Actinomycetota	Actinomycetes	Mycobacteriales	Nocardiaceae	Nocardia	Nocardia wallacei	d9a9d450139d7ea6dd400680f687e557	6d19480565039b20b917b558b0287e6a64f04f2a43a924ee8a44712e29c3767c	2239471	eligible	ASV_9481f0bf4255448d	3	7892862	GCF_014466955.1.fna.gz
GCF_047839235.1	3392036	3392036	Neisseria sp. CCUG17229	na	Complete Genome	2293581	airway_prioritized	0	biological	https://ftp.ncbi.nlm.nih.gov/genomes/all/GCF/047/839/235/GCF_047839235.1_ASM4783923v1/GCF_047839235.1_ASM4783923v1_genomic.fna.gz	https://ftp.ncbi.nlm.nih.gov/genomes/all/GCF/047/839/235/GCF_047839235.1_ASM4783923v1/md5checksums.txt	Bacteria	Pseudomonadota	Betaproteobacteria	Neisseriales	Neisseriaceae	Neisseria	Neisseria sp. CCUG17229	ada6c0148673621eb73f6256c1dbf357	825ff7939b338113599f3669fa4f44cb68a7a886591fc8cbf29e5ad7d10b8b34	669477	eligible	ASV_530190dc08c6fd67	4	2293581	GCF_047839235.1.fna.gz
GCF_900660605.1	171285	171285	Mycoplasmopsis glycophila	reference genome	Complete Genome	973410	airway_prioritized	0	biological	https://ftp.ncbi.nlm.nih.gov/genomes/all/GCF/900/660/605/GCF_900660605.1_51342_G01-3/GCF_900660605.1_51342_G01-3_genomic.fna.gz	https://ftp.ncbi.nlm.nih.gov/genomes/all/GCF/900/660/605/GCF_900660605.1_51342_G01-3/md5checksums.txt	Bacteria	Mycoplasmatota		Mycoplasmoidales	Metamycoplasmataceae	Mycoplasmopsis	Mycoplasmopsis glycophila	2cd3cc5fd5225d7bf71ac91ba1709927	c44b4cfcb3a3a0669ae5518e7e4e0172f859ca831258ebd2112b0e0b815b934b	275202	eligible	ASV_631d9639b96e934a	3	973410	GCF_900660605.1.fna.gz
GCF_025985205.1	476	476	Moraxella bovis	reference genome	Complete Genome	2807142	airway_prioritized	0	biological	https://ftp.ncbi.nlm.nih.gov/genomes/all/GCF/025/985/205/GCF_025985205.1_ASM2598520v1/GCF_025985205.1_ASM2598520v1_genomic.fna.gz	https://ftp.ncbi.nlm.nih.gov/genomes/all/GCF/025/985/205/GCF_025985205.1_ASM2598520v1/md5checksums.txt	Bacteria	Pseudomonadota	Gammaproteobacteria	Moraxellales	Moraxellaceae	Moraxella	Moraxella bovis	fbc0e259d2bb966ca806fa0ca11c791f	f063806379fa70bac1c84e3f7edc76100ef54996b10bf314c362e9facd284558	817357	eligible	ASV_fb0e5ed895630711	4	2807142	GCF_025985205.1.fna.gz
GCF_052180205.1	3445779	3445779	Stenotrophomonas sp. JC08	na	Complete Genome	3489563	airway_prioritized	0	biological	https://ftp.ncbi.nlm.nih.gov/genomes/all/GCF/052/180/205/GCF_052180205.1_ASM5218020v1/GCF_052180205.1_ASM5218020v1_genomic.fna.gz	https://ftp.ncbi.nlm.nih.gov/genomes/all/GCF/052/180/205/GCF_052180205.1_ASM5218020v1/md5checksums.txt	Bacteria	Pseudomonadota	Gammaproteobacteria	Lysobacterales	Lysobacteraceae	Stenotrophomonas	Stenotrophomonas sp. JC08	8f0fe17cc46399f6086cc5a3b01dbf91	772197e789384d93b5406963647f03193ed30a1e021a87471570ee578b2dd90f	994922	eligible	ASV_8e91035afe9b5070	3	3489563	GCF_052180205.1.fna.gz
GCF_000023145.1	645127	161879	Corynebacterium kroppenstedtii DSM 44385	reference genome	Complete Genome	2446804	airway_prioritized	0	biological	https://ftp.ncbi.nlm.nih.gov/genomes/all/GCF/000/023/145/GCF_000023145.1_ASM2314v1/GCF_000023145.1_ASM2314v1_genomic.fna.gz	https://ftp.ncbi.nlm.nih.gov/genomes/all/GCF/000/023/145/GCF_000023145.1_ASM2314v1/md5checksums.txt	Bacteria	Actinomycetota	Actinomycetes	Mycobacteriales	Corynebacteriaceae	Corynebacterium	Corynebacterium kroppenstedtii	4b7cd523ffb2482046dbe2340cab13f5	e479c39e58cd8cb4c59960e5b8ad52b6bafa824f548fc4d75185f75ae003ea8a	731247	eligible	ASV_d84dc58166686da4	3	2446804	GCF_000023145.1.fna.gz
GCF_016894385.1	96344	96344	Cupriavidus oxalaticus	reference genome	Complete Genome	6694750	airway_prioritized	0	biological	https://ftp.ncbi.nlm.nih.gov/genomes/all/GCF/016/894/385/GCF_016894385.1_ASM1689438v1/GCF_016894385.1_ASM1689438v1_genomic.fna.gz	https://ftp.ncbi.nlm.nih.gov/genomes/all/GCF/016/894/385/GCF_016894385.1_ASM1689438v1/md5checksums.txt	Bacteria	Pseudomonadota	Betaproteobacteria	Burkholderiales	Burkholderiaceae	Cupriavidus	Cupriavidus oxalaticus	6aaf89d115d9af0e9f8d6ea73de8a527	02d5f121f0113270f5a0e053c1022e4d244f0ab9ddcb7622c2f47c13af450d3a	1913956	eligible	ASV_ed5856ab8b6991ed	5	6694750	GCF_016894385.1.fna.gz
GCF_030644185.1	461393	461393	Actinomyces massiliensis	na	Complete Genome	3476513	airway_prioritized	0	biological	https://ftp.ncbi.nlm.nih.gov/genomes/all/GCF/030/644/185/GCF_030644185.1_ASM3064418v1/GCF_030644185.1_ASM3064418v1_genomic.fna.gz	https://ftp.ncbi.nlm.nih.gov/genomes/all/GCF/030/644/185/GCF_030644185.1_ASM3064418v1/md5checksums.txt	Bacteria	Actinomycetota	Actinomycetes	Actinomycetales	Actinomycetaceae	Actinomyces	Actinomyces massiliensis	f1b0397eb629969cf5b916b365d9c75b	370b6aebc108aec11f89a5864c4546805624c6b844212fffb5e07f416cc7b2e2	998449	eligible	ASV_36a986e94c6981a7	3	3476513	GCF_030644185.1.fna.gz
GCF_900475505.1	1305	1305	Streptococcus sanguinis	reference genome	Complete Genome	2296927	airway_prioritized	0	biological	https://ftp.ncbi.nlm.nih.gov/genomes/all/GCF/900/475/505/GCF_900475505.1_42925_G01/GCF_900475505.1_42925_G01_genomic.fna.gz	https://ftp.ncbi.nlm.nih.gov/genomes/all/GCF/900/475/505/GCF_900475505.1_42925_G01/md5checksums.txt	Bacteria	Bacillota	Bacilli	Lactobacillales	Streptococcaceae	Streptococcus	Streptococcus sanguinis	102ce0449ce769e265d74414638b90af	7227b8b8050d2c1f0463b57423b450ff00105b1e9b4ccb86212a31a2b9dceb99	680955	eligible	ASV_e1cc490b9326e38f	4	2296927	GCF_900475505.1.fna.gz
GCF_009938265.1	758782	758782	Burkholderia sp. THE68	na	Complete Genome	7982451	airway_prioritized	0	biological	https://ftp.ncbi.nlm.nih.gov/genomes/all/GCF/009/938/265/GCF_009938265.1_ASM993826v1/GCF_009938265.1_ASM993826v1_genomic.fna.gz	https://ftp.ncbi.nlm.nih.gov/genomes/all/GCF/009/938/265/GCF_009938265.1_ASM993826v1/md5checksums.txt	Bacteria	Pseudomonadota	Betaproteobacteria	Burkholderiales	Burkholderiaceae	Burkholderia	Burkholderia sp. THE68	1469d23179481fdf8ed7e8ea7f17f546	ee56b5fa9d4a079bc9c03e13e0ef2cc8d1b251ac8442bae4db3b198bbf401e2b	2294612	eligible	ASV_996b2a72d60ff8ba	6	7982451	GCF_009938265.1.fna.gz
GCF_004571195.1	45065	45065	Legionella geestiana	reference genome	Complete Genome	2666749	airway_prioritized	0	biological	https://ftp.ncbi.nlm.nih.gov/genomes/all/GCF/004/571/195/GCF_004571195.1_ASM457119v1/GCF_004571195.1_ASM457119v1_genomic.fna.gz	https://ftp.ncbi.nlm.nih.gov/genomes/all/GCF/004/571/195/GCF_004571195.1_ASM457119v1/md5checksums.txt	Bacteria	Pseudomonadota	Gammaproteobacteria	Legionellales	Legionellaceae	Legionella	Legionella geestiana	507a3783603c27cd3658a4c9a3e6150f	fcca63a020eafa5ba09b9f0d75aa94b5a5658ec564af79698812a6a5514f24a6	790444	eligible	ASV_7f25971f1c3a5a33	3	2666749	GCF_004571195.1.fna.gz
GCF_022024015.1	2913621	2913621	Prevotella sp. E9-3	na	Complete Genome	3733400	airway_prioritized	0	biological	https://ftp.ncbi.nlm.nih.gov/genomes/all/GCF/022/024/015/GCF_022024015.1_ASM2202401v1/GCF_022024015.1_ASM2202401v1_genomic.fna.gz	https://ftp.ncbi.nlm.nih.gov/genomes/all/GCF/022/024/015/GCF_022024015.1_ASM2202401v1/md5checksums.txt	Bacteria	Bacteroidota	Bacteroidia	Bacteroidales	Prevotellaceae	Prevotella	Prevotella sp. E9-3	df333a8855a424492f053853e3f0b267	94921cb703ebebbbd3860cb2d2476a3610998572aa3dac4ff980909386346bb6	1114042	eligible	ASV_067a268b792dd9a4	4	3733400	GCF_022024015.1.fna.gz
GCF_007362295.1	1823	1823	Nocardia otitidiscaviarum	reference genome	Complete Genome	7687583	airway_prioritized	0	biological	https://ftp.ncbi.nlm.nih.gov/genomes/all/GCF/007/362/295/GCF_007362295.1_ASM736229v1/GCF_007362295.1_ASM736229v1_genomic.fna.gz	https://ftp.ncbi.nlm.nih.gov/genomes/all/GCF/007/362/295/GCF_007362295.1_ASM736229v1/md5checksums.txt	Bacteria	Actinomycetota	Actinomycetes	Mycobacteriales	Nocardiaceae	Nocardia	Nocardia otitidiscaviarum	69609c81d0ed5a4d45f3c427962ead30	14c8c3394a959767506a89177e6d470a6a84b8da84c279408704db325772d4ce	2181529	eligible	ASV_444ce1eb83c5de76	3	7687583	GCF_007362295.1.fna.gz
GCF_030252325.1	3027808	3027808	Candidatus Mycobacterium wuenschmannii	reference genome	Complete Genome	5102433	airway_prioritized	0	biological	https://ftp.ncbi.nlm.nih.gov/genomes/all/GCF/030/252/325/GCF_030252325.1_ASM3025232v1/GCF_030252325.1_ASM3025232v1_genomic.fna.gz	https://ftp.ncbi.nlm.nih.gov/genomes/all/GCF/030/252/325/GCF_030252325.1_ASM3025232v1/md5checksums.txt	Bacteria	Actinomycetota	Actinomycetes	Mycobacteriales	Mycobacteriaceae	Mycobacterium	Candidatus Mycobacterium wuenschmannii	f43bfd6d72d411802a87c6e4492d638e	172a29a6fe919bcd8d36e3cfc280dcc570c08eb080c85738bd8a0cb2312362dc	1464629	eligible	ASV_b0fc599e70ed1e53	2	5102433	GCF_030252325.1.fna.gz
GCF_043186315.1	555791	555791	Staphylococcus massiliensis	reference genome	Complete Genome	2422153	airway_prioritized	0	biological	https://ftp.ncbi.nlm.nih.gov/genomes/all/GCF/043/186/315/GCF_043186315.1_ASM4318631v1/GCF_043186315.1_ASM4318631v1_genomic.fna.gz	https://ftp.ncbi.nlm.nih.gov/genomes/all/GCF/043/186/315/GCF_043186315.1_ASM4318631v1/md5checksums.txt	Bacteria	Bacillota	Bacilli	Caryophanales	Staphylococcaceae	Staphylococcus	Staphylococcus massiliensis	7b4f382c36e8ead48ef8aa516692d252	d4eb754c6d11d93e0ed8b244c7a83908a53fd2e07bfd6ef9cb5ce181530bc150	708649	eligible	ASV_5713e7950f7593c4	6	2422153	GCF_043186315.1.fna.gz
GCF_900660515.1	29553	29553	Mycoplasmopsis bovirhinis	reference genome	Complete Genome	922012	airway_prioritized	0	biological	https://ftp.ncbi.nlm.nih.gov/genomes/all/GCF/900/660/515/GCF_900660515.1_50766_E01-3/GCF_900660515.1_50766_E01-3_genomic.fna.gz	https://ftp.ncbi.nlm.nih.gov/genomes/all/GCF/900/660/515/GCF_900660515.1_50766_E01-3/md5checksums.txt	Bacteria	Mycoplasmatota		Mycoplasmoidales	Metamycoplasmataceae	Mycoplasmopsis	Mycoplasmopsis bovirhinis	2b803c2d59391d1d9f15064ed408147a	71b9a9a924297d51695154eecf54c9261f312c8e2f3622ca6625b8ae5a632e60	257139	eligible	ASV_35e698b4893ab688	3	922012	GCF_900660515.1.fna.gz
GCF_025643275.1	2904122	2904122	Moraxella nasicaprae	reference genome	Complete Genome	2106666	airway_prioritized	0	biological	https://ftp.ncbi.nlm.nih.gov/genomes/all/GCF/025/643/275/GCF_025643275.1_ASM2564327v1/GCF_025643275.1_ASM2564327v1_genomic.fna.gz	https://ftp.ncbi.nlm.nih.gov/genomes/all/GCF/025/643/275/GCF_025643275.1_ASM2564327v1/md5checksums.txt	Bacteria	Pseudomonadota	Gammaproteobacteria	Moraxellales	Moraxellaceae	Moraxella	Moraxella nasicaprae	f17d27c8946b4cb82231fb71dcc85fbc	42648d9f717bdd60cbefa48536edcc81fab00eaa010574ad65cf01013a0fae22	609725	eligible	ASV_1a9cc2007c540fa3	4	2106666	GCF_025643275.1.fna.gz
GCF_033782955.1	2989735	2989735	Corynebacterium sp. 22KM0430	na	Complete Genome	2422101	airway_prioritized	0	biological	https://ftp.ncbi.nlm.nih.gov/genomes/all/GCF/033/782/955/GCF_033782955.1_ASM3378295v1/GCF_033782955.1_ASM3378295v1_genomic.fna.gz	https://ftp.ncbi.nlm.nih.gov/genomes/all/GCF/033/782/955/GCF_033782955.1_ASM3378295v1/md5checksums.txt	Bacteria	Actinomycetota	Actinomycetes	Mycobacteriales	Corynebacteriaceae	Corynebacterium	Corynebacterium sp. 22KM0430	e9e2af4818430ddd023ff9f1e9211223	646e7dbf20834969afc4ec87e1d9143ff3949a74e6597bda7641af8890459286	703355	eligible	ASV_063999ef2da22c90	4	2422101	GCF_033782955.1.fna.gz
GCF_060694225.1	2761164	2761164	Actinomyces cricetomys (nom. nud.)	na	Complete Genome	2707859	airway_prioritized	0	biological	https://ftp.ncbi.nlm.nih.gov/genomes/all/GCF/060/694/225/GCF_060694225.1_ASM6069422v1/GCF_060694225.1_ASM6069422v1_genomic.fna.gz	https://ftp.ncbi.nlm.nih.gov/genomes/all/GCF/060/694/225/GCF_060694225.1_ASM6069422v1/md5checksums.txt	Bacteria	Actinomycetota	Actinomycetes	Actinomycetales	Actinomycetaceae	Actinomyces	Actinomyces cricetomys (nom. nud.)	2971c0b43107ec19750a628a60fc38d4	4fe94222b6b8d1ba98d3eca6faa15156345ffc390478f57a08caee488f500ace	747116	eligible	ASV_8c90cddf11ab0be4	3	2707859	GCF_060694225.1.fna.gz
GCF_000953635.1	451	451	Legionella micdadei	reference genome	Complete Genome	3310028	airway_prioritized	0	biological	https://ftp.ncbi.nlm.nih.gov/genomes/all/GCF/000/953/635/GCF_000953635.1_LMI/GCF_000953635.1_LMI_genomic.fna.gz	https://ftp.ncbi.nlm.nih.gov/genomes/all/GCF/000/953/635/GCF_000953635.1_LMI/md5checksums.txt	Bacteria	Pseudomonadota	Gammaproteobacteria	Legionellales	Legionellaceae	Legionella	Legionella micdadei	8c6ed9abf035d59e189fdab97bee3ec0	1f0033b34ea33ebfd3e2da3858f1616a73ee561f4ff0c4473db8191b0f9a40b4	986538	eligible	ASV_5b9df1cb7d6d96a0	3	3310028	GCF_000953635.1.fna.gz
GCF_003692615.1	2039166	2039166	Chryseobacterium sp. 6424	na	Complete Genome	2586303	airway_prioritized	0	biological	https://ftp.ncbi.nlm.nih.gov/genomes/all/GCF/003/692/615/GCF_003692615.1_ASM369261v1/GCF_003692615.1_ASM369261v1_genomic.fna.gz	https://ftp.ncbi.nlm.nih.gov/genomes/all/GCF/003/692/615/GCF_003692615.1_ASM369261v1/md5checksums.txt	Bacteria	Bacteroidota	Flavobacteriia	Flavobacteriales	Weeksellaceae	Chryseobacterium	Chryseobacterium sp. 6424	5ae889b54fed91fb552707ab66e37fcf	e9a98173467af0399952784c9d568644c3e91d15bc9e20c04a92205af85ac96f	767411	eligible	ASV_720e36c1a0bf2484	3	2586303	GCF_003692615.1.fna.gz
GCF_000821185.2	138074	138074	Serratia symbiotica	reference genome	Complete Genome	3550913	airway_prioritized	0	biological	https://ftp.ncbi.nlm.nih.gov/genomes/all/GCF/000/821/185/GCF_000821185.2_ASM82118v2/GCF_000821185.2_ASM82118v2_genomic.fna.gz	https://ftp.ncbi.nlm.nih.gov/genomes/all/GCF/000/821/185/GCF_000821185.2_ASM82118v2/md5checksums.txt	Bacteria	Pseudomonadota	Gammaproteobacteria	Enterobacterales	Yersiniaceae	Serratia	Serratia symbiotica	6772425b618b1c04d181b3a0db0bc8f1	53d7061bebe40eb26ae0f4165c5b1897122fe6dea6e073e66a4169339673c78d	1052233	eligible	ASV_a077109c1dbd3d9e	7	3550913	GCF_000821185.2.fna.gz
GCF_900187305.1	326523	326523	Neisseria zoodegmatis	reference genome	Complete Genome	2552522	airway_prioritized	0	biological	https://ftp.ncbi.nlm.nih.gov/genomes/all/GCF/900/187/305/GCF_900187305.1_51470_F02/GCF_900187305.1_51470_F02_genomic.fna.gz	https://ftp.ncbi.nlm.nih.gov/genomes/all/GCF/900/187/305/GCF_900187305.1_51470_F02/md5checksums.txt	Bacteria	Pseudomonadota	Betaproteobacteria	Neisseriales	Neisseriaceae	Neisseria	Neisseria zoodegmatis	650b3fa34fdfc2ae3a2810f10ac07017	7c281c20f996acda94f58e48c512f4e63bbda91f06aba32a6625f6197ddfe593	746668	eligible	ASV_b3bb98996e192bde	4	2552522	GCF_900187305.1.fna.gz
GCF_001647695.1	730	730	[Haemophilus] ducreyi	reference genome	Complete Genome	1589620	airway_prioritized	0	biological	https://ftp.ncbi.nlm.nih.gov/genomes/all/GCF/001/647/695/GCF_001647695.1_ASM164769v1/GCF_001647695.1_ASM164769v1_genomic.fna.gz	https://ftp.ncbi.nlm.nih.gov/genomes/all/GCF/001/647/695/GCF_001647695.1_ASM164769v1/md5checksums.txt	Bacteria	Pseudomonadota	Gammaproteobacteria	Pasteurellales	Pasteurellaceae	Haemophilus	[Haemophilus] ducreyi	7eb720b419e47fd5c3ee3cbe9a42e407	bb0914b6a2804e49d7b47ce65b23d926c0edefc20d6ae74d1dd3889a3b43fde4	469049	eligible	ASV_158ff4dca4c29e70	6	1589620	GCF_001647695.1.fna.gz
GCF_900660635.1	76629	76629	Mycoplasmopsis gallopavonis	reference genome	Complete Genome	1028044	airway_prioritized	0	biological	https://ftp.ncbi.nlm.nih.gov/genomes/all/GCF/900/660/635/GCF_900660635.1_56793_F01-3/GCF_900660635.1_56793_F01-3_genomic.fna.gz	https://ftp.ncbi.nlm.nih.gov/genomes/all/GCF/900/660/635/GCF_900660635.1_56793_F01-3/md5checksums.txt	Bacteria	Mycoplasmatota		Mycoplasmoidales	Metamycoplasmataceae	Mycoplasmopsis	Mycoplasmopsis gallopavonis	e9879c64c6679c986388b71110432a5d	ccaeb31accf6b46e04ba270d56357af6b081ad403b53bfbd0a59f2ab9455119f	276053	eligible	ASV_069c020fae8a55c7	3	1028044	GCF_900660635.1.fna.gz
GCF_050885545.1	2911970	2911970	Moraxella sp. ZY200743	na	Complete Genome	2253457	airway_prioritized	0	biological	https://ftp.ncbi.nlm.nih.gov/genomes/all/GCF/050/885/545/GCF_050885545.1_ASM5088554v1/GCF_050885545.1_ASM5088554v1_genomic.fna.gz	https://ftp.ncbi.nlm.nih.gov/genomes/all/GCF/050/885/545/GCF_050885545.1_ASM5088554v1/md5checksums.txt	Bacteria	Pseudomonadota	Gammaproteobacteria	Moraxellales	Moraxellaceae	Moraxella	Moraxella sp. ZY200743	359aeeb9260ff4a80c365523c4e868d4	df82a744cc848932ac8825a0a0af741f750fe8fcf1b7aadb189197301b0978c4	655361	eligible	ASV_dcd72f558491184b	4	2253457	GCF_050885545.1.fna.gz
GCF_030252185.1	3049801	3049801	Corynebacterium suedekumii	reference genome	Complete Genome	2858263	airway_prioritized	0	biological	https://ftp.ncbi.nlm.nih.gov/genomes/all/GCF/030/252/185/GCF_030252185.1_ASM3025218v1/GCF_030252185.1_ASM3025218v1_genomic.fna.gz	https://ftp.ncbi.nlm.nih.gov/genomes/all/GCF/030/252/185/GCF_030252185.1_ASM3025218v1/md5checksums.txt	Bacteria	Actinomycetota	Actinomycetes	Mycobacteriales	Corynebacteriaceae	Corynebacterium	Corynebacterium suedekumii	4ed72b5d6dd949f6b4dc7a1e3264a7f7	fa5387db48592c1ed52def97c26e4cf0042a6138d6ea32a227a5f3405f77d09e	813426	eligible	ASV_7aa3fffe3c7fbb73	4	2858263	GCF_030252185.1.fna.gz
GCF_002104335.1	1121267	374106	Campylobacter cuniculorum DSM 23162 = LMG 24588	reference genome	Complete Genome	1937768	airway_prioritized	0	biological	https://ftp.ncbi.nlm.nih.gov/genomes/all/GCF/002/104/335/GCF_002104335.1_ASM210433v1/GCF_002104335.1_ASM210433v1_genomic.fna.gz	https://ftp.ncbi.nlm.nih.gov/genomes/all/GCF/002/104/335/GCF_002104335.1_ASM210433v1/md5checksums.txt	Bacteria	Campylobacterota	Epsilonproteobacteria	Campylobacterales	Campylobacteraceae	Campylobacter	Campylobacter cuniculorum	c7dd047c291db9c3ad539e0706e6d489	abd2f9528a7e46f561caa6dd3311e6e496419d514f7d7bce9388b67a68f37bac	548787	eligible	ASV_c30f8b8f6ea620c2	2	1937768	GCF_002104335.1.fna.gz
GCF_036492245.1	163	163	Treponema bryantii	reference genome	Complete Genome	3516600	airway_prioritized	0	biological	https://ftp.ncbi.nlm.nih.gov/genomes/all/GCF/036/492/245/GCF_036492245.1_ASM3649224v1/GCF_036492245.1_ASM3649224v1_genomic.fna.gz	https://ftp.ncbi.nlm.nih.gov/genomes/all/GCF/036/492/245/GCF_036492245.1_ASM3649224v1/md5checksums.txt	Bacteria	Spirochaetota	Spirochaetia	Treponematales	Treponemataceae	Treponema	Treponema bryantii	b2339a6a5d4c301e464f27c3a68fc07b	883f3e791695b778836054bb632932331f84d40c6b70293dafa38523bd42ced3	1031702	eligible	ASV_08b46db8d443d53c	4	3516600	GCF_036492245.1.fna.gz
GCF_900187355.1	45067	45067	Legionella lansingensis	reference genome	Complete Genome	2989256	airway_prioritized	0	biological	https://ftp.ncbi.nlm.nih.gov/genomes/all/GCF/900/187/355/GCF_900187355.1_51342_E02/GCF_900187355.1_51342_E02_genomic.fna.gz	https://ftp.ncbi.nlm.nih.gov/genomes/all/GCF/900/187/355/GCF_900187355.1_51342_E02/md5checksums.txt	Bacteria	Pseudomonadota	Gammaproteobacteria	Legionellales	Legionellaceae	Legionella	Legionella lansingensis	fbec6da7dc2184afa4bf19430e13762e	162e33d16eb5854c9cef50560be598ef79da4d86834abef594d6a674b4b9db3d	888179	eligible	ASV_9df28d79283139b4	4	2989256	GCF_900187355.1.fna.gz
GCF_021654635.1	2871094	2871094	Mycobacterium kiyosense	na	Complete Genome	6346450	airway_prioritized	0	biological	https://ftp.ncbi.nlm.nih.gov/genomes/all/GCF/021/654/635/GCF_021654635.1_ASM2165463v1/GCF_021654635.1_ASM2165463v1_genomic.fna.gz	https://ftp.ncbi.nlm.nih.gov/genomes/all/GCF/021/654/635/GCF_021654635.1_ASM2165463v1/md5checksums.txt	Bacteria	Actinomycetota	Actinomycetes	Mycobacteriales	Mycobacteriaceae	Mycobacterium	Mycobacterium kiyosense	39e46e03f07a85311dc2f13e89cbe78c	1298d8bc3ba08ab19a430a5bb40c7d58f7e8babce04195c4839f06a100c455d8	1822870	eligible	ASV_982b13fa10b323df	1	6346450	GCF_021654635.1.fna.gz
GCF_039679115.1	3141545	3141545	Acinetobacter sp. 8_A20231192	na	Complete Genome	3878479	airway_prioritized	0	biological	https://ftp.ncbi.nlm.nih.gov/genomes/all/GCF/039/679/115/GCF_039679115.1_ASM3967911v1/GCF_039679115.1_ASM3967911v1_genomic.fna.gz	https://ftp.ncbi.nlm.nih.gov/genomes/all/GCF/039/679/115/GCF_039679115.1_ASM3967911v1/md5checksums.txt	Bacteria	Pseudomonadota	Gammaproteobacteria	Moraxellales	Moraxellaceae	Acinetobacter	Acinetobacter sp. 8_A20231192	aa1773084bad958af438cc96e2e2573b	605d6baba1d0218d9f4f68c5fe40cef074edb95a6c2ce2999a6e182d02248014	1147889	eligible	ASV_3cb13cd00806785b	6	3878479	GCF_039679115.1.fna.gz
GCF_044772855.1	3373603	3373603	Neisseria sp. 23W00296	na	Complete Genome	2471860	airway_prioritized	0	biological	https://ftp.ncbi.nlm.nih.gov/genomes/all/GCF/044/772/855/GCF_044772855.1_ASM4477285v1/GCF_044772855.1_ASM4477285v1_genomic.fna.gz	https://ftp.ncbi.nlm.nih.gov/genomes/all/GCF/044/772/855/GCF_044772855.1_ASM4477285v1/md5checksums.txt	Bacteria	Pseudomonadota	Betaproteobacteria	Neisseriales	Neisseriaceae	Neisseria	Neisseria sp. 23W00296	7a83da928648572f22371dd9989c566e	55bc2a9c76467b786e1c7c1089d7a7c36b8cc950a1d2b95158b9b75bdfe9219c	710045	eligible	ASV_2fe538f64f754d7e	4	2471860	GCF_044772855.1.fna.gz
GCF_057839485.1	3465271	3465271	Stenotrophomonas sp. KH_036_B	na	Complete Genome	4469630	airway_prioritized	0	biological	https://ftp.ncbi.nlm.nih.gov/genomes/all/GCF/057/839/485/GCF_057839485.1_ASM5783948v1/GCF_057839485.1_ASM5783948v1_genomic.fna.gz	https://ftp.ncbi.nlm.nih.gov/genomes/all/GCF/057/839/485/GCF_057839485.1_ASM5783948v1/md5checksums.txt	Bacteria	Pseudomonadota	Gammaproteobacteria	Lysobacterales	Lysobacteraceae	Stenotrophomonas	Stenotrophomonas sp. KH_036_B	622626f9a99b8941257fdc65ad6ff6d4	b4f7b430582b718a589f27564c42059b42baa9032b4d89128185a90a86c667ec	1273314	eligible	ASV_d26cf8bd3a8c0584	3	4469630	GCF_057839485.1.fna.gz
GCF_030440575.1	1121356	227319	Corynebacterium ciconiae DSM 44920	reference genome	Complete Genome	2584365	airway_prioritized	0	biological	https://ftp.ncbi.nlm.nih.gov/genomes/all/GCF/030/440/575/GCF_030440575.1_ASM3044057v1/GCF_030440575.1_ASM3044057v1_genomic.fna.gz	https://ftp.ncbi.nlm.nih.gov/genomes/all/GCF/030/440/575/GCF_030440575.1_ASM3044057v1/md5checksums.txt	Bacteria	Actinomycetota	Actinomycetes	Mycobacteriales	Corynebacteriaceae	Corynebacterium	Corynebacterium ciconiae	3bc5c64fe18941ca48b77c40df7fd8a0	8aef659a18be890850fc86ceb808e6377873bcc95cfa6b88b4d0177235ad920f	762528	eligible	ASV_4e6b203ca06d3ca6	4	2584365	GCF_030440575.1.fna.gz
GCF_050847315.1	3434464	3434464	Enterobacter sp. TMH.L2	na	Complete Genome	4811582	airway_prioritized	0	biological	https://ftp.ncbi.nlm.nih.gov/genomes/all/GCF/050/847/315/GCF_050847315.1_Toby_Enterobacter_sp_TMH.L2/GCF_050847315.1_Toby_Enterobacter_sp_TMH.L2_genomic.fna.gz	https://ftp.ncbi.nlm.nih.gov/genomes/all/GCF/050/847/315/GCF_050847315.1_Toby_Enterobacter_sp_TMH.L2/md5checksums.txt	Bacteria	Pseudomonadota	Gammaproteobacteria	Enterobacterales	Enterobacteriaceae	Enterobacter	Enterobacter sp. TMH.L2	718db3278cf8e907888c258a1141a1be	1290d44f38ec0cb72a387133f0a110d450e48d076b909f101af355f4920fc7f9	1427932	eligible	ASV_d20afe62243c82fa	7	4811582	GCF_050847315.1.fna.gz
GCF_004010955.1	2057743	2057743	Actinomyces wuliandei	reference genome	Complete Genome	3107761	airway_prioritized	0	biological	https://ftp.ncbi.nlm.nih.gov/genomes/all/GCF/004/010/955/GCF_004010955.1_ASM401095v1/GCF_004010955.1_ASM401095v1_genomic.fna.gz	https://ftp.ncbi.nlm.nih.gov/genomes/all/GCF/004/010/955/GCF_004010955.1_ASM401095v1/md5checksums.txt	Bacteria	Actinomycetota	Actinomycetes	Actinomycetales	Actinomycetaceae	Actinomyces	Actinomyces wuliandei	c013adeda19c67f2a34d40117e47b095	6740f84cdaeb4e40ff36a7ae4d8c31e31e798caeb22b2f20df7abfe9179b5dbe	880768	eligible	ASV_7049e5b473a37d00	3	3107761	GCF_004010955.1.fna.gz
GCF_017893965.1	138851	138851	Treponema parvum	reference genome	Complete Genome	2658287	airway_prioritized	0	biological	https://ftp.ncbi.nlm.nih.gov/genomes/all/GCF/017/893/965/GCF_017893965.1_ASM1789396v1/GCF_017893965.1_ASM1789396v1_genomic.fna.gz	https://ftp.ncbi.nlm.nih.gov/genomes/all/GCF/017/893/965/GCF_017893965.1_ASM1789396v1/md5checksums.txt	Bacteria	Spirochaetota	Spirochaetia	Treponematales	Treponemataceae	Treponema	Treponema parvum	453cae462eb720eb92ed9a067e6e162f	1704c3a4626df52e73074c08b6a5167773a91df5ce15017052955538cdb477c8	785467	eligible	ASV_6b677dc8e5764bde	2	2658287	GCF_017893965.1.fna.gz
GCF_016864235.1	2662448	2662448	Legionella sp. MW5194	na	Complete Genome	3336003	airway_prioritized	0	biological	https://ftp.ncbi.nlm.nih.gov/genomes/all/GCF/016/864/235/GCF_016864235.1_ASM1686423v1/GCF_016864235.1_ASM1686423v1_genomic.fna.gz	https://ftp.ncbi.nlm.nih.gov/genomes/all/GCF/016/864/235/GCF_016864235.1_ASM1686423v1/md5checksums.txt	Bacteria	Pseudomonadota	Gammaproteobacteria	Legionellales	Legionellaceae	Legionella	Legionella sp. MW5194	67bf1a7014890c3e525d72bd6cfaa539	e1ea1a906ea2e57141965aebda71e0c272019c26883d44dda1bd702d9f349482	993415	eligible	ASV_04c9e9503f2adbdc	3	3336003	GCF_016864235.1.fna.gz
GCF_035609225.1	3108483	3108483	Mycoplasma sp. 888	na	Complete Genome	714928	airway_prioritized	0	biological	https://ftp.ncbi.nlm.nih.gov/genomes/all/GCF/035/609/225/GCF_035609225.1_ASM3560922v1/GCF_035609225.1_ASM3560922v1_genomic.fna.gz	https://ftp.ncbi.nlm.nih.gov/genomes/all/GCF/035/609/225/GCF_035609225.1_ASM3560922v1/md5checksums.txt	Bacteria	Mycoplasmatota	Mollicutes	Mycoplasmatales	Mycoplasmataceae	Mycoplasma	Mycoplasma sp. 888	33f3dc98b1695bb65d03f908cc7fcadf	6b95f912cb12351e3d90da2db3d8da44f6a78e9fdcb579ab5e56ff68133b70c5	202876	eligible	ASV_67b39cc8188c36b7	3	714928	GCF_035609225.1.fna.gz
GCF_018127825.1	28133	28133	Prevotella nigrescens	reference genome	Complete Genome	2887107	airway_prioritized	0	biological	https://ftp.ncbi.nlm.nih.gov/genomes/all/GCF/018/127/825/GCF_018127825.1_ASM1812782v1/GCF_018127825.1_ASM1812782v1_genomic.fna.gz	https://ftp.ncbi.nlm.nih.gov/genomes/all/GCF/018/127/825/GCF_018127825.1_ASM1812782v1/md5checksums.txt	Bacteria	Bacteroidota	Bacteroidia	Bacteroidales	Prevotellaceae	Prevotella	Prevotella nigrescens	b3a4024769c9677f8596e0068a9e22dc	2e7e2df32eaf9d7caff66465361b569ddb315605a098c7d62d2e085e60da97a4	854909	eligible	ASV_642e394f598096c4	4	2887107	GCF_018127825.1.fna.gz
GCF_008831505.1	1871047	1871047	Chryseobacterium sp.	na	Complete Genome	2757396	airway_prioritized	0	biological	https://ftp.ncbi.nlm.nih.gov/genomes/all/GCF/008/831/505/GCF_008831505.1_ASM883150v1/GCF_008831505.1_ASM883150v1_genomic.fna.gz	https://ftp.ncbi.nlm.nih.gov/genomes/all/GCF/008/831/505/GCF_008831505.1_ASM883150v1/md5checksums.txt	Bacteria	Bacteroidota	Flavobacteriia	Flavobacteriales	Weeksellaceae	Chryseobacterium	Chryseobacterium sp.	e6960d48f51af9710906b6384033ca83	59b644b3cdf67e232640e11d1d9665fae716c62f6ce6ae17800a56a5fed4b510	820717	eligible	ASV_21ba48d65ca8bd17	3	2757396	GCF_008831505.1.fna.gz
GCF_000162235.2	469604	155615	Fusobacterium vincentii 3_1_36A2	na	Complete Genome	2268272	airway_prioritized	1	biological	https://ftp.ncbi.nlm.nih.gov/genomes/all/GCF/000/162/235/GCF_000162235.2_ASM16223v2/GCF_000162235.2_ASM16223v2_genomic.fna.gz	https://ftp.ncbi.nlm.nih.gov/genomes/all/GCF/000/162/235/GCF_000162235.2_ASM16223v2/md5checksums.txt	Bacteria	Fusobacteriota	Fusobacteriia	Fusobacteriales	Fusobacteriaceae	Fusobacterium	Fusobacterium vincentii	a0673f364cb7429ffe1448d1ff2618ec	84b481040cae259f749e1960e7a6c62a857b11b26cb471b18daf83b5c1117eed	632053	eligible	ASV_9456fe104924332f	5	2268272	GCF_000162235.2.fna.gz
GCF_023611805.1	2816906	2816906	Pseudomonas sp. BYT-1	na	Complete Genome	5946083	airway_prioritized	0	biological	https://ftp.ncbi.nlm.nih.gov/genomes/all/GCF/023/611/805/GCF_023611805.1_ASM2361180v1/GCF_023611805.1_ASM2361180v1_genomic.fna.gz	https://ftp.ncbi.nlm.nih.gov/genomes/all/GCF/023/611/805/GCF_023611805.1_ASM2361180v1/md5checksums.txt	Bacteria	Pseudomonadota	Gammaproteobacteria	Pseudomonadales	Pseudomonadaceae	Pseudomonas	Pseudomonas sp. BYT-1	b3928b1f072b63a5bedaaf26c6d40825	db85ccf2f0bd67a4be34229b1458f5cba5be46347cae27adc4367d1f112f6c77	1735350	eligible	ASV_64975ee0c61acc63	6	5946083	GCF_023611805.1.fna.gz
GCF_007814525.1	46126	46126	Staphylococcus chromogenes	reference genome	Complete Genome	2394574	airway_prioritized	0	biological	https://ftp.ncbi.nlm.nih.gov/genomes/all/GCF/007/814/525/GCF_007814525.1_ASM781452v1/GCF_007814525.1_ASM781452v1_genomic.fna.gz	https://ftp.ncbi.nlm.nih.gov/genomes/all/GCF/007/814/525/GCF_007814525.1_ASM781452v1/md5checksums.txt	Bacteria	Bacillota	Bacilli	Caryophanales	Staphylococcaceae	Staphylococcus	Staphylococcus chromogenes	8aa088c248ae46dfc78c823353831a26	c0536bb3b8222954256f41cac19e1d6c949b751d68dfbc300875d02707bd657e	706027	eligible	ASV_45702017191bdf41	6	2394574	GCF_007814525.1.fna.gz
GCF_059704385.1	3697578	3697578	Haemophilus sp. THUN1689	na	Complete Genome	2207329	airway_prioritized	0	biological	https://ftp.ncbi.nlm.nih.gov/genomes/all/GCF/059/704/385/GCF_059704385.1_ASM5970438v1/GCF_059704385.1_ASM5970438v1_genomic.fna.gz	https://ftp.ncbi.nlm.nih.gov/genomes/all/GCF/059/704/385/GCF_059704385.1_ASM5970438v1/md5checksums.txt	Bacteria	Pseudomonadota	Gammaproteobacteria	Pasteurellales	Pasteurellaceae	Haemophilus	Haemophilus sp. THUN1689	6aecb587e1e430ecd93d59c4dc4a1df5	f2b4f849df7c539c1fe2fafa35bb575da5a1359644cd463a7892d8cda4692cac	649227	eligible	ASV_bcaf0ce4ecf7390b	6	2207329	GCF_059704385.1.fna.gz
GCF_000695835.1	2113	2113	Mycoplasmopsis californica	reference genome	Complete Genome	793841	airway_prioritized	0	biological	https://ftp.ncbi.nlm.nih.gov/genomes/all/GCF/000/695/835/GCF_000695835.1_ASM69583v1/GCF_000695835.1_ASM69583v1_genomic.fna.gz	https://ftp.ncbi.nlm.nih.gov/genomes/all/GCF/000/695/835/GCF_000695835.1_ASM69583v1/md5checksums.txt	Bacteria	Mycoplasmatota		Mycoplasmoidales	Metamycoplasmataceae	Mycoplasmopsis	Mycoplasmopsis californica	494b53d48a8c9538ef28a1293091ae3c	88eafe7c09aaf11299f646ddfc90ae4e9e05c067d2d3f2e9da36a658737cdcb3	230079	eligible	ASV_6ab7468d4e6c9b70	2	793841	GCF_000695835.1.fna.gz
GCF_902702935.1	2719119	2719119	Corynebacterium rouxii	reference genome	Complete Genome	2451019	airway_prioritized	0	biological	https://ftp.ncbi.nlm.nih.gov/genomes/all/GCF/902/702/935/GCF_902702935.1_FRC0190/GCF_902702935.1_FRC0190_genomic.fna.gz	https://ftp.ncbi.nlm.nih.gov/genomes/all/GCF/902/702/935/GCF_902702935.1_FRC0190/md5checksums.txt	Bacteria	Actinomycetota	Actinomycetes	Mycobacteriales	Corynebacteriaceae	Corynebacterium	Corynebacterium rouxii	93192bc53241fc9e4874a6745ff6f83c	2280fdc49c0637b36cc8ceeb5da9bf8f1a2d7c466799ff8c8b08347ce0e60763	733794	eligible	ASV_eb287f22cfa70436	5	2451019	GCF_902702935.1.fna.gz
GCF_004102025.1	2057800	2057800	Actinomyces qiguomingii	reference genome	Complete Genome	3988549	airway_prioritized	0	biological	https://ftp.ncbi.nlm.nih.gov/genomes/all/GCF/004/102/025/GCF_004102025.1_ASM410202v1/GCF_004102025.1_ASM410202v1_genomic.fna.gz	https://ftp.ncbi.nlm.nih.gov/genomes/all/GCF/004/102/025/GCF_004102025.1_ASM410202v1/md5checksums.txt	Bacteria	Actinomycetota	Actinomycetes	Actinomycetales	Actinomycetaceae	Actinomyces	Actinomyces qiguomingii	5eb82b74e1ac7aea8d96d23c5a5b6566	828d0866194d171579f936869adf036b8360ea50dcfc2812ae93fa694a7e3e69	1151238	eligible	ASV_0ab38709e940eaf1	3	3988549	GCF_004102025.1.fna.gz
GCF_014169075.1	2675713	2675713	Klebsiella sp. WP4-W18-ESBL-05	na	Complete Genome	5247263	airway_prioritized	0	biological	https://ftp.ncbi.nlm.nih.gov/genomes/all/GCF/014/169/075/GCF_014169075.1_ASM1416907v1/GCF_014169075.1_ASM1416907v1_genomic.fna.gz	https://ftp.ncbi.nlm.nih.gov/genomes/all/GCF/014/169/075/GCF_014169075.1_ASM1416907v1/md5checksums.txt	Bacteria	Pseudomonadota	Gammaproteobacteria	Enterobacterales	Enterobacteriaceae	Klebsiella	Klebsiella sp. WP4-W18-ESBL-05	87cb4ab9d39d55fe3cbd80117f6f3df1	cef3ff5ece175eb52fb3a2b74a727aa811e1c7f4ab274006ee5c02bd5c803bdb	1553603	eligible	ASV_8428cca7e73137c0	8	5247263	GCF_014169075.1.fna.gz
GCF_000512355.1	1268635	29423	Legionella oakridgensis ATCC 33761 = DSM 21215	na	Complete Genome	2773209	airway_prioritized	0	biological	https://ftp.ncbi.nlm.nih.gov/genomes/all/GCF/000/512/355/GCF_000512355.1_ASM51235v1/GCF_000512355.1_ASM51235v1_genomic.fna.gz	https://ftp.ncbi.nlm.nih.gov/genomes/all/GCF/000/512/355/GCF_000512355.1_ASM51235v1/md5checksums.txt	Bacteria	Pseudomonadota	Gammaproteobacteria	Legionellales	Legionellaceae	Legionella	Legionella oakridgensis	3a5e2086bb77b88cc8c31794f3d31395	b30913fceef9116ccf6d966ebbd7920944c45fd6fb9b1af26d728115010d9d00	823587	eligible	ASV_d5acccb5b916a886	3	2773209	GCF_000512355.1.fna.gz
GCF_060106655.1	3735414	3735414	Chryseobacterium sp. KZH-13	na	Complete Genome	5197472	airway_prioritized	0	biological	https://ftp.ncbi.nlm.nih.gov/genomes/all/GCF/060/106/655/GCF_060106655.1_ASM6010665v1/GCF_060106655.1_ASM6010665v1_genomic.fna.gz	https://ftp.ncbi.nlm.nih.gov/genomes/all/GCF/060/106/655/GCF_060106655.1_ASM6010665v1/md5checksums.txt	Bacteria	Bacteroidota	Flavobacteriia	Flavobacteriales	Weeksellaceae	Chryseobacterium	Chryseobacterium sp. KZH-13	e74c4eea9bd13e888a5253ba831ecf45	2ac54871997fd7f2beba53e759b4b5be0cfe3580d2cde142e2c4f6a9eba2a1f0	1510781	eligible	ASV_2f2109ca5ac39709	6	5197472	GCF_060106655.1.fna.gz
GCF_055755015.1	3469488	3469488	Pseudomonas sp. Arb-4-2C	na	Complete Genome	6322816	airway_prioritized	0	biological	https://ftp.ncbi.nlm.nih.gov/genomes/all/GCF/055/755/015/GCF_055755015.1_ASM5575501v1/GCF_055755015.1_ASM5575501v1_genomic.fna.gz	https://ftp.ncbi.nlm.nih.gov/genomes/all/GCF/055/755/015/GCF_055755015.1_ASM5575501v1/md5checksums.txt	Bacteria	Pseudomonadota	Gammaproteobacteria	Pseudomonadales	Pseudomonadaceae	Pseudomonas	Pseudomonas sp. Arb-4-2C	42c8d3384ac1443755ac5aa53225df08	9f2d4cd18133bc902b879e0fc2fa1fa3d269c3aaf2492e50744231102caf7e7e	1841998	eligible	ASV_edbf0d2ed657bfae	6	6322816	GCF_055755015.1.fna.gz
GCF_022870905.1	1470200	1470200	Neisseria arctica	reference genome	Complete Genome	2378219	airway_prioritized	0	biological	https://ftp.ncbi.nlm.nih.gov/genomes/all/GCF/022/870/905/GCF_022870905.1_ASM2287090v1/GCF_022870905.1_ASM2287090v1_genomic.fna.gz	https://ftp.ncbi.nlm.nih.gov/genomes/all/GCF/022/870/905/GCF_022870905.1_ASM2287090v1/md5checksums.txt	Bacteria	Pseudomonadota	Betaproteobacteria	Neisseriales	Neisseriaceae	Neisseria	Neisseria arctica	243b45b8baf84714c431f72a4786417d	e63e107c768c97a47898354ada88d5b74b6ccfb80ac50f2741775a8c327bd5f6	701610	eligible	ASV_e93a0c076f2a7594	4	2378219	GCF_022870905.1.fna.gz
GCF_000183385.1	289397	28903	Mycoplasmopsis bovis PG45	reference genome	Complete Genome	1003404	airway_prioritized	0	biological	https://ftp.ncbi.nlm.nih.gov/genomes/all/GCF/000/183/385/GCF_000183385.1_ASM18338v1/GCF_000183385.1_ASM18338v1_genomic.fna.gz	https://ftp.ncbi.nlm.nih.gov/genomes/all/GCF/000/183/385/GCF_000183385.1_ASM18338v1/md5checksums.txt	Bacteria	Mycoplasmatota		Mycoplasmoidales	Metamycoplasmataceae	Mycoplasmopsis	Mycoplasmopsis bovis	b4d50b309b8ab5e261e18ffa4778ffdc	7059bd1515e18354332272c693539fb692f9a6d950d9e754d0b2474e356d45da	282966	eligible	ASV_6996deccf67855e0	2	1003404	GCF_000183385.1.fna.gz
GCF_030291055.1	3051116	3051116	Stenotrophomonas sp. As-6	na	Complete Genome	4738657	airway_prioritized	0	biological	https://ftp.ncbi.nlm.nih.gov/genomes/all/GCF/030/291/055/GCF_030291055.1_ASM3029105v1/GCF_030291055.1_ASM3029105v1_genomic.fna.gz	https://ftp.ncbi.nlm.nih.gov/genomes/all/GCF/030/291/055/GCF_030291055.1_ASM3029105v1/md5checksums.txt	Bacteria	Pseudomonadota	Gammaproteobacteria	Lysobacterales	Lysobacteraceae	Stenotrophomonas	Stenotrophomonas sp. As-6	dc43f358ace5ba2d2fed8b5f5eb285c3	595e2a1c50deb2c8ead512f32c6429b832286a80cafabe05d006fdbd506662a0	1350945	eligible	ASV_d4862787aaee0d9a	4	4738657	GCF_030291055.1.fna.gz
GCF_057748235.1	3711999	3711999	Streptococcus sp. ZY171113	na	Complete Genome	2259572	airway_prioritized	0	biological	https://ftp.ncbi.nlm.nih.gov/genomes/all/GCF/057/748/235/GCF_057748235.1_ASM5774823v1/GCF_057748235.1_ASM5774823v1_genomic.fna.gz	https://ftp.ncbi.nlm.nih.gov/genomes/all/GCF/057/748/235/GCF_057748235.1_ASM5774823v1/md5checksums.txt	Bacteria	Bacillota	Bacilli	Lactobacillales	Streptococcaceae	Streptococcus	Streptococcus sp. ZY171113	4a66c2fe6023465548be5b8d299a80f8	ee5afde4ce1e595158c59dcc77a32f677f8fb47ad3e5ae933ea99c2e76a1ae0a	663101	eligible	ASV_fa52cad51d1a38c6	6	2259572	GCF_057748235.1.fna.gz
GCF_008245045.1	1031542	1031542	Campylobacter volucris	reference genome	Complete Genome	1532062	airway_prioritized	0	biological	https://ftp.ncbi.nlm.nih.gov/genomes/all/GCF/008/245/045/GCF_008245045.1_ASM824504v1/GCF_008245045.1_ASM824504v1_genomic.fna.gz	https://ftp.ncbi.nlm.nih.gov/genomes/all/GCF/008/245/045/GCF_008245045.1_ASM824504v1/md5checksums.txt	Bacteria	Campylobacterota	Epsilonproteobacteria	Campylobacterales	Campylobacteraceae	Campylobacter	Campylobacter volucris	643b94a19b4fe7d0f22471ee17405af1	9a5cfbae4dd2204b3efdad6e9b1c16a407876314e3bf2f37d748c3fc76a26fd6	429628	eligible	ASV_e3b2e886998591b3	3	1532062	GCF_008245045.1.fna.gz
GCF_013267355.1	1353889	1353889	Achromobacter pestifer	na	Complete Genome	7177303	airway_prioritized	0	biological	https://ftp.ncbi.nlm.nih.gov/genomes/all/GCF/013/267/355/GCF_013267355.1_ASM1326735v1/GCF_013267355.1_ASM1326735v1_genomic.fna.gz	https://ftp.ncbi.nlm.nih.gov/genomes/all/GCF/013/267/355/GCF_013267355.1_ASM1326735v1/md5checksums.txt	Bacteria	Pseudomonadota	Betaproteobacteria	Burkholderiales	Alcaligenaceae	Achromobacter	Achromobacter pestifer	a49870ebf62deb18ece4611af8f48bac	e12d0224899fd7db8ef11964c0f669c4a474459cedd6bc2288329c48969b941d	2057630	eligible	ASV_773c42ddcc656fe1	4	7177303	GCF_013267355.1.fna.gz
GCF_008153345.1	162	162	Treponema phagedenis	reference genome	Complete Genome	3372116	airway_prioritized	0	biological	https://ftp.ncbi.nlm.nih.gov/genomes/all/GCF/008/153/345/GCF_008153345.1_ASM815334v1/GCF_008153345.1_ASM815334v1_genomic.fna.gz	https://ftp.ncbi.nlm.nih.gov/genomes/all/GCF/008/153/345/GCF_008153345.1_ASM815334v1/md5checksums.txt	Bacteria	Spirochaetota	Spirochaetia	Treponematales	Treponemataceae	Treponema	Treponema phagedenis	96b3adf7fa9c61281900c0721081167d	1da53a9e6065135b973337564f3a8c45b425332c5c052acf58035cca70539068	983165	eligible	ASV_c50dccf3a88bf20a	2	3372116	GCF_008153345.1.fna.gz
GCF_002776555.1	2005262	2005262	Candidatus Legionella polyplacis	reference genome	Complete Genome	529746	airway_prioritized	0	biological	https://ftp.ncbi.nlm.nih.gov/genomes/all/GCF/002/776/555/GCF_002776555.1_ASM277655v1/GCF_002776555.1_ASM277655v1_genomic.fna.gz	https://ftp.ncbi.nlm.nih.gov/genomes/all/GCF/002/776/555/GCF_002776555.1_ASM277655v1/md5checksums.txt	Bacteria	Pseudomonadota	Gammaproteobacteria	Legionellales	Legionellaceae	Legionella	Candidatus Legionella polyplacis	d4caa8c4868db21a8ccfb13d8a7937e8	6e691c88cc300d576722460cd76f11bd88ef3e5b82d7f8979d8c68279fd4c708	146671	eligible	ASV_49f7a601d015b166	1	529746	GCF_002776555.1.fna.gz
GCF_051053925.1	3117438	3117438	Mycoplasma sp. 06067-C1-B144P-99-0482-3	na	Complete Genome	1170184	airway_prioritized	0	biological	https://ftp.ncbi.nlm.nih.gov/genomes/all/GCF/051/053/925/GCF_051053925.1_ASM5105392v1/GCF_051053925.1_ASM5105392v1_genomic.fna.gz	https://ftp.ncbi.nlm.nih.gov/genomes/all/GCF/051/053/925/GCF_051053925.1_ASM5105392v1/md5checksums.txt	Bacteria	Mycoplasmatota	Mollicutes	Mycoplasmatales	Mycoplasmataceae	Mycoplasma	Mycoplasma sp. 06067-C1-B144P-99-0482-3	fa75cb97731bc4b845b8f0a135709385	7201574bd12556fe42f96aeca82c5e2d98e8197515104989f741d976b61c01bf	315136	eligible	ASV_418a2f3d0b97410b	2	1170184	GCF_051053925.1.fna.gz
GCF_963378095.1	3064286	3064286	[Mycobacterium] burgundiense	reference genome	Complete Genome	5453374	airway_prioritized	0	biological	https://ftp.ncbi.nlm.nih.gov/genomes/all/GCF/963/378/095/GCF_963378095.1_MU0053_Flye_MinION.2/GCF_963378095.1_MU0053_Flye_MinION.2_genomic.fna.gz	https://ftp.ncbi.nlm.nih.gov/genomes/all/GCF/963/378/095/GCF_963378095.1_MU0053_Flye_MinION.2/md5checksums.txt	Bacteria	Actinomycetota	Actinomycetes	Mycobacteriales	Mycobacteriaceae	Mycolicibacterium	[Mycobacterium] burgundiense	7f7adcb849ce22656502133d81474b3b	44c44228b5a3282cd5c6ae8c784092e4b01e7b02d861572b0fd4280982bf1273	1558319	eligible	ASV_989e1d73e6db0500	2	5453374	GCF_963378095.1.fna.gz
GCF_001021975.1	1324352	1324352	Chryseobacterium gallinarum	reference genome	Complete Genome	4633632	airway_prioritized	0	biological	https://ftp.ncbi.nlm.nih.gov/genomes/all/GCF/001/021/975/GCF_001021975.1_ASM102197v1/GCF_001021975.1_ASM102197v1_genomic.fna.gz	https://ftp.ncbi.nlm.nih.gov/genomes/all/GCF/001/021/975/GCF_001021975.1_ASM102197v1/md5checksums.txt	Bacteria	Bacteroidota	Flavobacteriia	Flavobacteriales	Weeksellaceae	Chryseobacterium	Chryseobacterium gallinarum	94bcf5eb5cc5654e0edbe8f08a908fa2	9a3e8be032c4b17508ddf5ea9f332f1e812f7093b1cf2574f0e09f70f3449bf9	1357465	eligible	ASV_0183f103f9e7ab16	6	4633632	GCF_001021975.1.fna.gz
GCF_028463985.1	2912188	2912188	Neisseria lisongii	reference genome	Complete Genome	2065000	airway_prioritized	0	biological	https://ftp.ncbi.nlm.nih.gov/genomes/all/GCF/028/463/985/GCF_028463985.1_ASM2846398v1/GCF_028463985.1_ASM2846398v1_genomic.fna.gz	https://ftp.ncbi.nlm.nih.gov/genomes/all/GCF/028/463/985/GCF_028463985.1_ASM2846398v1/md5checksums.txt	Bacteria	Pseudomonadota	Betaproteobacteria	Neisseriales	Neisseriaceae	Neisseria	Neisseria lisongii	cea6a5d3c3dc934f15c6c3980ce8259d	b72701cf6557dbcb4d7dc0f90f8f644fb207b3c226fb4370907f0e6f591ee903	596831	eligible	ASV_1b6663af3f7fab47	4	2065000	GCF_028463985.1.fna.gz
GCF_001547975.1	2094	2094	Mycoplasmopsis arginini	reference genome	Complete Genome	678592	airway_prioritized	0	biological	https://ftp.ncbi.nlm.nih.gov/genomes/all/GCF/001/547/975/GCF_001547975.1_ASM154797v1/GCF_001547975.1_ASM154797v1_genomic.fna.gz	https://ftp.ncbi.nlm.nih.gov/genomes/all/GCF/001/547/975/GCF_001547975.1_ASM154797v1/md5checksums.txt	Bacteria	Mycoplasmatota		Mycoplasmoidales	Metamycoplasmataceae	Mycoplasmopsis	Mycoplasmopsis arginini	2f92454db136c073348cf1c4917a39cf	f800294eb37714a1d46c6c1152c928ccaf2068bd4d55c947ecf7197b99a5a2ad	191357	eligible	ASV_31095ba0a46d81ba	2	678592	GCF_001547975.1.fna.gz
GCF_002076915.1	1960083	1960083	Actinomyces gaoshouyii	reference genome	Complete Genome	2359360	airway_prioritized	0	biological	https://ftp.ncbi.nlm.nih.gov/genomes/all/GCF/002/076/915/GCF_002076915.1_ASM207691v1/GCF_002076915.1_ASM207691v1_genomic.fna.gz	https://ftp.ncbi.nlm.nih.gov/genomes/all/GCF/002/076/915/GCF_002076915.1_ASM207691v1/md5checksums.txt	Bacteria	Actinomycetota	Actinomycetes	Actinomycetales	Actinomycetaceae	Actinomyces	Actinomyces gaoshouyii	01e0716a66c485448aa90dddfec91c47	ec2a3c24a219e52c76f9113c029e2e5a11de531ac6febc4d0517a16b5efb5291	663931	eligible	ASV_fa210e6652dab69c	3	2359360	GCF_002076915.1.fna.gz
GCF_013201605.1	1848766	1848766	Campylobacter ornithocola	reference genome	Complete Genome	1644930	airway_prioritized	0	biological	https://ftp.ncbi.nlm.nih.gov/genomes/all/GCF/013/201/605/GCF_013201605.1_ASM1320160v1/GCF_013201605.1_ASM1320160v1_genomic.fna.gz	https://ftp.ncbi.nlm.nih.gov/genomes/all/GCF/013/201/605/GCF_013201605.1_ASM1320160v1/md5checksums.txt	Bacteria	Campylobacterota	Epsilonproteobacteria	Campylobacterales	Campylobacteraceae	Campylobacter	Campylobacter ornithocola	2bc1c4d686d82980ad11feb6c43dc777	ba0b1452d92ed38c33748d8364c144b3867d861f9df98f395d95a15444ec2eb2	464227	eligible	ASV_74a7c2fcc4849d86	3	1644930	GCF_013201605.1.fna.gz
GCF_019645835.1	1226752	152142	Mycolicibacterium holsaticum DSM 44478 = JCM 12374	reference genome	Complete Genome	5623714	airway_prioritized	0	biological	https://ftp.ncbi.nlm.nih.gov/genomes/all/GCF/019/645/835/GCF_019645835.1_ASM1964583v1/GCF_019645835.1_ASM1964583v1_genomic.fna.gz	https://ftp.ncbi.nlm.nih.gov/genomes/all/GCF/019/645/835/GCF_019645835.1_ASM1964583v1/md5checksums.txt	Bacteria	Actinomycetota	Actinomycetes	Mycobacteriales	Mycobacteriaceae	Mycolicibacterium	Mycolicibacterium holsaticum	f4a1cae973fc959b812796e9aebf4814	607a560df3c1e254662cb2074937d84151f23fc5bf5fbaeff2aa02e5bbd4f71e	1609511	eligible	ASV_f4fbd95456271b82	2	5623714	GCF_019645835.1.fna.gz
GCF_900637185.1	1824	1824	Nocardia asteroides	reference genome	Complete Genome	6983363	airway_prioritized	0	biological	https://ftp.ncbi.nlm.nih.gov/genomes/all/GCF/900/637/185/GCF_900637185.1_49867_H01/GCF_900637185.1_49867_H01_genomic.fna.gz	https://ftp.ncbi.nlm.nih.gov/genomes/all/GCF/900/637/185/GCF_900637185.1_49867_H01/md5checksums.txt	Bacteria	Actinomycetota	Actinomycetes	Mycobacteriales	Nocardiaceae	Nocardia	Nocardia asteroides	80de325a43772c4d8837557f64adab14	d041a34a55b364338c05a12d3a1ee9dd2fe2c79b4af6bad26d9627684516761c	1963446	eligible	ASV_6cd987a3376e7412	5	6983363	GCF_900637185.1.fna.gz
GCF_003584725.1	1008298	1769	Mycobacterium leprae Kyoto-2	reference genome	Complete Genome	3268122	airway_prioritized	0	biological	https://ftp.ncbi.nlm.nih.gov/genomes/all/GCF/003/584/725/GCF_003584725.1_ASM358472v1/GCF_003584725.1_ASM358472v1_genomic.fna.gz	https://ftp.ncbi.nlm.nih.gov/genomes/all/GCF/003/584/725/GCF_003584725.1_ASM358472v1/md5checksums.txt	Bacteria	Actinomycetota	Actinomycetes	Mycobacteriales	Mycobacteriaceae	Mycobacterium	Mycobacterium leprae	e1e8de3fae06f8cc909167bdf238c2fc	7e9f742b1f82e65a947f2c694f438cd3f57a644ab4872257600df02ef3edaa55	975599	eligible	ASV_40cec01a1227ec8a	1	3268122	GCF_003584725.1.fna.gz
GCF_000186005.1	943945	2115	Mycoplasmopsis fermentans M64	reference genome	Complete Genome	1118751	airway_prioritized	0	biological	https://ftp.ncbi.nlm.nih.gov/genomes/all/GCF/000/186/005/GCF_000186005.1_ASM18600v1/GCF_000186005.1_ASM18600v1_genomic.fna.gz	https://ftp.ncbi.nlm.nih.gov/genomes/all/GCF/000/186/005/GCF_000186005.1_ASM18600v1/md5checksums.txt	Bacteria	Mycoplasmatota		Mycoplasmoidales	Metamycoplasmataceae	Mycoplasmopsis	Mycoplasmopsis fermentans	63676a185d44c2f6896f92f7593781e7	1a9651d904259bbc46f3bf6a839221f8f02fc5d04e499250860fc0ac203a0dbb	314876	eligible	ASV_b387bee0136a1a14	2	1118751	GCF_000186005.1.fna.gz
GCF_056480965.1	3447207	3447207	Stenotrophomonas sp. 95824_Sma	na	Complete Genome	4874655	airway_prioritized	0	biological	https://ftp.ncbi.nlm.nih.gov/genomes/all/GCF/056/480/965/GCF_056480965.1_ASM5648096v1/GCF_056480965.1_ASM5648096v1_genomic.fna.gz	https://ftp.ncbi.nlm.nih.gov/genomes/all/GCF/056/480/965/GCF_056480965.1_ASM5648096v1/md5checksums.txt	Bacteria	Pseudomonadota	Gammaproteobacteria	Lysobacterales	Lysobacteraceae	Stenotrophomonas	Stenotrophomonas sp. 95824_Sma	b930e2f8ab21753f9d0584aabab11a97	c5c88a865f401137e47edcce9a7ea9d6fc7de8919a26ec9717dfb0254d597774	1387772	eligible	ASV_c5467b4bd7cf9320	4	4874655	GCF_056480965.1.fna.gz
GCF_014595995.2	2744574	2744574	Actinomyces respiraculi	reference genome	Complete Genome	2912106	airway_prioritized	0	biological	https://ftp.ncbi.nlm.nih.gov/genomes/all/GCF/014/595/995/GCF_014595995.2_ASM1459599v2/GCF_014595995.2_ASM1459599v2_genomic.fna.gz	https://ftp.ncbi.nlm.nih.gov/genomes/all/GCF/014/595/995/GCF_014595995.2_ASM1459599v2/md5checksums.txt	Bacteria	Actinomycetota	Actinomycetes	Actinomycetales	Actinomycetaceae	Actinomyces	Actinomyces respiraculi	df0a7310ca01a6f0579fc78e778fc638	bf224a789b2d781a2d85a2e2056bb3712238433fa335b91e6ffde9d86b1101ed	820531	eligible	ASV_081276fac3bffd24	3	2912106	GCF_014595995.2.fna.gz
GCF_014844995.1	2598457	2598457	Streptococcus sp. KS 6	na	Complete Genome	1951018	airway_prioritized	0	biological	https://ftp.ncbi.nlm.nih.gov/genomes/all/GCF/014/844/995/GCF_014844995.1_ASM1484499v1/GCF_014844995.1_ASM1484499v1_genomic.fna.gz	https://ftp.ncbi.nlm.nih.gov/genomes/all/GCF/014/844/995/GCF_014844995.1_ASM1484499v1/md5checksums.txt	Bacteria	Bacillota	Bacilli	Lactobacillales	Streptococcaceae	Streptococcus	Streptococcus sp. KS 6	3f37bf62f274c4a38eba87d7a7f5e9d4	24e9d8e9b017ce61165e8dae7b7b654648c31da2195deaa4ce439dc641dacbb2	577429	eligible	ASV_6cb0e11c7b054f83	4	1951018	GCF_014844995.1.fna.gz
GCF_017161305.1	744515	744515	Treponema ruminis	na	Complete Genome	2895582	airway_prioritized	0	biological	https://ftp.ncbi.nlm.nih.gov/genomes/all/GCF/017/161/305/GCF_017161305.1_ASM1716130v1/GCF_017161305.1_ASM1716130v1_genomic.fna.gz	https://ftp.ncbi.nlm.nih.gov/genomes/all/GCF/017/161/305/GCF_017161305.1_ASM1716130v1/md5checksums.txt	Bacteria	Spirochaetota	Spirochaetia	Treponematales	Treponemataceae	Treponema	Treponema ruminis	9158094b7691a0a4c83eb309efb0d4d7	54a66cbadd002b9fd86aee6f7e173a3598baeaa0fd4f318333e6f879bc03e292	855448	eligible	ASV_a99f5af2efde80ac	1	2895582	GCF_017161305.1.fna.gz
GCF_011801145.1	228602	228602	Nocardia arthritidis	na	Complete Genome	10014015	airway_prioritized	0	biological	https://ftp.ncbi.nlm.nih.gov/genomes/all/GCF/011/801/145/GCF_011801145.1_ASM1180114v1/GCF_011801145.1_ASM1180114v1_genomic.fna.gz	https://ftp.ncbi.nlm.nih.gov/genomes/all/GCF/011/801/145/GCF_011801145.1_ASM1180114v1/md5checksums.txt	Bacteria	Actinomycetota	Actinomycetes	Mycobacteriales	Nocardiaceae	Nocardia	Nocardia arthritidis	ff993d2fbda5db0d7f2b5e94bb5c1a9d	a8b65299a4eb80f6d38f950e91bb79674f3e8233190043e56f8ab41a2d704594	2863144	eligible	ASV_2df29c94d5e56a62	3	10014015	GCF_011801145.1.fna.gz
GCF_014852575.3	2769254	2769254	Pseudomonas sp. PDM20	na	Complete Genome	6701117	airway_prioritized	0	biological	https://ftp.ncbi.nlm.nih.gov/genomes/all/GCF/014/852/575/GCF_014852575.3_ASM1485257v3/GCF_014852575.3_ASM1485257v3_genomic.fna.gz	https://ftp.ncbi.nlm.nih.gov/genomes/all/GCF/014/852/575/GCF_014852575.3_ASM1485257v3/md5checksums.txt	Bacteria	Pseudomonadota	Gammaproteobacteria	Pseudomonadales	Pseudomonadaceae	Pseudomonas	Pseudomonas sp. PDM20	bd0dcc26a868e07c2e211a70b474450f	3eb5a1dc32260bcfb62e34b87b7789d08b7f9cd09d94e1e7f42a9830abb94ec3	1920745	eligible	ASV_b62581c68724d079	5	6701117	GCF_014852575.3.fna.gz
GCF_000442645.1	1224163	575200	Corynebacterium maris DSM 45190	reference genome	Complete Genome	2833547	airway_prioritized	0	biological	https://ftp.ncbi.nlm.nih.gov/genomes/all/GCF/000/442/645/GCF_000442645.1_ASM44264v1/GCF_000442645.1_ASM44264v1_genomic.fna.gz	https://ftp.ncbi.nlm.nih.gov/genomes/all/GCF/000/442/645/GCF_000442645.1_ASM44264v1/md5checksums.txt	Bacteria	Actinomycetota	Actinomycetes	Mycobacteriales	Corynebacteriaceae	Corynebacterium	Corynebacterium maris	6a3720422f41370501016bf7c5a9a4ab	a0cf137c41b54690c5f9bfa1acdd510ca91993f33b1bba27cf00dac6a194a2fb	817790	eligible	ASV_71ff8311fbdf5d17	4	2833547	GCF_000442645.1.fna.gz
GCF_001655245.1	1354275	1810	Mycolicibacterium vaccae 95051	reference genome	Complete Genome	6235754	airway_prioritized	0	biological	https://ftp.ncbi.nlm.nih.gov/genomes/all/GCF/001/655/245/GCF_001655245.1_ASM165524v1/GCF_001655245.1_ASM165524v1_genomic.fna.gz	https://ftp.ncbi.nlm.nih.gov/genomes/all/GCF/001/655/245/GCF_001655245.1_ASM165524v1/md5checksums.txt	Bacteria	Actinomycetota	Actinomycetes	Mycobacteriales	Mycobacteriaceae	Mycolicibacterium	Mycolicibacterium vaccae	69ff9d2f79e8a8728ecefb19d64980de	4cb24195b10a3635caf7262b02e2798bf67f482f544fb3c8ea43a869fbbd1160	1771341	eligible	ASV_4ed8129006fa4fd4	2	6235754	GCF_001655245.1.fna.gz
GCF_000523235.1	1415166	37330	Nocardia nova SH22a	na	Complete Genome	8348532	airway_prioritized	0	biological	https://ftp.ncbi.nlm.nih.gov/genomes/all/GCF/000/523/235/GCF_000523235.1_ASM52323v1/GCF_000523235.1_ASM52323v1_genomic.fna.gz	https://ftp.ncbi.nlm.nih.gov/genomes/all/GCF/000/523/235/GCF_000523235.1_ASM52323v1/md5checksums.txt	Bacteria	Actinomycetota	Actinomycetes	Mycobacteriales	Nocardiaceae	Nocardia	Nocardia nova	a5b23e11d43f24a2f11e3eabd34bf727	e1cbe608f1229c03cd345895ad485d5b60ca0c97fb9a2a00997b74574236fabf	2378571	eligible	ASV_c15173823e7ff9aa	3	8348532	GCF_000523235.1.fna.gz
GCF_002238335.1	522484	522485	Campylobacter avium LMG 24591	reference genome	Complete Genome	1738633	airway_prioritized	0	biological	https://ftp.ncbi.nlm.nih.gov/genomes/all/GCF/002/238/335/GCF_002238335.1_ASM223833v1/GCF_002238335.1_ASM223833v1_genomic.fna.gz	https://ftp.ncbi.nlm.nih.gov/genomes/all/GCF/002/238/335/GCF_002238335.1_ASM223833v1/md5checksums.txt	Bacteria	Campylobacterota	Epsilonproteobacteria	Campylobacterales	Campylobacteraceae	Campylobacter	Campylobacter avium	07216971aa5609897c500527d1a3ff30	8db6a612dadf9b945f131bead8a31a5a72cde0f0751a59330dfb3e1e7288bbfe	497254	eligible	ASV_fd1b8e2937085bfc	2	1738633	GCF_002238335.1.fna.gz
GCF_024181325.1	1659192	1659192	Treponema sp. OMZ 305	na	Complete Genome	2629551	airway_prioritized	0	biological	https://ftp.ncbi.nlm.nih.gov/genomes/all/GCF/024/181/325/GCF_024181325.1_ASM2418132v1/GCF_024181325.1_ASM2418132v1_genomic.fna.gz	https://ftp.ncbi.nlm.nih.gov/genomes/all/GCF/024/181/325/GCF_024181325.1_ASM2418132v1/md5checksums.txt	Bacteria	Spirochaetota	Spirochaetia	Treponematales	Treponemataceae	Treponema	Treponema sp. OMZ 305	8212270b8faa7e266ec37782524bd8ca	dfa7ecc958414909de426b700c941df19a05b2ca540f50f818e07fd5cdf2f8e8	773763	eligible	ASV_57606ba8460fbd1a	2	2629551	GCF_024181325.1.fna.gz
GCF_010731115.1	319706	319706	Mycolicibacterium phocaicum	reference genome	Complete Genome	5853197	airway_prioritized	0	biological	https://ftp.ncbi.nlm.nih.gov/genomes/all/GCF/010/731/115/GCF_010731115.1_ASM1073111v1/GCF_010731115.1_ASM1073111v1_genomic.fna.gz	https://ftp.ncbi.nlm.nih.gov/genomes/all/GCF/010/731/115/GCF_010731115.1_ASM1073111v1/md5checksums.txt	Bacteria	Actinomycetota	Actinomycetes	Mycobacteriales	Mycobacteriaceae	Mycolicibacterium	Mycolicibacterium phocaicum	39be988bb7ac557c8790766b6321d76e	e256bdae3d1bf8f331b0d0a32f9859094ae8ea332c45309228aad8e52ff93b59	1679112	eligible	ASV_ba766a82739860ac	2	5853197	GCF_010731115.1.fna.gz
GCF_036327755.1	2975997	2975997	Nocardia sp. NBC_01503	na	Complete Genome	8525035	airway_prioritized	0	biological	https://ftp.ncbi.nlm.nih.gov/genomes/all/GCF/036/327/755/GCF_036327755.1_ASM3632775v1/GCF_036327755.1_ASM3632775v1_genomic.fna.gz	https://ftp.ncbi.nlm.nih.gov/genomes/all/GCF/036/327/755/GCF_036327755.1_ASM3632775v1/md5checksums.txt	Bacteria	Actinomycetota	Actinomycetes	Mycobacteriales	Nocardiaceae	Nocardia	Nocardia sp. NBC_01503	f648a35899f97e5b471b839c89292a49	d83c0bf7319b9936fb1b513d42d3572e243f2e5b92fc1c2c6fd0971e5454422c	2453040	eligible	ASV_356da4841f639456	4	8525035	GCF_036327755.1.fna.gz
GCF_002216145.1	1853278	1853278	Neisseria chenwenguii	reference genome	Complete Genome	2496444	airway_prioritized	0	biological	https://ftp.ncbi.nlm.nih.gov/genomes/all/GCF/002/216/145/GCF_002216145.1_ASM221614v1/GCF_002216145.1_ASM221614v1_genomic.fna.gz	https://ftp.ncbi.nlm.nih.gov/genomes/all/GCF/002/216/145/GCF_002216145.1_ASM221614v1/md5checksums.txt	Bacteria	Pseudomonadota	Betaproteobacteria	Neisseriales	Neisseriaceae	Neisseria	Neisseria chenwenguii	923e211a2815d823c78c2acce7690e1c	eaa3754c25654bb0f21cb4a325be974579759b5e651e516c209aed996a09c655	724519	eligible	ASV_fb0459398bb6b8ff	4	2496444	GCF_002216145.1.fna.gz
GCF_054086365.1	29557	29557	Mycoplasmopsis gallinarum	na	Complete Genome	850126	airway_prioritized	0	biological	https://ftp.ncbi.nlm.nih.gov/genomes/all/GCF/054/086/365/GCF_054086365.1_ASM5408636v1/GCF_054086365.1_ASM5408636v1_genomic.fna.gz	https://ftp.ncbi.nlm.nih.gov/genomes/all/GCF/054/086/365/GCF_054086365.1_ASM5408636v1/md5checksums.txt	Bacteria	Mycoplasmatota		Mycoplasmoidales	Metamycoplasmataceae	Mycoplasmopsis	Mycoplasmopsis gallinarum	eee216f0d5b1daa83ee152a705b470dc	e0ccc0ee002b48ad812a24ae7c82ebb881dd773e62181867c38e1e6063730881	236432	eligible	ASV_4a226be8a9c37805	2	850126	GCF_054086365.1.fna.gz
GCF_046717445.1	3391431	3391431	Corynebacterium sp. LaCa97	na	Complete Genome	2575625	airway_prioritized	0	biological	https://ftp.ncbi.nlm.nih.gov/genomes/all/GCF/046/717/445/GCF_046717445.1_LaCa97_v1/GCF_046717445.1_LaCa97_v1_genomic.fna.gz	https://ftp.ncbi.nlm.nih.gov/genomes/all/GCF/046/717/445/GCF_046717445.1_LaCa97_v1/md5checksums.txt	Bacteria	Actinomycetota	Actinomycetes	Mycobacteriales	Corynebacteriaceae	Corynebacterium	Corynebacterium sp. LaCa97	c9183ff155895a577b55aeb26479bff8	eb2c3f9810160b6dee2bd17f0eade65f686dcbea641523104a6b494bdf75b594	761476	eligible	ASV_714de54657f178c9	4	2575625	GCF_046717445.1.fna.gz
GCF_055386095.1	3701384	3701384	Streptococcus sp. STR1/CE/0325	na	Complete Genome	1848427	airway_prioritized	0	biological	https://ftp.ncbi.nlm.nih.gov/genomes/all/GCF/055/386/095/GCF_055386095.1_ASM5538609v1/GCF_055386095.1_ASM5538609v1_genomic.fna.gz	https://ftp.ncbi.nlm.nih.gov/genomes/all/GCF/055/386/095/GCF_055386095.1_ASM5538609v1/md5checksums.txt	Bacteria	Bacillota	Bacilli	Lactobacillales	Streptococcaceae	Streptococcus	Streptococcus sp. STR1/CE/0325	681a1956b525434a1def574d1031beae	11e18d6d9d362e97255eaefb9dd60c704d00589ce3eb2d1f67c705aa0bbbd351	542247	eligible	ASV_04ec8eef4f579c0e	6	1848427	GCF_055386095.1.fna.gz
GCF_050858985.1	2986820	2986820	Burkholderia sp. M6-3	na	Complete Genome	8155157	airway_prioritized	0	biological	https://ftp.ncbi.nlm.nih.gov/genomes/all/GCF/050/858/985/GCF_050858985.1_ASM5085898v1/GCF_050858985.1_ASM5085898v1_genomic.fna.gz	https://ftp.ncbi.nlm.nih.gov/genomes/all/GCF/050/858/985/GCF_050858985.1_ASM5085898v1/md5checksums.txt	Bacteria	Pseudomonadota	Betaproteobacteria	Burkholderiales	Burkholderiaceae	Burkholderia	Burkholderia sp. M6-3	e30e1bb5aebd4e0e3e882e843e2ca118	45b982f18e66ac3a2eb0f7a7c12cff5601552be528b738658bf99aa9ada1abd5	2386625	eligible	ASV_7730e223c2be0afb	6	8155157	GCF_050858985.1.fna.gz
GCF_000816785.1	1388753	488546	Campylobacter peloridis LMG 23910	reference genome	Complete Genome	1762793	airway_prioritized	0	biological	https://ftp.ncbi.nlm.nih.gov/genomes/all/GCF/000/816/785/GCF_000816785.1_ASM81678v1/GCF_000816785.1_ASM81678v1_genomic.fna.gz	https://ftp.ncbi.nlm.nih.gov/genomes/all/GCF/000/816/785/GCF_000816785.1_ASM81678v1/md5checksums.txt	Bacteria	Campylobacterota	Epsilonproteobacteria	Campylobacterales	Campylobacteraceae	Campylobacter	Campylobacter peloridis	ce3f950629aaf7420c67551134d26d9b	2e566ff136f1a78b7c7780a33a561a2eea441928b3478a222999d4cf59cb30fe	480245	eligible	ASV_2bb557d9dd37c77d	3	1762793	GCF_000816785.1.fna.gz
GCF_000212415.1	906968	81028	Treponema brennaborense DSM 12168	reference genome	Complete Genome	3055580	airway_prioritized	0	biological	https://ftp.ncbi.nlm.nih.gov/genomes/all/GCF/000/212/415/GCF_000212415.1_ASM21241v1/GCF_000212415.1_ASM21241v1_genomic.fna.gz	https://ftp.ncbi.nlm.nih.gov/genomes/all/GCF/000/212/415/GCF_000212415.1_ASM21241v1/md5checksums.txt	Bacteria	Spirochaetota	Spirochaetia	Treponematales	Treponemataceae	Treponema	Treponema brennaborense	ac18cdc8e67bbd0eba4238c603f36401	e8c8aa846e9f3216e207cc4aca9966ec18ba349d6a2a11997a12ac493caaedc9	889990	eligible	ASV_e6a253aff7ddd7cd	4	3055580	GCF_000212415.1.fna.gz
GCF_010731535.1	169765	169765	Mycobacterium lacus	reference genome	Complete Genome	5092988	airway_prioritized	0	biological	https://ftp.ncbi.nlm.nih.gov/genomes/all/GCF/010/731/535/GCF_010731535.1_ASM1073153v1/GCF_010731535.1_ASM1073153v1_genomic.fna.gz	https://ftp.ncbi.nlm.nih.gov/genomes/all/GCF/010/731/535/GCF_010731535.1_ASM1073153v1/md5checksums.txt	Bacteria	Actinomycetota	Actinomycetes	Mycobacteriales	Mycobacteriaceae	Mycobacterium	Mycobacterium lacus	13e4cbfe32fde07687572a541b795f13	4ec85038ab2ad2516a0830013caa195c91c6f1a33192ff6d72e0c6e936b276be	1460369	eligible	ASV_33c452ea2ca27e60	1	5092988	GCF_010731535.1.fna.gz
GCF_053852345.1	3469223	3469223	Acinetobacter sp. T63	na	Complete Genome	3127625	airway_prioritized	0	biological	https://ftp.ncbi.nlm.nih.gov/genomes/all/GCF/053/852/345/GCF_053852345.1_ASM5385234v1/GCF_053852345.1_ASM5385234v1_genomic.fna.gz	https://ftp.ncbi.nlm.nih.gov/genomes/all/GCF/053/852/345/GCF_053852345.1_ASM5385234v1/md5checksums.txt	Bacteria	Pseudomonadota	Gammaproteobacteria	Moraxellales	Moraxellaceae	Acinetobacter	Acinetobacter sp. T63	349c44a2413193a763096274c4dc89d0	77892a09e6470f2f2ff8b0c3b2fc1bfd120b001001de4450ef7de7e1464664fb	925459	eligible	ASV_0116006e9eb2af5b	7	3127625	GCF_053852345.1.fna.gz
GCF_900660525.1	2112	2112	Mycoplasmopsis bovigenitalium	reference genome	Complete Genome	841512	airway_prioritized	0	biological	https://ftp.ncbi.nlm.nih.gov/genomes/all/GCF/900/660/525/GCF_900660525.1_50861_G01-3/GCF_900660525.1_50861_G01-3_genomic.fna.gz	https://ftp.ncbi.nlm.nih.gov/genomes/all/GCF/900/660/525/GCF_900660525.1_50861_G01-3/md5checksums.txt	Bacteria	Mycoplasmatota		Mycoplasmoidales	Metamycoplasmataceae	Mycoplasmopsis	Mycoplasmopsis bovigenitalium	4f8061c32dfd1a8f00b8f2e631fefee3	ca074ff63f647eb34c84dd264f7c2ede9878d860531f1271159a24b62b62db89	239205	eligible	ASV_52f7e7c49f14a3c2	2	841512	GCF_900660525.1.fna.gz
GCF_028335765.1	3020829	3020829	Streptococcus sp. HN38	na	Complete Genome	2527566	airway_prioritized	0	biological	https://ftp.ncbi.nlm.nih.gov/genomes/all/GCF/028/335/765/GCF_028335765.1_ASM2833576v1/GCF_028335765.1_ASM2833576v1_genomic.fna.gz	https://ftp.ncbi.nlm.nih.gov/genomes/all/GCF/028/335/765/GCF_028335765.1_ASM2833576v1/md5checksums.txt	Bacteria	Bacillota	Bacilli	Lactobacillales	Streptococcaceae	Streptococcus	Streptococcus sp. HN38	a72e81cb43146ae770a4ba2450eb6c8a	d3ecd721c5f2184c4ccbfee92d553e29705535adb191cbd5f5477de64ca46fad	745762	eligible	ASV_46eb90a7ee483da0	4	2527566	GCF_028335765.1.fna.gz
GCF_900476175.1	2123	2123	Mycoplasma putrefaciens	reference genome	Complete Genome	832598	airway_prioritized	0	biological	https://ftp.ncbi.nlm.nih.gov/genomes/all/GCF/900/476/175/GCF_900476175.1_50648_D01/GCF_900476175.1_50648_D01_genomic.fna.gz	https://ftp.ncbi.nlm.nih.gov/genomes/all/GCF/900/476/175/GCF_900476175.1_50648_D01/md5checksums.txt	Bacteria	Mycoplasmatota	Mollicutes	Mycoplasmatales	Mycoplasmataceae	Mycoplasma	Mycoplasma putrefaciens	cf1350e2570e7a809e2c1479c80cfbea	e729cc0acbbabaea11557e92f74de93b11ac2bc0683dc6d7b8122a0df6a4378e	233759	eligible	ASV_a37fd5981f536d7e	2	832598	GCF_900476175.1.fna.gz
GCF_976989225.1	232216	232216	Chryseobacterium koreense	na	Complete Genome	2992377	airway_prioritized	0	biological	https://ftp.ncbi.nlm.nih.gov/genomes/all/GCF/976/989/225/GCF_976989225.1_Chryseobacterium_sp._R-91772_assembly/GCF_976989225.1_Chryseobacterium_sp._R-91772_assembly_genomic.fna.gz	https://ftp.ncbi.nlm.nih.gov/genomes/all/GCF/976/989/225/GCF_976989225.1_Chryseobacterium_sp._R-91772_assembly/md5checksums.txt	Bacteria	Bacteroidota	Flavobacteriia	Flavobacteriales	Weeksellaceae	Chryseobacterium	Chryseobacterium koreense	505893547d1866f6ffa3e4c7f8e72213	0b60c0e41a0c23928d9a2069124b5f53ecd95d30cca62953428199af82f2b9a1	877015	eligible	ASV_4ee842bb50d1ab5e	2	2992377	GCF_976989225.1.fna.gz
GCF_001886715.1	2213200	2213200	Nocardia mangyaensis	reference genome	Complete Genome	7310115	airway_prioritized	0	biological	https://ftp.ncbi.nlm.nih.gov/genomes/all/GCF/001/886/715/GCF_001886715.1_ASM188671v1/GCF_001886715.1_ASM188671v1_genomic.fna.gz	https://ftp.ncbi.nlm.nih.gov/genomes/all/GCF/001/886/715/GCF_001886715.1_ASM188671v1/md5checksums.txt	Bacteria	Actinomycetota	Actinomycetes	Mycobacteriales	Nocardiaceae	Nocardia	Nocardia mangyaensis	58b17bc114b8681b98e68d16d7b8760e	cac4acc04d1b8ecb2e56de62c59e76fb27cad361a4812e7ec866667d102a76dd	2079671	eligible	ASV_0eac2926e9922a25	3	7310115	GCF_001886715.1.fna.gz
GCF_016127595.1	285729	285729	Fusobacterium canifelinum	na	Complete Genome	2425164	airway_prioritized	1	biological	https://ftp.ncbi.nlm.nih.gov/genomes/all/GCF/016/127/595/GCF_016127595.1_ASM1612759v1/GCF_016127595.1_ASM1612759v1_genomic.fna.gz	https://ftp.ncbi.nlm.nih.gov/genomes/all/GCF/016/127/595/GCF_016127595.1_ASM1612759v1/md5checksums.txt	Bacteria	Fusobacteriota	Fusobacteriia	Fusobacteriales	Fusobacteriaceae	Fusobacterium	Fusobacterium canifelinum	cfa12855eaac4f6ea5807621c7d48c96	a01be43ff2b704a9fca1ccf26bdcbbfbefed996b201a94b5e9634a75cd23d5fd	675429	eligible	ASV_c7cf2972447d27c4	5	2425164	GCF_016127595.1.fna.gz
GCF_051132615.1	3140744	3140744	Neisseria sp. Ec49-e6-T10	na	Complete Genome	3199543	airway_prioritized	0	biological	https://ftp.ncbi.nlm.nih.gov/genomes/all/GCF/051/132/615/GCF_051132615.1_Ec49-e6T10/GCF_051132615.1_Ec49-e6T10_genomic.fna.gz	https://ftp.ncbi.nlm.nih.gov/genomes/all/GCF/051/132/615/GCF_051132615.1_Ec49-e6T10/md5checksums.txt	Bacteria	Pseudomonadota	Betaproteobacteria	Neisseriales	Neisseriaceae	Neisseria	Neisseria sp. Ec49-e6-T10	dfcf12a9f45db526b19f93f306b77672	4f8615b47a96adbbbffcb0ebd0cde27845e276735b5cbc6de1a0ba318623835e	937506	eligible	ASV_cd82e784a7bbc3b5	3	3199543	GCF_051132615.1.fna.gz
GCF_004216495.1	142650	142650	Mycoplasmopsis phocirhinis	reference genome	Complete Genome	865472	airway_prioritized	0	biological	https://ftp.ncbi.nlm.nih.gov/genomes/all/GCF/004/216/495/GCF_004216495.1_ASM421649v1/GCF_004216495.1_ASM421649v1_genomic.fna.gz	https://ftp.ncbi.nlm.nih.gov/genomes/all/GCF/004/216/495/GCF_004216495.1_ASM421649v1/md5checksums.txt	Bacteria	Mycoplasmatota		Mycoplasmoidales	Metamycoplasmataceae	Mycoplasmopsis	Mycoplasmopsis phocirhinis	2b93e9e55be7523d64968d58c1a3d96a	921109440381fbd4b5d051ae274d4b9387ea554bf30b7391411b3a97ca60eeb3	244568	eligible	ASV_53dab700f6bfc9f2	2	865472	GCF_004216495.1.fna.gz
GCF_024582715.1	2967301	2967301	Mycoplasma sp. 2045	na	Complete Genome	765084	airway_prioritized	0	biological	https://ftp.ncbi.nlm.nih.gov/genomes/all/GCF/024/582/715/GCF_024582715.1_ASM2458271v1/GCF_024582715.1_ASM2458271v1_genomic.fna.gz	https://ftp.ncbi.nlm.nih.gov/genomes/all/GCF/024/582/715/GCF_024582715.1_ASM2458271v1/md5checksums.txt	Bacteria	Mycoplasmatota	Mollicutes	Mycoplasmatales	Mycoplasmataceae	Mycoplasma	Mycoplasma sp. 2045	e387662fd6963c30d8c4ba1a8a7f27c7	bb615da07ca1c710c20995bbb19d6aa0b951788aaded0dd3cf958cad6200b4d5	215701	eligible	ASV_d9767ad1ed83ed3b	3	765084	GCF_024582715.1.fna.gz
GCF_023195755.1	1854498	1854498	Chryseobacterium nepalense	reference genome	Complete Genome	3989211	airway_prioritized	0	biological	https://ftp.ncbi.nlm.nih.gov/genomes/all/GCF/023/195/755/GCF_023195755.1_ASM2319575v1/GCF_023195755.1_ASM2319575v1_genomic.fna.gz	https://ftp.ncbi.nlm.nih.gov/genomes/all/GCF/023/195/755/GCF_023195755.1_ASM2319575v1/md5checksums.txt	Bacteria	Bacteroidota	Flavobacteriia	Flavobacteriales	Weeksellaceae	Chryseobacterium	Chryseobacterium nepalense	c37455b83c34d02b2f96bad9f7508c11	6dd9a8b84d260e1fd70bb67231abe6a6097bcc9eb0c9bf0814b0aba05bdafd9b	1168292	eligible	ASV_f396454852e828ee	5	3989211	GCF_023195755.1.fna.gz
GCF_050320175.1	3419766	3419766	Nocardia sp. FBN12	na	Complete Genome	7387917	airway_prioritized	0	biological	https://ftp.ncbi.nlm.nih.gov/genomes/all/GCF/050/320/175/GCF_050320175.1_ASM5032017v1/GCF_050320175.1_ASM5032017v1_genomic.fna.gz	https://ftp.ncbi.nlm.nih.gov/genomes/all/GCF/050/320/175/GCF_050320175.1_ASM5032017v1/md5checksums.txt	Bacteria	Actinomycetota	Actinomycetes	Mycobacteriales	Nocardiaceae	Nocardia	Nocardia sp. FBN12	ceed5af6f624901806fc0219a83ed776	0c25208fe35b7fe5aa8354d5e90950a231c20358e578235a701f22611d79725d	2112893	eligible	ASV_8f4e8eb11d235078	5	7387917	GCF_050320175.1.fna.gz
GCF_022870825.1	2912675	2912675	Neisseria sp. Dent CA1/247	na	Complete Genome	2749212	airway_prioritized	0	biological	https://ftp.ncbi.nlm.nih.gov/genomes/all/GCF/022/870/825/GCF_022870825.1_ASM2287082v1/GCF_022870825.1_ASM2287082v1_genomic.fna.gz	https://ftp.ncbi.nlm.nih.gov/genomes/all/GCF/022/870/825/GCF_022870825.1_ASM2287082v1/md5checksums.txt	Bacteria	Pseudomonadota	Betaproteobacteria	Neisseriales	Neisseriaceae	Neisseria	Neisseria sp. Dent CA1/247	816220f32c44f0089d7efa53bfb86495	ba26a9ae3b884196b78e3390a19961d2495c782d2b0df93a8c65d778da4a6124	803270	eligible	ASV_950d6ba90fc1d26b	4	2749212	GCF_022870825.1.fna.gz
GCF_900660665.1	114885	114885	Mycoplasmopsis maculosa	reference genome	Complete Genome	919297	airway_prioritized	0	biological	https://ftp.ncbi.nlm.nih.gov/genomes/all/GCF/900/660/665/GCF_900660665.1_57612_D01-3/GCF_900660665.1_57612_D01-3_genomic.fna.gz	https://ftp.ncbi.nlm.nih.gov/genomes/all/GCF/900/660/665/GCF_900660665.1_57612_D01-3/md5checksums.txt	Bacteria	Mycoplasmatota		Mycoplasmoidales	Metamycoplasmataceae	Mycoplasmopsis	Mycoplasmopsis maculosa	febfeb6ac7b6817ff0caa4eda5d21f03	93f1298ace71dece610d259bd065a4494fb6864986634d9962881a18cb557c3f	254674	eligible	ASV_fac5f62fccfc8c7e	1	919297	GCF_900660665.1.fna.gz
GCF_001586235.1	146827	146827	Corynebacterium simulans	reference genome	Complete Genome	2598702	airway_prioritized	0	biological	https://ftp.ncbi.nlm.nih.gov/genomes/all/GCF/001/586/235/GCF_001586235.1_ASM158623v1/GCF_001586235.1_ASM158623v1_genomic.fna.gz	https://ftp.ncbi.nlm.nih.gov/genomes/all/GCF/001/586/235/GCF_001586235.1_ASM158623v1/md5checksums.txt	Bacteria	Actinomycetota	Actinomycetes	Mycobacteriales	Corynebacteriaceae	Corynebacterium	Corynebacterium simulans	cceb92286c6860286c312be15dbc239c	77071dd3b58c2ebe56c65ffc56988d4fef46454d7960be17924a7da10f3fc3ac	772053	eligible	ASV_5e9dcdb5107d5a79	4	2598702	GCF_001586235.1.fna.gz
GCF_053903255.1	2937856	2937856	Cupriavidus sp. JZ107	na	Complete Genome	5641894	airway_prioritized	0	biological	https://ftp.ncbi.nlm.nih.gov/genomes/all/GCF/053/903/255/GCF_053903255.1_ASM5390325v1/GCF_053903255.1_ASM5390325v1_genomic.fna.gz	https://ftp.ncbi.nlm.nih.gov/genomes/all/GCF/053/903/255/GCF_053903255.1_ASM5390325v1/md5checksums.txt	Bacteria	Pseudomonadota	Betaproteobacteria	Burkholderiales	Burkholderiaceae	Cupriavidus	Cupriavidus sp. JZ107	bed6387e692a1536bc27ee557d2d0f2b	93d89fcb593714e98e9cdad2f3211229cd67e08c5734ace1da01fa37ce0c6b1b	1597832	eligible	ASV_df3c3f3b81f159e5	4	5641894	GCF_053903255.1.fna.gz
GCF_018127725.1	684066	684066	Streptococcus lactarius	reference genome	Complete Genome	2144372	airway_prioritized	0	biological	https://ftp.ncbi.nlm.nih.gov/genomes/all/GCF/018/127/725/GCF_018127725.1_ASM1812772v1/GCF_018127725.1_ASM1812772v1_genomic.fna.gz	https://ftp.ncbi.nlm.nih.gov/genomes/all/GCF/018/127/725/GCF_018127725.1_ASM1812772v1/md5checksums.txt	Bacteria	Bacillota	Bacilli	Lactobacillales	Streptococcaceae	Streptococcus	Streptococcus lactarius	12f8d02ae2092e281b8f101ca1c0621d	771dac1fba92bb986a4784fe0f13e17b2af4adb19001965ca4491d4cd3a22253	634922	eligible	ASV_940c260708fc5903	4	2144372	GCF_018127725.1.fna.gz
GCF_000816185.1	1031564	260714	Campylobacter insulaenigrae NCTC 12927	reference genome	Complete Genome	1465081	airway_prioritized	0	biological	https://ftp.ncbi.nlm.nih.gov/genomes/all/GCF/000/816/185/GCF_000816185.1_ASM81618v1/GCF_000816185.1_ASM81618v1_genomic.fna.gz	https://ftp.ncbi.nlm.nih.gov/genomes/all/GCF/000/816/185/GCF_000816185.1_ASM81618v1/md5checksums.txt	Bacteria	Campylobacterota	Epsilonproteobacteria	Campylobacterales	Campylobacteraceae	Campylobacter	Campylobacter insulaenigrae	e251ec64826746ab3f5ba1f3680fc287	50d23a3203a486d7397688df9f739b1bf9dc4563f25f26eb6bdaa2ee589d5c1a	414331	eligible	ASV_d020545efce61e22	3	1465081	GCF_000816185.1.fna.gz
GCF_030550815.1	3004105	3004105	Candidatus Mycoplasma mahonii	reference genome	Complete Genome	796768	airway_prioritized	0	biological	https://ftp.ncbi.nlm.nih.gov/genomes/all/GCF/030/550/815/GCF_030550815.1_ASM3055081v1/GCF_030550815.1_ASM3055081v1_genomic.fna.gz	https://ftp.ncbi.nlm.nih.gov/genomes/all/GCF/030/550/815/GCF_030550815.1_ASM3055081v1/md5checksums.txt	Bacteria	Mycoplasmatota	Mollicutes	Mycoplasmatales	Mycoplasmataceae	Mycoplasma	Candidatus Mycoplasma mahonii	b10af6f34f7b322a026c0005402ca6e4	68a372d0e9c4d90f626ef06c2bbdded77958741e6893777a19702f70dfc7d7ce	223270	eligible	ASV_3f4cf2ed799c181d	1	796768	GCF_030550815.1.fna.gz
GCF_000261025.1	246198	28131	Prevotella intermedia 17	na	Complete Genome	2699437	airway_prioritized	1	biological	https://ftp.ncbi.nlm.nih.gov/genomes/all/GCF/000/261/025/GCF_000261025.1_ASM26102v1/GCF_000261025.1_ASM26102v1_genomic.fna.gz	https://ftp.ncbi.nlm.nih.gov/genomes/all/GCF/000/261/025/GCF_000261025.1_ASM26102v1/md5checksums.txt	Bacteria	Bacteroidota	Bacteroidia	Bacteroidales	Prevotellaceae	Prevotella	Prevotella intermedia	c88398f46ce1dd9d44827aab7f31ac61	57b1ca54467837b3d0c5fbcb39d1682ca1d48478553243faa1df7c3619670128	797989	eligible	ASV_c652a4a7210aab50	4	2699437	GCF_000261025.1.fna.gz
GCF_022488405.1	2920939	2920939	Chryseobacterium sp. Y16C	na	Complete Genome	4873429	airway_prioritized	0	biological	https://ftp.ncbi.nlm.nih.gov/genomes/all/GCF/022/488/405/GCF_022488405.1_ASM2248840v1/GCF_022488405.1_ASM2248840v1_genomic.fna.gz	https://ftp.ncbi.nlm.nih.gov/genomes/all/GCF/022/488/405/GCF_022488405.1_ASM2248840v1/md5checksums.txt	Bacteria	Bacteroidota	Flavobacteriia	Flavobacteriales	Weeksellaceae	Chryseobacterium	Chryseobacterium sp. Y16C	dde38fe6e3584b8cc71061c9340cae31	82a49db07131f319483ef62621367c948bde96aa0f6857828f12b62e9c5b0571	1423051	eligible	ASV_c7dbabf90894e989	4	4873429	GCF_022488405.1.fna.gz
GCF_035956715.1	2903594	2903594	Nocardia sp. NBC_01329	na	Complete Genome	6420957	airway_prioritized	0	biological	https://ftp.ncbi.nlm.nih.gov/genomes/all/GCF/035/956/715/GCF_035956715.1_ASM3595671v1/GCF_035956715.1_ASM3595671v1_genomic.fna.gz	https://ftp.ncbi.nlm.nih.gov/genomes/all/GCF/035/956/715/GCF_035956715.1_ASM3595671v1/md5checksums.txt	Bacteria	Actinomycetota	Actinomycetes	Mycobacteriales	Nocardiaceae	Nocardia	Nocardia sp. NBC_01329	08a8d53680e1c00284c13d7b1cf28128	ba1752fd2e2af2c7b9cbb367e0f8ee9e1793d38e28c77f5a695c73fef7099f80	1841224	eligible	ASV_b3c1769c6de0aae2	2	6420957	GCF_035956715.1.fna.gz
GCF_014054965.1	607712	607712	Neisseria shayeganii	reference genome	Complete Genome	2419744	airway_prioritized	0	biological	https://ftp.ncbi.nlm.nih.gov/genomes/all/GCF/014/054/965/GCF_014054965.1_ASM1405496v1/GCF_014054965.1_ASM1405496v1_genomic.fna.gz	https://ftp.ncbi.nlm.nih.gov/genomes/all/GCF/014/054/965/GCF_014054965.1_ASM1405496v1/md5checksums.txt	Bacteria	Pseudomonadota	Betaproteobacteria	Neisseriales	Neisseriaceae	Neisseria	Neisseria shayeganii	ec8c2263d2f9a83d1e6f21e2808e6597	b8287cbc2baf2a3926f05575c1c2aefdefe81c6f986bf87207f7a327f30de9c3	700065	eligible	ASV_47118fe0d5098d3d	4	2419744	GCF_014054965.1.fna.gz
GCF_024498215.1	55603	55603	Mycoplasmopsis caviae	reference genome	Complete Genome	1155014	airway_prioritized	0	biological	https://ftp.ncbi.nlm.nih.gov/genomes/all/GCF/024/498/215/GCF_024498215.1_ASM2449821v1/GCF_024498215.1_ASM2449821v1_genomic.fna.gz	https://ftp.ncbi.nlm.nih.gov/genomes/all/GCF/024/498/215/GCF_024498215.1_ASM2449821v1/md5checksums.txt	Bacteria	Mycoplasmatota		Mycoplasmoidales	Metamycoplasmataceae	Mycoplasmopsis	Mycoplasmopsis caviae	a20bae3286d3dc58ba21a75f5b5f8c88	afaff03ae7a150c19d55e34683b44370120b260d52c36ec820d5556cd0229e79	323291	eligible	ASV_5489cc16770acbc8	1	1155014	GCF_024498215.1.fna.gz
GCF_056097175.1	3406459	3406459	Cupriavidus sp. HE11	na	Complete Genome	7073431	airway_prioritized	0	biological	https://ftp.ncbi.nlm.nih.gov/genomes/all/GCF/056/097/175/GCF_056097175.1_ASM5609717v1/GCF_056097175.1_ASM5609717v1_genomic.fna.gz	https://ftp.ncbi.nlm.nih.gov/genomes/all/GCF/056/097/175/GCF_056097175.1_ASM5609717v1/md5checksums.txt	Bacteria	Pseudomonadota	Betaproteobacteria	Burkholderiales	Burkholderiaceae	Cupriavidus	Cupriavidus sp. HE11	c04bfc8755a55fa5ba78207a66e6a8ff	2921b0cc8e668cd28c8eea88e4ec02870088234254a7724e994b24b0f1772fe4	2040593	eligible	ASV_13ffc283e9226a37	5	7073431	GCF_056097175.1.fna.gz
GCF_002139875.1	1660076	1660076	Campylobacter vicugnae	reference genome	Complete Genome	1612610	airway_prioritized	0	biological	https://ftp.ncbi.nlm.nih.gov/genomes/all/GCF/002/139/875/GCF_002139875.1_ASM213987v1/GCF_002139875.1_ASM213987v1_genomic.fna.gz	https://ftp.ncbi.nlm.nih.gov/genomes/all/GCF/002/139/875/GCF_002139875.1_ASM213987v1/md5checksums.txt	Bacteria	Campylobacterota	Epsilonproteobacteria	Campylobacterales	Campylobacteraceae	Campylobacter	Campylobacter vicugnae	e895803a9dd6678fee945fdb2abb1212	f4c479137f8c78c00ce7fae014933910e29b508703d96360e9959c8c329fc4d6	461667	eligible	ASV_9d9f0a92b17a3ae3	3	1612610	GCF_002139875.1.fna.gz
GCF_000604125.1	1095955	160	Treponema pallidum subsp. pallidum str. Sea 81-4	na	Complete Genome	1139203	airway_prioritized	1	biological	https://ftp.ncbi.nlm.nih.gov/genomes/all/GCF/000/604/125/GCF_000604125.1_ASM60412v1/GCF_000604125.1_ASM60412v1_genomic.fna.gz	https://ftp.ncbi.nlm.nih.gov/genomes/all/GCF/000/604/125/GCF_000604125.1_ASM60412v1/md5checksums.txt	Bacteria	Spirochaetota	Spirochaetia	Treponematales	Treponemataceae	Treponema	Treponema pallidum	6581dfc103b79abd5bbc9ddfeeed51b7	5e391c0af62111755e964b22006f80045b1ec087ea9040390e2a8c844c8b92e8	341021	eligible	ASV_082e8ff9b9fc116d	2	1139203	GCF_000604125.1.fna.gz
GCF_013008815.1	754516	754516	Mycoplasma miroungirhinis	reference genome	Complete Genome	779550	airway_prioritized	0	biological	https://ftp.ncbi.nlm.nih.gov/genomes/all/GCF/013/008/815/GCF_013008815.1_ASM1300881v1/GCF_013008815.1_ASM1300881v1_genomic.fna.gz	https://ftp.ncbi.nlm.nih.gov/genomes/all/GCF/013/008/815/GCF_013008815.1_ASM1300881v1/md5checksums.txt	Bacteria	Mycoplasmatota	Mollicutes	Mycoplasmatales	Mycoplasmataceae	Mycoplasma	Mycoplasma miroungirhinis	6de7b6a8926065d8b140925219e2aeee	97f05d07e04749469f3e463b9f1dd198bd1ebd353f926cf6709c18358b4d5847	214259	eligible	ASV_a32f61ffc05b54d8	2	779550	GCF_013008815.1.fna.gz
GCF_037081825.1	1141657	1141657	Nocardia vulneris	na	Complete Genome	9489173	airway_prioritized	0	biological	https://ftp.ncbi.nlm.nih.gov/genomes/all/GCF/037/081/825/GCF_037081825.1_UAM_Nvul_1/GCF_037081825.1_UAM_Nvul_1_genomic.fna.gz	https://ftp.ncbi.nlm.nih.gov/genomes/all/GCF/037/081/825/GCF_037081825.1_UAM_Nvul_1/md5checksums.txt	Bacteria	Actinomycetota	Actinomycetes	Mycobacteriales	Nocardiaceae	Nocardia	Nocardia vulneris	3c6be955a2d489cced5321620b1a415a	d6a2060bf812128b8d09b1410e8b02724657baa66604d605fe2e02c5ad13f778	2705179	eligible	ASV_be986e324f8c1a5a	3	9489173	GCF_037081825.1.fna.gz
GCF_013030075.1	485	485	Neisseria gonorrhoeae	reference genome	Complete Genome	2171755	airway_prioritized	0	biological	https://ftp.ncbi.nlm.nih.gov/genomes/all/GCF/013/030/075/GCF_013030075.1_ASM1303007v1/GCF_013030075.1_ASM1303007v1_genomic.fna.gz	https://ftp.ncbi.nlm.nih.gov/genomes/all/GCF/013/030/075/GCF_013030075.1_ASM1303007v1/md5checksums.txt	Bacteria	Pseudomonadota	Betaproteobacteria	Neisseriales	Neisseriaceae	Neisseria	Neisseria gonorrhoeae	3a922c8948b14469b8e98ff6ebc67bfa	1aac399c8b84bbed2d8922b1f78ce89625653a1efe91c785aa5ff392173305cc	629799	eligible	ASV_32fa7a4fdc9636c7	4	2171755	GCF_013030075.1.fna.gz
GCF_024453835.1	585529	38288	Corynebacterium genitalium ATCC 33030	reference genome	Complete Genome	2337040	airway_prioritized	0	biological	https://ftp.ncbi.nlm.nih.gov/genomes/all/GCF/024/453/835/GCF_024453835.1_ASM2445383v1/GCF_024453835.1_ASM2445383v1_genomic.fna.gz	https://ftp.ncbi.nlm.nih.gov/genomes/all/GCF/024/453/835/GCF_024453835.1_ASM2445383v1/md5checksums.txt	Bacteria	Actinomycetota	Actinomycetes	Mycobacteriales	Corynebacteriaceae	Corynebacterium	Corynebacterium genitalium	308b4e96181a4a53faaaa4b13408a1fc	88f84d71fd4731f2a0f65c96eb9c0fc52f687f1af92a09353157a075d9ffa490	687256	eligible	ASV_b6ae948ac8891413	3	2337040	GCF_024453835.1.fna.gz
GCF_056868015.1	3416694	3416694	Chryseobacterium sp. KU4A	na	Complete Genome	4057672	airway_prioritized	0	biological	https://ftp.ncbi.nlm.nih.gov/genomes/all/GCF/056/868/015/GCF_056868015.1_ASM5686801v1/GCF_056868015.1_ASM5686801v1_genomic.fna.gz	https://ftp.ncbi.nlm.nih.gov/genomes/all/GCF/056/868/015/GCF_056868015.1_ASM5686801v1/md5checksums.txt	Bacteria	Bacteroidota	Flavobacteriia	Flavobacteriales	Weeksellaceae	Chryseobacterium	Chryseobacterium sp. KU4A	1bf4698fa334203b072a6d2c750f06eb	f580339db6dc7569428478c3a4b98670e2c40fe46f4906f902f7e46e83b5df68	1188191	eligible	ASV_44d79797f16d9409	5	4057672	GCF_056868015.1.fna.gz
GCF_022869645.1	487	487	Neisseria meningitidis	reference genome	Complete Genome	2181327	airway_prioritized	0	biological	https://ftp.ncbi.nlm.nih.gov/genomes/all/GCF/022/869/645/GCF_022869645.1_ASM2286964v1/GCF_022869645.1_ASM2286964v1_genomic.fna.gz	https://ftp.ncbi.nlm.nih.gov/genomes/all/GCF/022/869/645/GCF_022869645.1_ASM2286964v1/md5checksums.txt	Bacteria	Pseudomonadota	Betaproteobacteria	Neisseriales	Neisseriaceae	Neisseria	Neisseria meningitidis	353308492780cf48d9c2502706b32aac	9adeb999a1b6c685c986ff2b0498227e268a7ae84d730487377dc529231a9649	629301	eligible	ASV_4ae9cbc4be70f636	4	2181327	GCF_022869645.1.fna.gz
GCF_900636885.1	149016	149016	Streptococcus urinalis	reference genome	Complete Genome	2144000	airway_prioritized	0	biological	https://ftp.ncbi.nlm.nih.gov/genomes/all/GCF/900/636/885/GCF_900636885.1_44927_H01/GCF_900636885.1_44927_H01_genomic.fna.gz	https://ftp.ncbi.nlm.nih.gov/genomes/all/GCF/900/636/885/GCF_900636885.1_44927_H01/md5checksums.txt	Bacteria	Bacillota	Bacilli	Lactobacillales	Streptococcaceae	Streptococcus	Streptococcus urinalis	5bc90d8b1b74725158eab543e4344d9b	692e9ba8bf1e38b03ab4713e1502a33ea993bbf74be89eaf7cf571a2c626e1f7	623785	eligible	ASV_0db94d5418c6b96b	6	2144000	GCF_900636885.1.fna.gz
GCF_002139915.1	3161138	3161138	Campylobacter devanensis	reference genome	Complete Genome	1593985	airway_prioritized	0	biological	https://ftp.ncbi.nlm.nih.gov/genomes/all/GCF/002/139/915/GCF_002139915.1_ASM213991v1/GCF_002139915.1_ASM213991v1_genomic.fna.gz	https://ftp.ncbi.nlm.nih.gov/genomes/all/GCF/002/139/915/GCF_002139915.1_ASM213991v1/md5checksums.txt	Bacteria	Campylobacterota	Epsilonproteobacteria	Campylobacterales	Campylobacteraceae	Campylobacter	Campylobacter devanensis	0e174c812144b20a60daaf4c19372da1	c6627e03b651b9b6cc96f947b183efefcafc6f5547707ed0e3ba8dc1810b762f	458776	eligible	ASV_488c5a0035b3402e	3	1593985	GCF_002139915.1.fna.gz
GCF_051549855.1	3447506	3447506	Mycoplasma sp. 3341	na	Complete Genome	684838	airway_prioritized	0	biological	https://ftp.ncbi.nlm.nih.gov/genomes/all/GCF/051/549/855/GCF_051549855.1_ASM5154985v1/GCF_051549855.1_ASM5154985v1_genomic.fna.gz	https://ftp.ncbi.nlm.nih.gov/genomes/all/GCF/051/549/855/GCF_051549855.1_ASM5154985v1/md5checksums.txt	Bacteria	Mycoplasmatota	Mollicutes	Mycoplasmatales	Mycoplasmataceae	Mycoplasma	Mycoplasma sp. 3341	2331111d2c21f23c1c2769b859ed8fb6	de52bad71e794e447900a0ab14f6bd41e22d1905a87f7907f85f8df00ec63f78	197602	eligible	ASV_146d6066194a0855	1	684838	GCF_051549855.1.fna.gz
GCF_027920505.1	373672	373672	Chryseobacterium gambrini	reference genome	Complete Genome	4510621	airway_prioritized	0	biological	https://ftp.ncbi.nlm.nih.gov/genomes/all/GCF/027/920/505/GCF_027920505.1_ASM2792050v1/GCF_027920505.1_ASM2792050v1_genomic.fna.gz	https://ftp.ncbi.nlm.nih.gov/genomes/all/GCF/027/920/505/GCF_027920505.1_ASM2792050v1/md5checksums.txt	Bacteria	Bacteroidota	Flavobacteriia	Flavobacteriales	Weeksellaceae	Chryseobacterium	Chryseobacterium gambrini	d4b9ab8018fd4b151db268bbe6caf2ec	681d0662081e473ebcb22cb4e91e3d1d2cfe2cab73bbcf6cadd95a216734ad6f	1308203	eligible	ASV_dbd39311767069b4	6	4510621	GCF_027920505.1.fna.gz
GCF_050955735.1	3239978	3239978	Nocardia sp. CA-135953	na	Complete Genome	7320068	airway_prioritized	0	biological	https://ftp.ncbi.nlm.nih.gov/genomes/all/GCF/050/955/735/GCF_050955735.1_MDNA_WGS_299_assembly/GCF_050955735.1_MDNA_WGS_299_assembly_genomic.fna.gz	https://ftp.ncbi.nlm.nih.gov/genomes/all/GCF/050/955/735/GCF_050955735.1_MDNA_WGS_299_assembly/md5checksums.txt	Bacteria	Actinomycetota	Actinomycetes	Mycobacteriales	Nocardiaceae	Nocardia	Nocardia sp. CA-135953	e4bdc8084a8d600e0e644a5ab59de1ff	cbcaf4bfd17431cfc9a9036e1c7b3759ef191177108c7afbe28897e624fe3f45	2110961	eligible	ASV_95880e7c9bdc47c5	3	7320068	GCF_050955735.1.fna.gz
GCF_057838385.1	1673609	1673609	Acinetobacter albensis	na	Complete Genome	3202690	airway_prioritized	0	biological	https://ftp.ncbi.nlm.nih.gov/genomes/all/GCF/057/838/385/GCF_057838385.1_ASM5783838v1/GCF_057838385.1_ASM5783838v1_genomic.fna.gz	https://ftp.ncbi.nlm.nih.gov/genomes/all/GCF/057/838/385/GCF_057838385.1_ASM5783838v1/md5checksums.txt	Bacteria	Pseudomonadota	Gammaproteobacteria	Moraxellales	Moraxellaceae	Acinetobacter	Acinetobacter albensis	3220d27bc6a2dbf81c1ed44e4d8217b3	9ab96669c12f28b7ba0cad918043a1511781863ba5d8836a4d441a4f1a5e0bc7	946859	eligible	ASV_bb80a3b6c10c6c38	7	3202690	GCF_057838385.1.fna.gz
GCF_062011435.1	62629	62629	Corynebacterium thomssenii	na	Complete Genome	2310392	airway_prioritized	0	biological	https://ftp.ncbi.nlm.nih.gov/genomes/all/GCF/062/011/435/GCF_062011435.1_ASM62011435v1/GCF_062011435.1_ASM62011435v1_genomic.fna.gz	https://ftp.ncbi.nlm.nih.gov/genomes/all/GCF/062/011/435/GCF_062011435.1_ASM62011435v1/md5checksums.txt	Bacteria	Actinomycetota	Actinomycetes	Mycobacteriales	Corynebacteriaceae	Corynebacterium	Corynebacterium thomssenii	1dc351ddd8b05da24c950a2b7916972d	9d1504b16940f50970cf7aacaafd5f7ad4e80f9f1cd021cd50a09304ea3cf2ec	684252	eligible	ASV_a51532bb714f9e2e	3	2310392	GCF_062011435.1.fna.gz
GCF_001190745.1	824	824	Campylobacter gracilis	reference genome	Complete Genome	2281652	airway_prioritized	0	biological	https://ftp.ncbi.nlm.nih.gov/genomes/all/GCF/001/190/745/GCF_001190745.1_ASM119074v1/GCF_001190745.1_ASM119074v1_genomic.fna.gz	https://ftp.ncbi.nlm.nih.gov/genomes/all/GCF/001/190/745/GCF_001190745.1_ASM119074v1/md5checksums.txt	Bacteria	Campylobacterota	Epsilonproteobacteria	Campylobacterales	Campylobacteraceae	Campylobacter	Campylobacter gracilis	1f08e2e9120647a3b976f2b661b6ad07	d102f5b8c02948e95ca79c5605e1be5b8939b0c5cbe69b44d6ff2abac5c75f95	664233	eligible	ASV_6f6bb45951197aaf	3	2281652	GCF_001190745.1.fna.gz
GCF_015219785.1	409322	409322	Treponema pedis	na	Complete Genome	3077465	airway_prioritized	1	biological	https://ftp.ncbi.nlm.nih.gov/genomes/all/GCF/015/219/785/GCF_015219785.1_ASM1521978v1/GCF_015219785.1_ASM1521978v1_genomic.fna.gz	https://ftp.ncbi.nlm.nih.gov/genomes/all/GCF/015/219/785/GCF_015219785.1_ASM1521978v1/md5checksums.txt	Bacteria	Spirochaetota	Spirochaetia	Treponematales	Treponemataceae	Treponema	Treponema pedis	2ef9f451c9dd3b49de7f833077391794	a37036a08cbc62d11c22dfeffe5182de721588a4b34e357c36c20200f34c9826	882632	eligible	ASV_8c8615ee95ddf9ff	2	3077465	GCF_015219785.1.fna.gz
GCF_048019105.1	248551	248551	Nocardia testacea	na	Complete Genome	7574467	airway_prioritized	0	biological	https://ftp.ncbi.nlm.nih.gov/genomes/all/GCF/048/019/105/GCF_048019105.1_ASM4801910v1/GCF_048019105.1_ASM4801910v1_genomic.fna.gz	https://ftp.ncbi.nlm.nih.gov/genomes/all/GCF/048/019/105/GCF_048019105.1_ASM4801910v1/md5checksums.txt	Bacteria	Actinomycetota	Actinomycetes	Mycobacteriales	Nocardiaceae	Nocardia	Nocardia testacea	9e8dbbaee4e4c5df59406a9e9c89f200	cd48265a3981c97df3e4dd833332d9beac738ba3327700508323270220aa510c	2150891	eligible	ASV_86b414d4453c6fca	2	7574467	GCF_048019105.1.fna.gz
GCF_009866825.1	1940319	1940319	Streptococcus sp. DAT741	na	Complete Genome	2105284	airway_prioritized	0	biological	https://ftp.ncbi.nlm.nih.gov/genomes/all/GCF/009/866/825/GCF_009866825.1_ASM986682v1/GCF_009866825.1_ASM986682v1_genomic.fna.gz	https://ftp.ncbi.nlm.nih.gov/genomes/all/GCF/009/866/825/GCF_009866825.1_ASM986682v1/md5checksums.txt	Bacteria	Bacillota	Bacilli	Lactobacillales	Streptococcaceae	Streptococcus	Streptococcus sp. DAT741	da46c6311c2d892db97e31b54f40e594	86bf48cf570007b00a450029da26ac2ac6763cad9341522b7aca0e3c085572dd	622275	eligible	ASV_dc7900306b5fde9c	4	2105284	GCF_009866825.1.fna.gz
GCF_048572715.1	3459744	3459744	Chryseobacterium sp. CT-SW4	na	Complete Genome	3748987	airway_prioritized	0	biological	https://ftp.ncbi.nlm.nih.gov/genomes/all/GCF/048/572/715/GCF_048572715.1_ASM4857271v1/GCF_048572715.1_ASM4857271v1_genomic.fna.gz	https://ftp.ncbi.nlm.nih.gov/genomes/all/GCF/048/572/715/GCF_048572715.1_ASM4857271v1/md5checksums.txt	Bacteria	Bacteroidota	Flavobacteriia	Flavobacteriales	Weeksellaceae	Chryseobacterium	Chryseobacterium sp. CT-SW4	9852d07ab99fcaccae673120f243fca8	51b0f0d77450f279edfe760301a7b15c51797bf55348ad42d99bb560a3b0c919	1097361	eligible	ASV_e5742b0f7cbd767d	4	3748987	GCF_048572715.1.fna.gz
GCF_001612555.1	1407071	1407071	Acinetobacter sp. TGL-Y2	na	Complete Genome	3691287	airway_prioritized	0	biological	https://ftp.ncbi.nlm.nih.gov/genomes/all/GCF/001/612/555/GCF_001612555.1_ASM161255v1/GCF_001612555.1_ASM161255v1_genomic.fna.gz	https://ftp.ncbi.nlm.nih.gov/genomes/all/GCF/001/612/555/GCF_001612555.1_ASM161255v1/md5checksums.txt	Bacteria	Pseudomonadota	Gammaproteobacteria	Moraxellales	Moraxellaceae	Acinetobacter	Acinetobacter sp. TGL-Y2	17ddaafd9e4cf73b5557a144b4a3278a	44acb88ea5fc5df4b797861dc186eb932c5142f58cb14663ed30c49b6dc6550d	1086572	eligible	ASV_42b203fd62a83269	7	3691287	GCF_001612555.1.fna.gz
GCF_003351565.1	486	486	Neisseria lactamica	reference genome	Complete Genome	2200224	airway_prioritized	0	biological	https://ftp.ncbi.nlm.nih.gov/genomes/all/GCF/003/351/565/GCF_003351565.1_ASM335156v1/GCF_003351565.1_ASM335156v1_genomic.fna.gz	https://ftp.ncbi.nlm.nih.gov/genomes/all/GCF/003/351/565/GCF_003351565.1_ASM335156v1/md5checksums.txt	Bacteria	Pseudomonadota	Betaproteobacteria	Neisseriales	Neisseriaceae	Neisseria	Neisseria lactamica	9931903bf84533bb833960b5facecb02	ae8ccfcc5a958b61664dfc5471585bf077eaa7465759228810600690263a623b	639331	eligible	ASV_374c0640f88e60a0	4	2200224	GCF_003351565.1.fna.gz
GCF_012029655.1	577	577	Klebsiella terrigena	reference genome	Complete Genome	5598454	airway_prioritized	0	biological	https://ftp.ncbi.nlm.nih.gov/genomes/all/GCF/012/029/655/GCF_012029655.1_ASM1202965v1/GCF_012029655.1_ASM1202965v1_genomic.fna.gz	https://ftp.ncbi.nlm.nih.gov/genomes/all/GCF/012/029/655/GCF_012029655.1_ASM1202965v1/md5checksums.txt	Bacteria	Pseudomonadota	Gammaproteobacteria	Enterobacterales	Enterobacteriaceae	Klebsiella	Klebsiella terrigena	aafa35e677ad6c763ed3e9567a70f482	b89e41b6866e7bc96f8bf555c2f5f14bc015cbb1fb302f5702d52682cf7acf51	1652314	eligible	ASV_2591236a8dc406ec	8	5598454	GCF_012029655.1.fna.gz
GCF_900475025.1	1345	1345	Streptococcus ferus	reference genome	Complete Genome	1872314	airway_prioritized	0	biological	https://ftp.ncbi.nlm.nih.gov/genomes/all/GCF/900/475/025/GCF_900475025.1_41906_G01/GCF_900475025.1_41906_G01_genomic.fna.gz	https://ftp.ncbi.nlm.nih.gov/genomes/all/GCF/900/475/025/GCF_900475025.1_41906_G01/md5checksums.txt	Bacteria	Bacillota	Bacilli	Lactobacillales	Streptococcaceae	Streptococcus	Streptococcus ferus	6b8109d4abd9971dc1a8768afc50dfa2	62879dbed6238f10ad4995039d4da57ad399a7b8ea904ce43296955007414a64	557271	eligible	ASV_a3bd727e6e3b26e0	5	1872314	GCF_900475025.1.fna.gz
GCF_012516495.1	2725994	2725994	Mycoplasma sp. 1654_15	na	Complete Genome	923061	airway_prioritized	0	biological	https://ftp.ncbi.nlm.nih.gov/genomes/all/GCF/012/516/495/GCF_012516495.1_ASM1251649v1/GCF_012516495.1_ASM1251649v1_genomic.fna.gz	https://ftp.ncbi.nlm.nih.gov/genomes/all/GCF/012/516/495/GCF_012516495.1_ASM1251649v1/md5checksums.txt	Bacteria	Mycoplasmatota	Mollicutes	Mycoplasmatales	Mycoplasmataceae	Mycoplasma	Mycoplasma sp. 1654_15	469122cdc25562f83fec71d3a6b6ad51	4d6578cff751fb3ccaa2f8a1943754ee3aa245e1a528b69a5005520481530b45	256545	eligible	ASV_d5d4527c43bcab84	1	923061	GCF_012516495.1.fna.gz
GCF_014055005.1	194197	194197	Neisseria dentiae	reference genome	Complete Genome	2755930	airway_prioritized	0	biological	https://ftp.ncbi.nlm.nih.gov/genomes/all/GCF/014/055/005/GCF_014055005.1_ASM1405500v1/GCF_014055005.1_ASM1405500v1_genomic.fna.gz	https://ftp.ncbi.nlm.nih.gov/genomes/all/GCF/014/055/005/GCF_014055005.1_ASM1405500v1/md5checksums.txt	Bacteria	Pseudomonadota	Betaproteobacteria	Neisseriales	Neisseriaceae	Neisseria	Neisseria dentiae	165da9f0d4a4a8d810d388c93a1faa48	8be3e7a78ada0db25e4535b438def494e2a013ccc3b7c3436482696d416417fc	795503	eligible	ASV_5d7772394bbcd9aa	4	2755930	GCF_014055005.1.fna.gz
GCF_012220205.1	29556	29556	Mycoplasmopsis gallinacea	na	Complete Genome	1183913	airway_prioritized	1	biological	https://ftp.ncbi.nlm.nih.gov/genomes/all/GCF/012/220/205/GCF_012220205.1_ASM1222020v1/GCF_012220205.1_ASM1222020v1_genomic.fna.gz	https://ftp.ncbi.nlm.nih.gov/genomes/all/GCF/012/220/205/GCF_012220205.1_ASM1222020v1/md5checksums.txt	Bacteria	Mycoplasmatota		Mycoplasmoidales	Metamycoplasmataceae	Mycoplasmopsis	Mycoplasmopsis gallinacea	39c252e907f17201fa6c81a20b88627e	16cfc03d3401f550de3106bd96a55fdeb62f84b51f9bced1dd845b11e8d58e16	332505	eligible	ASV_3046b2ae8f4786a8	4	1183913	GCF_012220205.1.fna.gz
GCF_040223995.2	3162571	3162571	Stenotrophomonas sp. WHRI 8082	na	Complete Genome	4096971	airway_prioritized	0	biological	https://ftp.ncbi.nlm.nih.gov/genomes/all/GCF/040/223/995/GCF_040223995.2_ASM4022399v2/GCF_040223995.2_ASM4022399v2_genomic.fna.gz	https://ftp.ncbi.nlm.nih.gov/genomes/all/GCF/040/223/995/GCF_040223995.2_ASM4022399v2/md5checksums.txt	Bacteria	Pseudomonadota	Gammaproteobacteria	Lysobacterales	Lysobacteraceae	Stenotrophomonas	Stenotrophomonas sp. WHRI 8082	91a09a565252b03b1b126713f15696e2	465244eb227f3bfe3c9745e655730eb9537710df4bac2df69231878dc3ab539a	1174705	eligible	ASV_4979c6487061e941	3	4096971	GCF_040223995.2.fna.gz
GCF_062011942.1	161889	161889	Corynebacterium lipophiloflavum	na	Complete Genome	2432740	airway_prioritized	0	biological	https://ftp.ncbi.nlm.nih.gov/genomes/all/GCF/062/011/942/GCF_062011942.1_ASM62011942v1/GCF_062011942.1_ASM62011942v1_genomic.fna.gz	https://ftp.ncbi.nlm.nih.gov/genomes/all/GCF/062/011/942/GCF_062011942.1_ASM62011942v1/md5checksums.txt	Bacteria	Actinomycetota	Actinomycetes	Mycobacteriales	Corynebacteriaceae	Corynebacterium	Corynebacterium lipophiloflavum	3d234a7b1909efe46533b3a91b692900	961a7193e7c340684dafe221c0bb0f4a5dae6e3e97675c900e7a042cdc46c742	709616	eligible	ASV_90dd308acb13dc80	4	2432740	GCF_062011942.1.fna.gz
GCF_036352035.1	87883	87883	Burkholderia multivorans	reference genome	Complete Genome	6693153	airway_prioritized	0	biological	https://ftp.ncbi.nlm.nih.gov/genomes/all/GCF/036/352/035/GCF_036352035.1_ASM3635203v1/GCF_036352035.1_ASM3635203v1_genomic.fna.gz	https://ftp.ncbi.nlm.nih.gov/genomes/all/GCF/036/352/035/GCF_036352035.1_ASM3635203v1/md5checksums.txt	Bacteria	Pseudomonadota	Betaproteobacteria	Burkholderiales	Burkholderiaceae	Burkholderia	Burkholderia multivorans	2f222202051e926e9c4fc3a06e51f821	04541ceb98f14960c0b39074d31834f8f64ab355ae38361008d577fc7da7fc4b	1877498	eligible	ASV_67fb4920c1bc0f11	5	6693153	GCF_036352035.1.fna.gz
GCF_007362475.1	2594269	2594269	Chryseobacterium sp. SNU WT5	na	Complete Genome	3040096	airway_prioritized	0	biological	https://ftp.ncbi.nlm.nih.gov/genomes/all/GCF/007/362/475/GCF_007362475.1_ASM736247v1/GCF_007362475.1_ASM736247v1_genomic.fna.gz	https://ftp.ncbi.nlm.nih.gov/genomes/all/GCF/007/362/475/GCF_007362475.1_ASM736247v1/md5checksums.txt	Bacteria	Bacteroidota	Flavobacteriia	Flavobacteriales	Weeksellaceae	Chryseobacterium	Chryseobacterium sp. SNU WT5	7884e24ffcc6e32433528918b6a3ccaa	cee7b8334a92e6837291009ffdd72b8c170fde8640fda2fe574cec99bb1616e6	887023	eligible	ASV_9f9a69c98870bede	3	3040096	GCF_007362475.1.fna.gz
GCF_050955845.1	3239977	3239977	Nocardia sp. CA-135398	na	Complete Genome	8687529	airway_prioritized	0	biological	https://ftp.ncbi.nlm.nih.gov/genomes/all/GCF/050/955/845/GCF_050955845.1_MDNA_WGS_298_assembly/GCF_050955845.1_MDNA_WGS_298_assembly_genomic.fna.gz	https://ftp.ncbi.nlm.nih.gov/genomes/all/GCF/050/955/845/GCF_050955845.1_MDNA_WGS_298_assembly/md5checksums.txt	Bacteria	Actinomycetota	Actinomycetes	Mycobacteriales	Nocardiaceae	Nocardia	Nocardia sp. CA-135398	1bd5e056f77231ec2468f715825fe3bc	7d73c0c5b4e6ed8e9a6e5f6a08fea941556fc115c0d35a89b23dd4b7965aefe8	2501739	eligible	ASV_cc244caec26d0dc1	3	8687529	GCF_050955845.1.fna.gz
GCF_030408915.1	1783348	1783348	Corynebacterium guangdongense	reference genome	Complete Genome	2806781	airway_prioritized	0	biological	https://ftp.ncbi.nlm.nih.gov/genomes/all/GCF/030/408/915/GCF_030408915.1_ASM3040891v1/GCF_030408915.1_ASM3040891v1_genomic.fna.gz	https://ftp.ncbi.nlm.nih.gov/genomes/all/GCF/030/408/915/GCF_030408915.1_ASM3040891v1/md5checksums.txt	Bacteria	Actinomycetota	Actinomycetes	Mycobacteriales	Corynebacteriaceae	Corynebacterium	Corynebacterium guangdongense	4124f8f2781bd2c32883ee57d402a485	6458d292fd9c70e712d21da5eed1ffc89dc1d2936e7c694f78651b2c8b856545	800578	eligible	ASV_f648acc8554c1f97	5	2806781	GCF_030408915.1.fna.gz
GCF_030486425.1	3058426	3058426	Nocardia sp. PE-7	na	Complete Genome	7357725	airway_prioritized	0	biological	https://ftp.ncbi.nlm.nih.gov/genomes/all/GCF/030/486/425/GCF_030486425.1_ASM3048642v1/GCF_030486425.1_ASM3048642v1_genomic.fna.gz	https://ftp.ncbi.nlm.nih.gov/genomes/all/GCF/030/486/425/GCF_030486425.1_ASM3048642v1/md5checksums.txt	Bacteria	Actinomycetota	Actinomycetes	Mycobacteriales	Nocardiaceae	Nocardia	Nocardia sp. PE-7	be13a8bbc95dfe5d3f09f037c330126a	547c61e70362d354910f77cb92b810bb0f5bb8121b2090a7d345fed51acee19a	2103151	eligible	ASV_6a75b4777856c8db	5	7357725	GCF_030486425.1.fna.gz
GCF_016728505.1	156976	156976	Corynebacterium riegelii	na	Complete Genome	2519232	airway_prioritized	0	biological	https://ftp.ncbi.nlm.nih.gov/genomes/all/GCF/016/728/505/GCF_016728505.1_ASM1672850v1/GCF_016728505.1_ASM1672850v1_genomic.fna.gz	https://ftp.ncbi.nlm.nih.gov/genomes/all/GCF/016/728/505/GCF_016728505.1_ASM1672850v1/md5checksums.txt	Bacteria	Actinomycetota	Actinomycetes	Mycobacteriales	Corynebacteriaceae	Corynebacterium	Corynebacterium riegelii	81436ea54d4402f0038569dae098c3fa	423488e1f52ab6108e8fa389366ce39aad91ab6d8defecfbd71f45b89cc7cba0	743842	eligible	ASV_6d30c33562053f95	4	2519232	GCF_016728505.1.fna.gz
GCF_900637205.1	1792	1792	Mycolicibacterium chitae	reference genome	Complete Genome	5461769	airway_prioritized	0	biological	https://ftp.ncbi.nlm.nih.gov/genomes/all/GCF/900/637/205/GCF_900637205.1_50279_G01/GCF_900637205.1_50279_G01_genomic.fna.gz	https://ftp.ncbi.nlm.nih.gov/genomes/all/GCF/900/637/205/GCF_900637205.1_50279_G01/md5checksums.txt	Bacteria	Actinomycetota	Actinomycetes	Mycobacteriales	Mycobacteriaceae	Mycolicibacterium	Mycolicibacterium chitae	c2fcf37ba634ca2fd606bc2a644c2394	1f678f1a0b583550b6137ab4a4d82b707b329734dc185402c7fa4bc2a2d2aaa2	1546016	eligible	ASV_c8fce35927b3f4a7	2	5461769	GCF_900637205.1.fna.gz
GCF_965234515.1	3844306	3844306	Mycobacterium aquicola (SeqCode)	na	Complete Genome	3376718	airway_prioritized	0	biological	https://ftp.ncbi.nlm.nih.gov/genomes/all/GCF/965/234/515/GCF_965234515.1_MiE-22/GCF_965234515.1_MiE-22_genomic.fna.gz	https://ftp.ncbi.nlm.nih.gov/genomes/all/GCF/965/234/515/GCF_965234515.1_MiE-22/md5checksums.txt	Bacteria	Actinomycetota	Actinomycetes	Mycobacteriales	Mycobacteriaceae	Mycobacterium	Mycobacterium aquicola (SeqCode)	a739ea4d132634e120e1c2c4cd98a3eb	80ce9df664eda4a96e6cf6450d7f3da58b278968cb0a1ca6714a1c18e654390a	973794	eligible	ASV_803c2bbe3da03288	1	3376718	GCF_965234515.1.fna.gz
GCF_001704615.3	1871111	1871111	Acinetobacter defluvii	reference genome	Complete Genome	3812268	airway_prioritized	0	biological	https://ftp.ncbi.nlm.nih.gov/genomes/all/GCF/001/704/615/GCF_001704615.3_ASM170461v3/GCF_001704615.3_ASM170461v3_genomic.fna.gz	https://ftp.ncbi.nlm.nih.gov/genomes/all/GCF/001/704/615/GCF_001704615.3_ASM170461v3/md5checksums.txt	Bacteria	Pseudomonadota	Gammaproteobacteria	Moraxellales	Moraxellaceae	Acinetobacter	Acinetobacter defluvii	3708ff2c9a113d1592804f6298755afa	9c0a1cf40540bdf86c1f4f314f5c26ec1a5e58aa726f4dd31a12eacadb535e4d	1120594	eligible	ASV_21c7e2d1697bd44e	7	3812268	GCF_001704615.3.fna.gz
GCF_058182015.1	3414744	3414744	Corynebacterium sp. LaCa_70	na	Complete Genome	2476633	airway_prioritized	0	biological	https://ftp.ncbi.nlm.nih.gov/genomes/all/GCF/058/182/015/GCF_058182015.1_LaCa_70_v1/GCF_058182015.1_LaCa_70_v1_genomic.fna.gz	https://ftp.ncbi.nlm.nih.gov/genomes/all/GCF/058/182/015/GCF_058182015.1_LaCa_70_v1/md5checksums.txt	Bacteria	Actinomycetota	Actinomycetes	Mycobacteriales	Corynebacteriaceae	Corynebacterium	Corynebacterium sp. LaCa_70	f4490d24188a4c15d44fad2d3a5c6fdd	112946842f6e7cee5ec5630a8191ea4d0fd0a3b2e975efa183405722e5d14ef9	737337	eligible	ASV_5fa380e29953edbc	3	2476633	GCF_058182015.1.fna.gz
GCF_049478495.1	3252900	3252900	Mycoplasma sp. P36-A1	na	Complete Genome	1966006	airway_prioritized	0	biological	https://ftp.ncbi.nlm.nih.gov/genomes/all/GCF/049/478/495/GCF_049478495.1_ASM4947849v1/GCF_049478495.1_ASM4947849v1_genomic.fna.gz	https://ftp.ncbi.nlm.nih.gov/genomes/all/GCF/049/478/495/GCF_049478495.1_ASM4947849v1/md5checksums.txt	Bacteria	Mycoplasmatota	Mollicutes	Mycoplasmatales	Mycoplasmataceae	Mycoplasma	Mycoplasma sp. P36-A1	5a18b505d3285d05de079ef1d0fffd87	51547f5663dbd65bffe0800229bc6ddc70760c7b73c8804a10624e3c5f1f8272	548232	eligible	ASV_3fe2e8cf8f70db71	8	1966006	GCF_049478495.1.fna.gz
GCF_011058315.1	2713414	2713414	Chryseobacterium sp. POL2	na	Complete Genome	3243462	airway_prioritized	0	biological	https://ftp.ncbi.nlm.nih.gov/genomes/all/GCF/011/058/315/GCF_011058315.1_ASM1105831v1/GCF_011058315.1_ASM1105831v1_genomic.fna.gz	https://ftp.ncbi.nlm.nih.gov/genomes/all/GCF/011/058/315/GCF_011058315.1_ASM1105831v1/md5checksums.txt	Bacteria	Bacteroidota	Flavobacteriia	Flavobacteriales	Weeksellaceae	Chryseobacterium	Chryseobacterium sp. POL2	d8fc127590fe20774b44435cd057e288	c6d369655d93652ebe447a11836523e72b1a446d7a8346700ed1d7e98666cbf8	940744	eligible	ASV_5e69b34e5f6181e6	5	3243462	GCF_011058315.1.fna.gz
GCF_010730195.1	44010	44010	Mycobacterium conspicuum	reference genome	Complete Genome	6237139	airway_prioritized	0	biological	https://ftp.ncbi.nlm.nih.gov/genomes/all/GCF/010/730/195/GCF_010730195.1_ASM1073019v1/GCF_010730195.1_ASM1073019v1_genomic.fna.gz	https://ftp.ncbi.nlm.nih.gov/genomes/all/GCF/010/730/195/GCF_010730195.1_ASM1073019v1/md5checksums.txt	Bacteria	Actinomycetota	Actinomycetes	Mycobacteriales	Mycobacteriaceae	Mycobacterium	Mycobacterium conspicuum	41689933e019cb5583cc069203f3c93f	8235d9ef74fa2fb750dfab548918f5752d06fcf97511f1e195bf35ccb9243f81	1787673	eligible	ASV_ab8eb36512eba0c7	1	6237139	GCF_010730195.1.fna.gz
GCF_027627555.1	53558	53558	Mycoplasmopsis edwardii	na	Complete Genome	831662	airway_prioritized	1	biological	https://ftp.ncbi.nlm.nih.gov/genomes/all/GCF/027/627/555/GCF_027627555.1_ASM2762755v1/GCF_027627555.1_ASM2762755v1_genomic.fna.gz	https://ftp.ncbi.nlm.nih.gov/genomes/all/GCF/027/627/555/GCF_027627555.1_ASM2762755v1/md5checksums.txt	Bacteria	Mycoplasmatota		Mycoplasmoidales	Metamycoplasmataceae	Mycoplasmopsis	Mycoplasmopsis edwardii	d82328188acd478944eb187c8fd841b7	5131bc5d9703e28bf37bb63321cace90325f7b611edc3d2077cd809dac768e13	234730	eligible	ASV_6f66a4137670c3ae	3	831662	GCF_027627555.1.fna.gz
GCF_009026825.1	2487892	2487892	Corynebacterium urogenitale	reference genome	Complete Genome	2351892	airway_prioritized	0	biological	https://ftp.ncbi.nlm.nih.gov/genomes/all/GCF/009/026/825/GCF_009026825.1_ASM902682v1/GCF_009026825.1_ASM902682v1_genomic.fna.gz	https://ftp.ncbi.nlm.nih.gov/genomes/all/GCF/009/026/825/GCF_009026825.1_ASM902682v1/md5checksums.txt	Bacteria	Actinomycetota	Actinomycetes	Mycobacteriales	Corynebacteriaceae	Corynebacterium	Corynebacterium urogenitale	3b9e43fe1057190db0e80f957d2ec657	cd93ac8a8ee5842134ed661588b81004ece87b1f987c9a8b9601a8c90901d8b2	698592	eligible	ASV_83910192d88e3026	3	2351892	GCF_009026825.1.fna.gz
GCF_024722375.1	292461	292461	Mycoplasma iguanae	reference genome	Complete Genome	688439	airway_prioritized	0	biological	https://ftp.ncbi.nlm.nih.gov/genomes/all/GCF/024/722/375/GCF_024722375.1_ASM2472237v1/GCF_024722375.1_ASM2472237v1_genomic.fna.gz	https://ftp.ncbi.nlm.nih.gov/genomes/all/GCF/024/722/375/GCF_024722375.1_ASM2472237v1/md5checksums.txt	Bacteria	Mycoplasmatota	Mollicutes	Mycoplasmatales	Mycoplasmataceae	Mycoplasma	Mycoplasma iguanae	0e328a6ebdd30cc2acf2bf39e4fe1e44	6b83509331e07cab5b834001774bc5904fdbf7cd12b864ab4aa5b29ed7fc905b	194037	eligible	ASV_8bbc4c9a41db9287	1	688439	GCF_024722375.1.fna.gz
GCF_030408375.1	144184	38286	Corynebacterium afermentans subsp. lipophilum	reference genome	Complete Genome	2353801	airway_prioritized	0	biological	https://ftp.ncbi.nlm.nih.gov/genomes/all/GCF/030/408/375/GCF_030408375.1_ASM3040837v1/GCF_030408375.1_ASM3040837v1_genomic.fna.gz	https://ftp.ncbi.nlm.nih.gov/genomes/all/GCF/030/408/375/GCF_030408375.1_ASM3040837v1/md5checksums.txt	Bacteria	Actinomycetota	Actinomycetes	Mycobacteriales	Corynebacteriaceae	Corynebacterium	Corynebacterium afermentans	34ccebedb1fd878c7ccfe156b9b99229	ca9c01d594da8b457665c52b1995ddeb62644e6b7b6c0a5cac4dc0dfc17f6a78	682638	eligible	ASV_43b2997d07bd29b3	4	2353801	GCF_030408375.1.fna.gz
GCF_029677705.1	1179777	1179777	Mycoplasma feriruminatoris	reference genome	Complete Genome	1020119	airway_prioritized	0	biological	https://ftp.ncbi.nlm.nih.gov/genomes/all/GCF/029/677/705/GCF_029677705.1_ASM2967770v1/GCF_029677705.1_ASM2967770v1_genomic.fna.gz	https://ftp.ncbi.nlm.nih.gov/genomes/all/GCF/029/677/705/GCF_029677705.1_ASM2967770v1/md5checksums.txt	Bacteria	Mycoplasmatota	Mollicutes	Mycoplasmatales	Mycoplasmataceae	Mycoplasma	Mycoplasma feriruminatoris	b25d028cb65697c2914745af2652dec2	a8c63dcd2a060ad335853adff98113af8be81acaacfc704bc013e929da77e515	279822	eligible	ASV_e5f0daaf122d066d	2	1020119	GCF_029677705.1.fna.gz
GCF_022557175.1	2908837	2908837	Mycolicibacterium sp. YH-1	na	Complete Genome	7267399	airway_prioritized	0	biological	https://ftp.ncbi.nlm.nih.gov/genomes/all/GCF/022/557/175/GCF_022557175.1_ASM2255717v1/GCF_022557175.1_ASM2255717v1_genomic.fna.gz	https://ftp.ncbi.nlm.nih.gov/genomes/all/GCF/022/557/175/GCF_022557175.1_ASM2255717v1/md5checksums.txt	Bacteria	Actinomycetota	Actinomycetes	Mycobacteriales	Mycobacteriaceae	Mycolicibacterium	Mycolicibacterium sp. YH-1	6999f8a87cf22a3b92ab06830ca226e9	b55c258502331ee3c29f33dd37a00ed1527ccc9c4523e192d50b44f6a624c026	2092233	eligible	ASV_98b703035b55d195	2	7267399	GCF_022557175.1.fna.gz
GCF_022811685.1	2929800	2929800	Chryseobacterium suipulveris	reference genome	Complete Genome	3037983	airway_prioritized	0	biological	https://ftp.ncbi.nlm.nih.gov/genomes/all/GCF/022/811/685/GCF_022811685.1_ASM2281168v1/GCF_022811685.1_ASM2281168v1_genomic.fna.gz	https://ftp.ncbi.nlm.nih.gov/genomes/all/GCF/022/811/685/GCF_022811685.1_ASM2281168v1/md5checksums.txt	Bacteria	Bacteroidota	Flavobacteriia	Flavobacteriales	Weeksellaceae	Chryseobacterium	Chryseobacterium suipulveris	61f8c9c979dba76fb20efe403136757b	87f42ba916e7c646ea160ed30e9ac23669bcb358607b88911e2df4702cf8e5b4	887371	eligible	ASV_b56d71debe5b7b48	2	3037983	GCF_022811685.1.fna.gz
GCF_000336465.1	1282356	200451	Pseudomonas poae RE*1-1-14	reference genome	Complete Genome	5512241	airway_prioritized	0	biological	https://ftp.ncbi.nlm.nih.gov/genomes/all/GCF/000/336/465/GCF_000336465.1_ASM33646v1/GCF_000336465.1_ASM33646v1_genomic.fna.gz	https://ftp.ncbi.nlm.nih.gov/genomes/all/GCF/000/336/465/GCF_000336465.1_ASM33646v1/md5checksums.txt	Bacteria	Pseudomonadota	Gammaproteobacteria	Pseudomonadales	Pseudomonadaceae	Pseudomonas	Pseudomonas poae	4e86535545f6ba23a52b23f00cb41eb3	3c98d9646f603dff54910d762bb78d01722cf5717f5e0bb5171048d730dd56a2	1611796	eligible	ASV_81c99f9a4d18e012	5	5512241	GCF_000336465.1.fna.gz
GCF_010918895.1	108981	108981	Acinetobacter schindleri	reference genome	Complete Genome	3337186	airway_prioritized	0	biological	https://ftp.ncbi.nlm.nih.gov/genomes/all/GCF/010/918/895/GCF_010918895.1_ASM1091889v1/GCF_010918895.1_ASM1091889v1_genomic.fna.gz	https://ftp.ncbi.nlm.nih.gov/genomes/all/GCF/010/918/895/GCF_010918895.1_ASM1091889v1/md5checksums.txt	Bacteria	Pseudomonadota	Gammaproteobacteria	Moraxellales	Moraxellaceae	Acinetobacter	Acinetobacter schindleri	6861917bb22f33dc96f0f5248699a916	7845c63fb2b731fb258ccf2bd15f630330f6e0d5f7e679016aaaa60aa5ba5cef	990234	eligible	ASV_a51c9305e69cee84	7	3337186	GCF_010918895.1.fna.gz
GCF_002080395.1	28898	28898	Campylobacter helveticus	reference genome	Complete Genome	1871495	airway_prioritized	0	biological	https://ftp.ncbi.nlm.nih.gov/genomes/all/GCF/002/080/395/GCF_002080395.1_ASM208039v1/GCF_002080395.1_ASM208039v1_genomic.fna.gz	https://ftp.ncbi.nlm.nih.gov/genomes/all/GCF/002/080/395/GCF_002080395.1_ASM208039v1/md5checksums.txt	Bacteria	Campylobacterota	Epsilonproteobacteria	Campylobacterales	Campylobacteraceae	Campylobacter	Campylobacter helveticus	b1a9025452e525859d9e02e0f440275b	1aa58c2369500c375b7a1659e2b648fb5baf676a787daf5b25f6ddbfdadbaede	534216	eligible	ASV_5feb69cdeb75893f	3	1871495	GCF_002080395.1.fna.gz
GCF_003852375.1	658642	658642	Pseudomonas sp. R4-34-07	na	Complete Genome	5924968	airway_prioritized	0	biological	https://ftp.ncbi.nlm.nih.gov/genomes/all/GCF/003/852/375/GCF_003852375.1_ASM385237v1/GCF_003852375.1_ASM385237v1_genomic.fna.gz	https://ftp.ncbi.nlm.nih.gov/genomes/all/GCF/003/852/375/GCF_003852375.1_ASM385237v1/md5checksums.txt	Bacteria	Pseudomonadota	Gammaproteobacteria	Pseudomonadales	Pseudomonadaceae	Pseudomonas	Pseudomonas sp. R4-34-07	bc079ff5b15a69e5375f3ae9c3c019f5	1ebe92c177e8d9f928a3a3a728b4c8a887f3960ad8433f494a1ca25cb3816d45	1737279	eligible	ASV_cd22401bdbeb6e51	6	5924968	GCF_003852375.1.fna.gz
GCF_056480345.1	3447212	3447212	Stenotrophomonas sp. 107298_Sma	na	Complete Genome	4756527	airway_prioritized	0	biological	https://ftp.ncbi.nlm.nih.gov/genomes/all/GCF/056/480/345/GCF_056480345.1_ASM5648034v1/GCF_056480345.1_ASM5648034v1_genomic.fna.gz	https://ftp.ncbi.nlm.nih.gov/genomes/all/GCF/056/480/345/GCF_056480345.1_ASM5648034v1/md5checksums.txt	Bacteria	Pseudomonadota	Gammaproteobacteria	Lysobacterales	Lysobacteraceae	Stenotrophomonas	Stenotrophomonas sp. 107298_Sma	a546c70f47c155ef5064d5c80eb0bbee	d87b31d4b9cf075895c5564ef094eae12da8c9e8ad81e96301a3a42175bca659	1357999	eligible	ASV_9d16b1c98e8ec271	4	4756527	GCF_056480345.1.fna.gz
